{"type": "FeatureCollection", "features": [{"type": "Feature", "geometry": {"bbox": [-83.373712, 42.38258, -83.353344, 42.39766000000001], "type": "Polygon", "coordinates": [[[-83.373712, 42.397285], [-83.363836, 42.397518], [-83.354048, 42.39766000000001], [-83.353708, 42.390419], [-83.353382, 42.383389], [-83.353344, 42.383047], [-83.363053, 42.382836], [-83.372943, 42.38258], [-83.372975, 42.382928], [-83.373262, 42.390018], [-83.373712, 42.397285]]]}, "properties": {"GEOID": "26163558000", "tract_name": "5580", "total_n_nonNAP": null, "achieved_n": null, "reconveyed_n": null, "closed_n": null, "reconveyance_rate_pct": null, "in_progress_n": null, "at_risk_n": null, "at_risk_pct": null, "tax_delinquent_pct": null, "median_days_to_compliance": null}}, {"type": "Feature", "geometry": {"bbox": [-83.394553, 42.411161, -83.374262, 42.426133], "type": "Polygon", "coordinates": [[[-83.394553, 42.425668], [-83.384735, 42.42589], [-83.374914, 42.426133], [-83.374624, 42.418881], [-83.374262, 42.411635], [-83.393898, 42.411161], [-83.393377, 42.412533], [-83.394061, 42.414928], [-83.394553, 42.425668]]]}, "properties": {"GEOID": "26163556700", "tract_name": "5567", "total_n_nonNAP": null, "achieved_n": null, "reconveyed_n": null, "closed_n": null, "reconveyance_rate_pct": null, "in_progress_n": null, "at_risk_n": null, "at_risk_pct": null, "tax_delinquent_pct": null, "median_days_to_compliance": null}}, {"type": "Feature", "geometry": {"bbox": [-83.42658300000001, 42.234168, -83.385971, 42.266591], "type": "Polygon", "coordinates": [[[-83.42658300000001, 42.265857], [-83.424126, 42.265714], [-83.416409, 42.266053], [-83.396763, 42.266437], [-83.388998, 42.266591], [-83.389736, 42.259136], [-83.390146, 42.255453], [-83.387415, 42.251993], [-83.386608, 42.251198], [-83.385971, 42.237611], [-83.395822, 42.237441], [-83.40582, 42.237587], [-83.415531, 42.237439], [-83.415458, 42.234168], [-83.424953, 42.235639], [-83.425415, 42.24934], [-83.425698, 42.256439], [-83.42653400000002, 42.265351], [-83.42658300000001, 42.265857]]]}, "properties": {"GEOID": "26163585800", "tract_name": "5858", "total_n_nonNAP": null, "achieved_n": null, "reconveyed_n": null, "closed_n": null, "reconveyance_rate_pct": null, "in_progress_n": null, "at_risk_n": null, "at_risk_pct": null, "tax_delinquent_pct": null, "median_days_to_compliance": null}}, {"type": "Feature", "geometry": {"bbox": [-83.268509, 42.42912, -83.258292, 42.443403], "type": "Polygon", "coordinates": [[[-83.268509, 42.443156], [-83.258867, 42.443403], [-83.258572, 42.436355], [-83.258292, 42.42912], [-83.267857, 42.42917], [-83.268156, 42.436251], [-83.26847, 42.442995], [-83.268509, 42.443156]]]}, "properties": {"GEOID": "26163541500", "tract_name": "5415", "total_n_nonNAP": 11, "achieved_n": 9, "reconveyed_n": 1, "closed_n": 10, "reconveyance_rate_pct": 10.0, "in_progress_n": 1, "at_risk_n": 1, "at_risk_pct": 100.0, "tax_delinquent_pct": 100.0, "median_days_to_compliance": 609}}, {"type": "Feature", "geometry": {"bbox": [-83.238866, 42.415183, -83.229214, 42.429823], "type": "Polygon", "coordinates": [[[-83.238866, 42.429572], [-83.229786, 42.429823], [-83.22966, 42.42666], [-83.229449, 42.42256900000001], [-83.229214, 42.415347], [-83.238206, 42.415183], [-83.238388, 42.419264], [-83.238526, 42.422367], [-83.238866, 42.429572]]]}, "properties": {"GEOID": "26163540600", "tract_name": "5406", "total_n_nonNAP": 39, "achieved_n": 31, "reconveyed_n": 3, "closed_n": 34, "reconveyance_rate_pct": 8.8, "in_progress_n": 5, "at_risk_n": 1, "at_risk_pct": 20.0, "tax_delinquent_pct": 60.0, "median_days_to_compliance": 681}}, {"type": "Feature", "geometry": {"bbox": [-83.167393, 42.329686, -83.147545, 42.351916], "type": "Polygon", "coordinates": [[[-83.167393, 42.351499], [-83.157525, 42.351716], [-83.152635, 42.351816], [-83.149623, 42.351877], [-83.147736, 42.351916], [-83.147545, 42.349918], [-83.148431, 42.344688], [-83.149788, 42.340295], [-83.150901, 42.33886900000001], [-83.15385000000002, 42.337382], [-83.156981, 42.33696100000001], [-83.156737, 42.329925], [-83.166456, 42.329686], [-83.166683, 42.335138], [-83.166838, 42.33873], [-83.167074, 42.344226], [-83.167393, 42.351499]]]}, "properties": {"GEOID": "26163573600", "tract_name": "5736", "total_n_nonNAP": null, "achieved_n": null, "reconveyed_n": null, "closed_n": null, "reconveyance_rate_pct": null, "in_progress_n": null, "at_risk_n": null, "at_risk_pct": null, "tax_delinquent_pct": null, "median_days_to_compliance": null}}, {"type": "Feature", "geometry": {"bbox": [-83.200635, 42.22085100000001, -83.180942, 42.228869], "type": "Polygon", "coordinates": [[[-83.200635, 42.228231], [-83.194516, 42.22848], [-83.181086, 42.228869], [-83.181483, 42.225337], [-83.181464, 42.223071], [-83.181011, 42.222903], [-83.180942, 42.221081], [-83.188401, 42.221085], [-83.194093, 42.221034], [-83.200389, 42.22085100000001], [-83.200474, 42.223354], [-83.200635, 42.228231]]]}, "properties": {"GEOID": "26163577900", "tract_name": "5779", "total_n_nonNAP": null, "achieved_n": null, "reconveyed_n": null, "closed_n": null, "reconveyance_rate_pct": null, "in_progress_n": null, "at_risk_n": null, "at_risk_pct": null, "tax_delinquent_pct": null, "median_days_to_compliance": null}}, {"type": "Feature", "geometry": {"bbox": [-83.427931, 42.287465, -83.407203, 42.302131], "type": "Polygon", "coordinates": [[[-83.427931, 42.300203], [-83.42468, 42.30026900000001], [-83.422628, 42.300145], [-83.420308, 42.30064], [-83.413694, 42.300779], [-83.413689, 42.302131], [-83.410048, 42.302057], [-83.407762, 42.301233], [-83.407493, 42.295049], [-83.407203, 42.287865], [-83.427436, 42.287465], [-83.42770500000002, 42.294586], [-83.427931, 42.300203]]]}, "properties": {"GEOID": "26163565700", "tract_name": "5657", "total_n_nonNAP": null, "achieved_n": null, "reconveyed_n": null, "closed_n": null, "reconveyance_rate_pct": null, "in_progress_n": null, "at_risk_n": null, "at_risk_pct": null, "tax_delinquent_pct": null, "median_days_to_compliance": null}}, {"type": "Feature", "geometry": {"bbox": [-83.170698, 42.416656, -83.160324, 42.431347], "type": "Polygon", "coordinates": [[[-83.170698, 42.431249], [-83.160984, 42.431347], [-83.160719, 42.424176], [-83.160324, 42.416932], [-83.170129, 42.416656], [-83.170438, 42.423993], [-83.170698, 42.431249]]]}, "properties": {"GEOID": "26163538700", "tract_name": "5387", "total_n_nonNAP": 36, "achieved_n": 32, "reconveyed_n": 2, "closed_n": 34, "reconveyance_rate_pct": 5.9, "in_progress_n": 2, "at_risk_n": 1, "at_risk_pct": 50.0, "tax_delinquent_pct": 100.0, "median_days_to_compliance": 449}}, {"type": "Feature", "geometry": {"bbox": [-83.078812, 42.432929, -83.057721, 42.440436], "type": "Polygon", "coordinates": [[[-83.078812, 42.440067], [-83.070639, 42.440207], [-83.063555, 42.440328], [-83.061363, 42.440371], [-83.058167, 42.440436], [-83.057885, 42.435811], [-83.057721, 42.433248], [-83.063117, 42.433129], [-83.070214, 42.432973000000004], [-83.073673, 42.432929], [-83.078812, 42.440067]]]}, "properties": {"GEOID": "26163506900", "tract_name": "5069", "total_n_nonNAP": 86, "achieved_n": 63, "reconveyed_n": 15, "closed_n": 78, "reconveyance_rate_pct": 19.2, "in_progress_n": 8, "at_risk_n": 2, "at_risk_pct": 25.0, "tax_delinquent_pct": 50.0, "median_days_to_compliance": 637}}, {"type": "Feature", "geometry": {"bbox": [-83.293572, 42.341028, -83.273124, 42.35127], "type": "Polygon", "coordinates": [[[-83.293572, 42.35127], [-83.291348, 42.35051], [-83.288404, 42.34748], [-83.284845, 42.347435], [-83.278509, 42.347874], [-83.273885, 42.346362], [-83.273439, 42.346192], [-83.273124, 42.341416], [-83.273582, 42.341408], [-83.28291700000001, 42.341217], [-83.292776, 42.341028], [-83.293572, 42.35127]]]}, "properties": {"GEOID": "26163572000", "tract_name": "5720", "total_n_nonNAP": null, "achieved_n": null, "reconveyed_n": null, "closed_n": null, "reconveyance_rate_pct": null, "in_progress_n": null, "at_risk_n": null, "at_risk_pct": null, "tax_delinquent_pct": null, "median_days_to_compliance": null}}, {"type": "Feature", "geometry": {"bbox": [-83.379406, 42.317506, -83.349945, 42.325125], "type": "Polygon", "coordinates": [[[-83.379406, 42.323276], [-83.374563, 42.324], [-83.374582, 42.32473], [-83.364841, 42.324924], [-83.350383, 42.325125], [-83.349945, 42.31802], [-83.364581, 42.317758], [-83.374393, 42.31750900000001], [-83.374926, 42.317506], [-83.37841, 42.318158], [-83.379406, 42.323276]]]}, "properties": {"GEOID": "26163569500", "tract_name": "5695", "total_n_nonNAP": null, "achieved_n": null, "reconveyed_n": null, "closed_n": null, "reconveyance_rate_pct": null, "in_progress_n": null, "at_risk_n": null, "at_risk_pct": null, "tax_delinquent_pct": null, "median_days_to_compliance": null}}, {"type": "Feature", "geometry": {"bbox": [-83.335186, 42.398143, -83.314963, 42.413211], "type": "Polygon", "coordinates": [[[-83.335186, 42.412606], [-83.32054, 42.412993], [-83.315606, 42.413211], [-83.314963, 42.398603], [-83.324743, 42.39835300000001], [-83.334504, 42.398143], [-83.334928, 42.406588], [-83.335186, 42.412606]]]}, "properties": {"GEOID": "26163557100", "tract_name": "5571", "total_n_nonNAP": null, "achieved_n": null, "reconveyed_n": null, "closed_n": null, "reconveyance_rate_pct": null, "in_progress_n": null, "at_risk_n": null, "at_risk_pct": null, "tax_delinquent_pct": null, "median_days_to_compliance": null}}, {"type": "Feature", "geometry": {"bbox": [-83.18517500000002, 42.409195, -83.169768, 42.416641], "type": "Polygon", "coordinates": [[[-83.18517500000002, 42.416525], [-83.184685, 42.416532], [-83.179806, 42.41659], [-83.172252, 42.41664], [-83.172061, 42.416641], [-83.170004, 42.414418], [-83.169768, 42.409535], [-83.179466, 42.409361000000004], [-83.184846, 42.409195], [-83.18517500000002, 42.416525]]]}, "properties": {"GEOID": "26163536900", "tract_name": "5369", "total_n_nonNAP": 18, "achieved_n": 15, "reconveyed_n": 0, "closed_n": 15, "reconveyance_rate_pct": 0.0, "in_progress_n": 3, "at_risk_n": 0, "at_risk_pct": 0.0, "tax_delinquent_pct": 33.3, "median_days_to_compliance": 756}}, {"type": "Feature", "geometry": {"bbox": [-82.974821, 42.404663, -82.963458, 42.420815], "type": "Polygon", "coordinates": [[[-82.974821, 42.420658], [-82.967527, 42.420747], [-82.963458, 42.420815], [-82.96495400000002, 42.418842], [-82.964859, 42.416666], [-82.964776, 42.414802], [-82.964589, 42.404663], [-82.971097, 42.414994], [-82.972228, 42.416761], [-82.974414, 42.42011], [-82.974821, 42.420658]]]}, "properties": {"GEOID": "26163504100", "tract_name": "5041", "total_n_nonNAP": 81, "achieved_n": 52, "reconveyed_n": 12, "closed_n": 64, "reconveyance_rate_pct": 18.8, "in_progress_n": 17, "at_risk_n": 8, "at_risk_pct": 47.1, "tax_delinquent_pct": 41.2, "median_days_to_compliance": 693.5}}, {"type": "Feature", "geometry": {"bbox": [-83.280612, 42.116322, -83.255794, 42.15356], "type": "Polygon", "coordinates": [[[-83.280567, 42.116373], [-83.275748, 42.123683], [-83.266366, 42.138089], [-83.266052, 42.138985], [-83.266362, 42.15256], [-83.256538, 42.15356], [-83.256318, 42.138271], [-83.256063, 42.131055], [-83.255794, 42.123786], [-83.265507, 42.123588], [-83.265396, 42.116494], [-83.280612, 42.116322], [-83.280567, 42.116373]]]}, "properties": {"GEOID": "26163591800", "tract_name": "5918", "total_n_nonNAP": null, "achieved_n": null, "reconveyed_n": null, "closed_n": null, "reconveyance_rate_pct": null, "in_progress_n": null, "at_risk_n": null, "at_risk_pct": null, "tax_delinquent_pct": null, "median_days_to_compliance": null}}, {"type": "Feature", "geometry": {"bbox": [-83.330932, 42.31664200000001, -83.311088, 42.326188], "type": "Polygon", "coordinates": [[[-83.330932, 42.325601], [-83.321326, 42.325884], [-83.311496, 42.326188], [-83.311164, 42.318902], [-83.311088, 42.317113], [-83.321029, 42.316879], [-83.330687, 42.31664200000001], [-83.330736, 42.31839], [-83.330932, 42.325601]]]}, "properties": {"GEOID": "26163569800", "tract_name": "5698", "total_n_nonNAP": null, "achieved_n": null, "reconveyed_n": null, "closed_n": null, "reconveyance_rate_pct": null, "in_progress_n": null, "at_risk_n": null, "at_risk_pct": null, "tax_delinquent_pct": null, "median_days_to_compliance": null}}, {"type": "Feature", "geometry": {"bbox": [-83.292776, 42.326585, -83.2724, 42.341416], "type": "Polygon", "coordinates": [[[-83.292776, 42.341028], [-83.28291700000001, 42.341217], [-83.273582, 42.341408], [-83.273124, 42.341416], [-83.272959, 42.337836], [-83.272786, 42.33422], [-83.2724, 42.327061], [-83.282209, 42.32679], [-83.287102, 42.326688], [-83.291997, 42.326585], [-83.292426, 42.333772], [-83.292776, 42.341028]]]}, "properties": {"GEOID": "26163572100", "tract_name": "5721", "total_n_nonNAP": null, "achieved_n": null, "reconveyed_n": null, "closed_n": null, "reconveyance_rate_pct": null, "in_progress_n": null, "at_risk_n": null, "at_risk_pct": null, "tax_delinquent_pct": null, "median_days_to_compliance": null}}, {"type": "Feature", "geometry": {"bbox": [-83.182973, 42.365688000000006, -83.167928, 42.37323], "type": "Polygon", "coordinates": [[[-83.182973, 42.372935], [-83.17677, 42.373058], [-83.173073, 42.373125], [-83.168155, 42.37323], [-83.168085, 42.371041], [-83.167928, 42.365998], [-83.172814, 42.365896], [-83.1765, 42.36581700000001], [-83.177724, 42.365793], [-83.182474, 42.365688000000006], [-83.182973, 42.372935]]]}, "properties": {"GEOID": "26163535100", "tract_name": "5351", "total_n_nonNAP": 74, "achieved_n": 49, "reconveyed_n": 13, "closed_n": 62, "reconveyance_rate_pct": 21.0, "in_progress_n": 12, "at_risk_n": 3, "at_risk_pct": 25.0, "tax_delinquent_pct": 25.0, "median_days_to_compliance": 682}}, {"type": "Feature", "geometry": {"bbox": [-82.960496, 42.416057, -82.93359400000001, 42.429101], "type": "Polygon", "coordinates": [[[-82.958859, 42.426931], [-82.95725200000001, 42.429101], [-82.953137, 42.427405], [-82.948908, 42.425676], [-82.945751, 42.424385], [-82.942786, 42.423174], [-82.938741, 42.421523], [-82.93359400000001, 42.419344], [-82.934355, 42.418834], [-82.93722800000002, 42.417333], [-82.939229, 42.416057], [-82.949022, 42.420032], [-82.960496, 42.424759], [-82.958859, 42.426931]]]}, "properties": {"GEOID": "26163500900", "tract_name": "5009", "total_n_nonNAP": 94, "achieved_n": 72, "reconveyed_n": 15, "closed_n": 87, "reconveyance_rate_pct": 17.2, "in_progress_n": 7, "at_risk_n": 2, "at_risk_pct": 28.6, "tax_delinquent_pct": 57.1, "median_days_to_compliance": 602}}, {"type": "Feature", "geometry": {"bbox": [-83.189317, 42.170374, -83.153632, 42.185416], "type": "Polygon", "coordinates": [[[-83.189317, 42.184896], [-83.179593, 42.185014], [-83.167525, 42.185203], [-83.15442, 42.185409], [-83.153632, 42.185416], [-83.16345, 42.173794], [-83.164756, 42.17085900000001], [-83.178967, 42.170566], [-83.188714, 42.170374], [-83.188953, 42.177651], [-83.189317, 42.184896]]]}, "properties": {"GEOID": "26163595000", "tract_name": "5950", "total_n_nonNAP": null, "achieved_n": null, "reconveyed_n": null, "closed_n": null, "reconveyance_rate_pct": null, "in_progress_n": null, "at_risk_n": null, "at_risk_pct": null, "tax_delinquent_pct": null, "median_days_to_compliance": null}}, {"type": "Feature", "geometry": {"bbox": [-83.185235, 42.250117, -83.167264, 42.264836], "type": "Polygon", "coordinates": [[[-83.179541, 42.259306], [-83.176382, 42.262651], [-83.171271, 42.264836], [-83.169907, 42.264577], [-83.168519, 42.264187], [-83.167264, 42.262281], [-83.172445, 42.256055], [-83.17729700000001, 42.250117], [-83.185235, 42.252466], [-83.179541, 42.259306]]]}, "properties": {"GEOID": "26163577100", "tract_name": "5771", "total_n_nonNAP": null, "achieved_n": null, "reconveyed_n": null, "closed_n": null, "reconveyance_rate_pct": null, "in_progress_n": null, "at_risk_n": null, "at_risk_pct": null, "tax_delinquent_pct": null, "median_days_to_compliance": null}}, {"type": "Feature", "geometry": {"bbox": [-83.117631, 42.363957, -83.104635, 42.373471], "type": "Polygon", "coordinates": [[[-83.114358, 42.37138], [-83.108798, 42.373471], [-83.108507, 42.373031], [-83.104635, 42.367284], [-83.110161, 42.365184], [-83.113428, 42.363957], [-83.117631, 42.37015], [-83.114358, 42.37138]]]}, "properties": {"GEOID": "26163533200", "tract_name": "5332", "total_n_nonNAP": 186, "achieved_n": 100, "reconveyed_n": 51, "closed_n": 151, "reconveyance_rate_pct": 33.8, "in_progress_n": 35, "at_risk_n": 6, "at_risk_pct": 17.1, "tax_delinquent_pct": 51.4, "median_days_to_compliance": 728.5}}, {"type": "Feature", "geometry": {"bbox": [-82.977696, 42.435077, -82.95577600000001, 42.442863], "type": "Polygon", "coordinates": [[[-82.977696, 42.435077], [-82.972807, 42.44250100000001], [-82.965755, 42.442677], [-82.956002, 42.442863], [-82.95577600000001, 42.43558], [-82.962031, 42.435521], [-82.965472, 42.435423], [-82.97528, 42.435133], [-82.977696, 42.435077]]]}, "properties": {"GEOID": "26163500300", "tract_name": "5003", "total_n_nonNAP": 181, "achieved_n": 99, "reconveyed_n": 37, "closed_n": 136, "reconveyance_rate_pct": 27.2, "in_progress_n": 45, "at_risk_n": 15, "at_risk_pct": 33.3, "tax_delinquent_pct": 46.7, "median_days_to_compliance": 649}}, {"type": "Feature", "geometry": {"bbox": [-83.216206, 42.111915, -83.195413, 42.133965], "type": "Polygon", "coordinates": [[[-83.216206, 42.128654], [-83.215598, 42.128686], [-83.215607, 42.13320900000001], [-83.21152, 42.133285], [-83.205396, 42.133816], [-83.202469, 42.13343], [-83.199633, 42.13347], [-83.196895, 42.133945], [-83.195413, 42.133965], [-83.201753, 42.126701], [-83.210224, 42.11653], [-83.214397, 42.111941], [-83.215514, 42.111915], [-83.215967, 42.126408], [-83.216206, 42.128654]]]}, "properties": {"GEOID": "26163594500", "tract_name": "5945", "total_n_nonNAP": null, "achieved_n": null, "reconveyed_n": null, "closed_n": null, "reconveyance_rate_pct": null, "in_progress_n": null, "at_risk_n": null, "at_risk_pct": null, "tax_delinquent_pct": null, "median_days_to_compliance": null}}, {"type": "Feature", "geometry": {"bbox": [-83.125108, 42.376273, -83.112799, 42.38448], "type": "Polygon", "coordinates": [[[-83.125108, 42.381181], [-83.116209, 42.38448], [-83.114503, 42.382062], [-83.112799, 42.37961], [-83.121787, 42.376273], [-83.122254, 42.37696], [-83.123448, 42.37872500000001], [-83.124986, 42.381001], [-83.125108, 42.381181]]]}, "properties": {"GEOID": "26163531400", "tract_name": "5314", "total_n_nonNAP": 74, "achieved_n": 49, "reconveyed_n": 13, "closed_n": 62, "reconveyance_rate_pct": 21.0, "in_progress_n": 12, "at_risk_n": 3, "at_risk_pct": 25.0, "tax_delinquent_pct": 50.0, "median_days_to_compliance": 676}}, {"type": "Feature", "geometry": {"bbox": [-83.315606, 42.398603, -83.295883, 42.413999], "type": "Polygon", "coordinates": [[[-83.315606, 42.413211], [-83.306192, 42.413595], [-83.296471, 42.413999], [-83.296176, 42.406438], [-83.295883, 42.399578], [-83.30549, 42.399109], [-83.314963, 42.398603], [-83.315606, 42.413211]]]}, "properties": {"GEOID": "26163554600", "tract_name": "5546", "total_n_nonNAP": null, "achieved_n": null, "reconveyed_n": null, "closed_n": null, "reconveyance_rate_pct": null, "in_progress_n": null, "at_risk_n": null, "at_risk_pct": null, "tax_delinquent_pct": null, "median_days_to_compliance": null}}, {"type": "Feature", "geometry": {"bbox": [-83.059842, 42.393694, -83.04859, 42.402435], "type": "Polygon", "coordinates": [[[-83.059842, 42.399806], [-83.056316, 42.401095], [-83.052675, 42.402435], [-83.05087100000001, 42.399754], [-83.04859, 42.396383], [-83.05197, 42.395126], [-83.055787, 42.393694], [-83.058028, 42.397112], [-83.059842, 42.399806]]]}, "properties": {"GEOID": "26163552300", "tract_name": "5523", "total_n_nonNAP": null, "achieved_n": null, "reconveyed_n": null, "closed_n": null, "reconveyance_rate_pct": null, "in_progress_n": null, "at_risk_n": null, "at_risk_pct": null, "tax_delinquent_pct": null, "median_days_to_compliance": null}}, {"type": "Feature", "geometry": {"bbox": [-82.914935, 42.393791, -82.892015, 42.417117], "type": "Polygon", "coordinates": [[[-82.912557, 42.41239000000001], [-82.91093300000001, 42.416099], [-82.910651, 42.417117], [-82.906801, 42.415491], [-82.900165, 42.412785], [-82.892015, 42.409423], [-82.899327, 42.399552], [-82.90205800000001, 42.39595], [-82.905993, 42.393791], [-82.910108, 42.400073], [-82.912191, 42.40329100000001], [-82.914935, 42.407266], [-82.912557, 42.41239000000001]]]}, "properties": {"GEOID": "26163550700", "tract_name": "5507", "total_n_nonNAP": null, "achieved_n": null, "reconveyed_n": null, "closed_n": null, "reconveyance_rate_pct": null, "in_progress_n": null, "at_risk_n": null, "at_risk_pct": null, "tax_delinquent_pct": null, "median_days_to_compliance": null}}, {"type": "Feature", "geometry": {"bbox": [-83.104078, 42.311316000000005, -83.091092, 42.323161], "type": "Polygon", "coordinates": [[[-83.104078, 42.320932], [-83.097907, 42.323161], [-83.095838, 42.320274], [-83.093131, 42.316495], [-83.091092, 42.313672], [-83.097156, 42.311316000000005], [-83.099074, 42.313984], [-83.101832, 42.317819], [-83.104078, 42.320932]]]}, "properties": {"GEOID": "26163523300", "tract_name": "5233", "total_n_nonNAP": 11, "achieved_n": 9, "reconveyed_n": 2, "closed_n": 11, "reconveyance_rate_pct": 18.2, "in_progress_n": 0, "at_risk_n": 0, "at_risk_pct": null, "tax_delinquent_pct": null, "median_days_to_compliance": 1023}}, {"type": "Feature", "geometry": {"bbox": [-83.246968, 42.343005, -83.235387, 42.357573], "type": "Polygon", "coordinates": [[[-83.24688, 42.357364], [-83.24081, 42.357477], [-83.235953, 42.357573], [-83.235652, 42.350334], [-83.235387, 42.343126], [-83.237846, 42.343086], [-83.242505, 42.343005], [-83.242714, 42.343443], [-83.24475000000001, 42.350163], [-83.24664, 42.350123], [-83.246968, 42.357363], [-83.24688, 42.357364]]]}, "properties": {"GEOID": "26163546100", "tract_name": "5461", "total_n_nonNAP": 96, "achieved_n": 80, "reconveyed_n": 9, "closed_n": 89, "reconveyance_rate_pct": 10.1, "in_progress_n": 7, "at_risk_n": 1, "at_risk_pct": 14.3, "tax_delinquent_pct": 28.6, "median_days_to_compliance": 450.5}}, {"type": "Feature", "geometry": {"bbox": [-83.216265, 42.34337, -83.196288, 42.35089], "type": "Polygon", "coordinates": [[[-83.216265, 42.350619], [-83.209531, 42.350703], [-83.203959, 42.35078300000001], [-83.196609, 42.35089], [-83.196288, 42.343665], [-83.202402, 42.343586], [-83.203642, 42.34357], [-83.209241, 42.343482], [-83.209795, 42.343473], [-83.216045, 42.34337], [-83.216265, 42.350619]]]}, "properties": {"GEOID": "26163545500", "tract_name": "5455", "total_n_nonNAP": 83, "achieved_n": 66, "reconveyed_n": 5, "closed_n": 71, "reconveyance_rate_pct": 7.0, "in_progress_n": 12, "at_risk_n": 1, "at_risk_pct": 8.3, "tax_delinquent_pct": 58.3, "median_days_to_compliance": 476.0}}, {"type": "Feature", "geometry": {"bbox": [-83.2672, 42.40024, -83.25683300000001, 42.414801], "type": "Polygon", "coordinates": [[[-83.2672, 42.41243300000001], [-83.265706, 42.413438], [-83.26632, 42.414727], [-83.264795, 42.414801], [-83.262283, 42.414744], [-83.257478, 42.414736], [-83.257118, 42.407468], [-83.25683300000001, 42.40029], [-83.261758, 42.40026], [-83.264371, 42.40025], [-83.266676, 42.40024], [-83.2672, 42.41243300000001]]]}, "properties": {"GEOID": "26163544200", "tract_name": "5442", "total_n_nonNAP": 188, "achieved_n": 117, "reconveyed_n": 33, "closed_n": 150, "reconveyance_rate_pct": 22.0, "in_progress_n": 38, "at_risk_n": 15, "at_risk_pct": 39.5, "tax_delinquent_pct": 63.2, "median_days_to_compliance": 644}}, {"type": "Feature", "geometry": {"bbox": [-83.007463, 42.347158, -82.994025, 42.358909], "type": "Polygon", "coordinates": [[[-83.007463, 42.355604], [-82.998603, 42.358909], [-82.994911, 42.353726], [-82.994025, 42.35195300000001], [-82.994326, 42.351757], [-83.00042, 42.347868], [-83.002079, 42.347158], [-83.00291800000001, 42.348658], [-83.004024, 42.350393], [-83.007463, 42.355604]]]}, "properties": {"GEOID": "26163515300", "tract_name": "5153", "total_n_nonNAP": 7, "achieved_n": 4, "reconveyed_n": 3, "closed_n": 7, "reconveyance_rate_pct": 42.9, "in_progress_n": 0, "at_risk_n": 0, "at_risk_pct": null, "tax_delinquent_pct": null, "median_days_to_compliance": 870.5}}, {"type": "Feature", "geometry": {"bbox": [-83.489157, 42.336584, -83.46908400000001, 42.3515], "type": "Polygon", "coordinates": [[[-83.489157, 42.350944], [-83.48877, 42.350973], [-83.478996, 42.351235], [-83.46908400000001, 42.3515], [-83.469551, 42.346782], [-83.46939, 42.343511], [-83.469093, 42.336754], [-83.478875, 42.336742], [-83.488672, 42.336584], [-83.488522, 42.339746], [-83.48799, 42.340684], [-83.48883800000002, 42.341726], [-83.489157, 42.350944]]]}, "properties": {"GEOID": "26163563400", "tract_name": "5634", "total_n_nonNAP": null, "achieved_n": null, "reconveyed_n": null, "closed_n": null, "reconveyance_rate_pct": null, "in_progress_n": null, "at_risk_n": null, "at_risk_pct": null, "tax_delinquent_pct": null, "median_days_to_compliance": null}}, {"type": "Feature", "geometry": {"bbox": [-83.218712, 42.408332, -83.199017, 42.415983], "type": "Polygon", "coordinates": [[[-83.218712, 42.415553], [-83.209034, 42.415763], [-83.206882, 42.415807], [-83.199316, 42.415983], [-83.199017, 42.408753000000004], [-83.20875, 42.408542], [-83.218532, 42.408332], [-83.218637, 42.410122], [-83.218712, 42.415553]]]}, "properties": {"GEOID": "26163542100", "tract_name": "5421", "total_n_nonNAP": 46, "achieved_n": 44, "reconveyed_n": 2, "closed_n": 46, "reconveyance_rate_pct": 4.3, "in_progress_n": 0, "at_risk_n": 0, "at_risk_pct": null, "tax_delinquent_pct": null, "median_days_to_compliance": 324}}, {"type": "Feature", "geometry": {"bbox": [-83.131157, 42.2569955908216, -83.0998889046341, 42.290186], "type": "Polygon", "coordinates": [[[-83.129791, 42.264783], [-83.125853, 42.269151], [-83.123601, 42.271612], [-83.12583, 42.272765], [-83.126875, 42.276801], [-83.13063600000001, 42.278443], [-83.12879, 42.280791], [-83.121971, 42.279435], [-83.118373, 42.279187], [-83.117839, 42.28116300000001], [-83.118937, 42.282975], [-83.119954, 42.287554], [-83.119326, 42.289057], [-83.116624, 42.290186], [-83.114705, 42.290177], [-83.111144, 42.289474], [-83.109225, 42.289225], [-83.103666, 42.287922], [-83.0998889046341, 42.2866531362876], [-83.108412, 42.269917], [-83.11203, 42.260587], [-83.1143510139768, 42.2569955908216], [-83.118063, 42.259335], [-83.12784, 42.263975], [-83.128796, 42.262842], [-83.131157, 42.263155], [-83.129791, 42.264783]]]}, "properties": {"GEOID": "26163985600", "tract_name": "9856", "total_n_nonNAP": null, "achieved_n": null, "reconveyed_n": null, "closed_n": null, "reconveyance_rate_pct": null, "in_progress_n": null, "at_risk_n": null, "at_risk_pct": null, "tax_delinquent_pct": null, "median_days_to_compliance": null}}, {"type": "Feature", "geometry": {"bbox": [-83.141751, 42.431606, -83.114981, 42.439049], "type": "Polygon", "coordinates": [[[-83.141751, 42.438836], [-83.136315, 42.438957], [-83.135206, 42.438982], [-83.13409400000002, 42.439049], [-83.133902, 42.43760700000001], [-83.119085, 42.438133], [-83.114981, 42.432133], [-83.125931, 42.431819], [-83.131634, 42.431748], [-83.132335, 42.431739], [-83.141503, 42.431606], [-83.141637, 42.435335], [-83.141751, 42.438836]]]}, "properties": {"GEOID": "26163538200", "tract_name": "5382", "total_n_nonNAP": null, "achieved_n": null, "reconveyed_n": null, "closed_n": null, "reconveyance_rate_pct": null, "in_progress_n": null, "at_risk_n": null, "at_risk_pct": null, "tax_delinquent_pct": null, "median_days_to_compliance": null}}, {"type": "Feature", "geometry": {"bbox": [-83.137789, 42.335154, -83.124856, 42.344961], "type": "Polygon", "coordinates": [[[-83.137789, 42.344927], [-83.136171, 42.344961], [-83.130381, 42.344638], [-83.127399, 42.340829], [-83.124856, 42.337325], [-83.13031, 42.335154], [-83.132965, 42.338622], [-83.137086, 42.344047], [-83.137789, 42.344927]]]}, "properties": {"GEOID": "26163526400", "tract_name": "5264", "total_n_nonNAP": 16, "achieved_n": 15, "reconveyed_n": 0, "closed_n": 15, "reconveyance_rate_pct": 0.0, "in_progress_n": 1, "at_risk_n": 0, "at_risk_pct": 0.0, "tax_delinquent_pct": 0.0, "median_days_to_compliance": 371}}, {"type": "Feature", "geometry": {"bbox": [-83.172325, 42.229267, -83.155671, 42.247286], "type": "Polygon", "coordinates": [[[-83.172325, 42.240176], [-83.170043, 42.242354], [-83.167347, 42.247286], [-83.159522, 42.245019], [-83.15905200000002, 42.243155], [-83.160493, 42.239454], [-83.16124, 42.237234], [-83.160933, 42.23623], [-83.155671, 42.234233], [-83.159282, 42.234382], [-83.160789, 42.234215], [-83.162758, 42.232806], [-83.16484, 42.229292], [-83.166863, 42.229267], [-83.170092, 42.23572], [-83.172325, 42.240176]]]}, "properties": {"GEOID": "26163577600", "tract_name": "5776", "total_n_nonNAP": null, "achieved_n": null, "reconveyed_n": null, "closed_n": null, "reconveyance_rate_pct": null, "in_progress_n": null, "at_risk_n": null, "at_risk_pct": null, "tax_delinquent_pct": null, "median_days_to_compliance": null}}, {"type": "Feature", "geometry": {"bbox": [-83.267242, 42.167309, -83.243351, 42.183963], "type": "Polygon", "coordinates": [[[-83.267242, 42.183466], [-83.257464, 42.183674], [-83.244034, 42.183963], [-83.243612, 42.179131], [-83.243351, 42.170547], [-83.246725, 42.170166], [-83.249838, 42.16883], [-83.256806, 42.168222], [-83.26675, 42.167309], [-83.267242, 42.183466]]]}, "properties": {"GEOID": "26163591501", "tract_name": "5915.01", "total_n_nonNAP": null, "achieved_n": null, "reconveyed_n": null, "closed_n": null, "reconveyance_rate_pct": null, "in_progress_n": null, "at_risk_n": null, "at_risk_pct": null, "tax_delinquent_pct": null, "median_days_to_compliance": null}}, {"type": "Feature", "geometry": {"bbox": [-83.242536, 42.124355, -83.231003, 42.155111], "type": "Polygon", "coordinates": [[[-83.242536, 42.154556], [-83.237147, 42.155034], [-83.231898, 42.155111], [-83.231374, 42.140072], [-83.231003, 42.129953], [-83.232507, 42.126986], [-83.237164, 42.124715], [-83.241477, 42.124355], [-83.24174, 42.13878], [-83.242536, 42.154556]]]}, "properties": {"GEOID": "26163982101", "tract_name": "9821.01", "total_n_nonNAP": null, "achieved_n": null, "reconveyed_n": null, "closed_n": null, "reconveyance_rate_pct": null, "in_progress_n": null, "at_risk_n": null, "at_risk_pct": null, "tax_delinquent_pct": null, "median_days_to_compliance": null}}, {"type": "Feature", "geometry": {"bbox": [-83.204162, 42.314511, -83.194929, 42.32919], "type": "Polygon", "coordinates": [[[-83.204162, 42.329025], [-83.195801, 42.329185], [-83.195592, 42.32919], [-83.19540300000001, 42.32455], [-83.195297, 42.322165], [-83.195052, 42.316855], [-83.194929, 42.316427], [-83.202432, 42.314511], [-83.203855, 42.321846], [-83.204162, 42.329025]]]}, "properties": {"GEOID": "26163574301", "tract_name": "5743.01", "total_n_nonNAP": null, "achieved_n": null, "reconveyed_n": null, "closed_n": null, "reconveyance_rate_pct": null, "in_progress_n": null, "at_risk_n": null, "at_risk_pct": null, "tax_delinquent_pct": null, "median_days_to_compliance": null}}, {"type": "Feature", "geometry": {"bbox": [-83.400238, 42.338564, -83.384972, 42.35207], "type": "Polygon", "coordinates": [[[-83.400238, 42.338564], [-83.399684, 42.339223], [-83.396712, 42.34106], [-83.398904, 42.343761], [-83.398903, 42.344548], [-83.398746, 42.347051], [-83.398016, 42.348153], [-83.391668, 42.348929], [-83.392983, 42.350757], [-83.391785, 42.35207], [-83.386079, 42.351839], [-83.38583, 42.350748], [-83.385654, 42.34933], [-83.385311, 42.345244], [-83.385221, 42.343657], [-83.384972, 42.338933], [-83.389766, 42.338832], [-83.399808, 42.338623], [-83.400238, 42.338564]]]}, "properties": {"GEOID": "26163565301", "tract_name": "5653.01", "total_n_nonNAP": null, "achieved_n": null, "reconveyed_n": null, "closed_n": null, "reconveyance_rate_pct": null, "in_progress_n": null, "at_risk_n": null, "at_risk_pct": null, "tax_delinquent_pct": null, "median_days_to_compliance": null}}, {"type": "Feature", "geometry": {"bbox": [-83.023713, 42.386277, -82.987766, 42.419681], "type": "Polygon", "coordinates": [[[-83.023713, 42.419506], [-83.019453, 42.419559], [-83.013717, 42.419681], [-83.011331, 42.417298], [-83.00738, 42.412725], [-82.997504, 42.404909], [-82.997245, 42.40471], [-82.994762, 42.402745], [-82.989321, 42.397179], [-82.987766, 42.396638], [-82.988185, 42.396326], [-82.992398, 42.393465], [-82.995926, 42.392393], [-83.003352, 42.392073], [-83.006248, 42.391544], [-83.008292, 42.390947000000004], [-83.020176, 42.386277], [-83.022395, 42.389468], [-83.022681, 42.393224], [-83.02269, 42.393428], [-83.023, 42.40095300000001], [-83.023713, 42.419506]]]}, "properties": {"GEOID": "26163505700", "tract_name": "5057", "total_n_nonNAP": 224, "achieved_n": 116, "reconveyed_n": 35, "closed_n": 151, "reconveyance_rate_pct": 23.2, "in_progress_n": 73, "at_risk_n": 29, "at_risk_pct": 39.7, "tax_delinquent_pct": 64.4, "median_days_to_compliance": 624.0}}, {"type": "Feature", "geometry": {"bbox": [-83.109434, 42.32734, -83.086101, 42.350137000000004], "type": "Polygon", "coordinates": [[[-83.109434, 42.346607], [-83.098991, 42.350137000000004], [-83.098193, 42.349128], [-83.09464, 42.343135], [-83.090548, 42.336304], [-83.08774, 42.333766], [-83.086491, 42.330169], [-83.086576, 42.329493], [-83.086101, 42.328136], [-83.092487, 42.32734], [-83.096715, 42.333796], [-83.099587, 42.333407], [-83.100564, 42.334557], [-83.101653, 42.33583500000001], [-83.103753, 42.338977], [-83.109434, 42.346607]]]}, "properties": {"GEOID": "26163522800", "tract_name": "5228", "total_n_nonNAP": 43, "achieved_n": 29, "reconveyed_n": 4, "closed_n": 33, "reconveyance_rate_pct": 12.1, "in_progress_n": 10, "at_risk_n": 2, "at_risk_pct": 20.0, "tax_delinquent_pct": 50.0, "median_days_to_compliance": 886}}, {"type": "Feature", "geometry": {"bbox": [-82.999297, 42.355379, -82.970611, 42.372046], "type": "Polygon", "coordinates": [[[-82.99412, 42.372046], [-82.989499, 42.365637], [-82.981675, 42.368667], [-82.973625, 42.371581000000006], [-82.970611, 42.366982], [-82.978884, 42.363058], [-82.984589, 42.358817], [-82.988993, 42.355379], [-82.993108, 42.361087], [-82.999297, 42.36971400000001], [-82.99412, 42.372046]]]}, "properties": {"GEOID": "26163513800", "tract_name": "5138", "total_n_nonNAP": 47, "achieved_n": 28, "reconveyed_n": 12, "closed_n": 40, "reconveyance_rate_pct": 30.0, "in_progress_n": 7, "at_risk_n": 1, "at_risk_pct": 14.3, "tax_delinquent_pct": 28.6, "median_days_to_compliance": 618.0}}, {"type": "Feature", "geometry": {"bbox": [-83.441138, 42.256439, -83.425698, 42.271163], "type": "Polygon", "coordinates": [[[-83.441138, 42.268729], [-83.42679, 42.271163], [-83.42658300000001, 42.265857], [-83.42653400000002, 42.265351], [-83.425698, 42.256439], [-83.440603, 42.256532], [-83.440986, 42.264919], [-83.441138, 42.268729]]]}, "properties": {"GEOID": "26163983200", "tract_name": "9832", "total_n_nonNAP": null, "achieved_n": null, "reconveyed_n": null, "closed_n": null, "reconveyance_rate_pct": null, "in_progress_n": null, "at_risk_n": null, "at_risk_pct": null, "tax_delinquent_pct": null, "median_days_to_compliance": null}}, {"type": "Feature", "geometry": {"bbox": [-83.185566, 42.12744, -83.175146, 42.136731], "type": "Polygon", "coordinates": [[[-83.185415, 42.130112], [-83.182922, 42.136731], [-83.180208, 42.136508], [-83.175146, 42.136244000000005], [-83.175435, 42.1318], [-83.17687, 42.12744], [-83.185566, 42.127939], [-83.185415, 42.130112]]]}, "properties": {"GEOID": "26163982302", "tract_name": "9823.02", "total_n_nonNAP": null, "achieved_n": null, "reconveyed_n": null, "closed_n": null, "reconveyance_rate_pct": null, "in_progress_n": null, "at_risk_n": null, "at_risk_pct": null, "tax_delinquent_pct": null, "median_days_to_compliance": null}}, {"type": "Feature", "geometry": {"bbox": [-83.544153, 42.218757, -83.503809, 42.233544], "type": "Polygon", "coordinates": [[[-83.544153, 42.232029], [-83.542637, 42.229273], [-83.535744, 42.223403], [-83.535122, 42.223152000000006], [-83.528362, 42.22336], [-83.528341, 42.228924], [-83.509058, 42.229403], [-83.509042, 42.233393], [-83.504035, 42.233544], [-83.503809, 42.219419], [-83.508538, 42.219329], [-83.523299, 42.219061], [-83.543583, 42.218757], [-83.544153, 42.232029]]]}, "properties": {"GEOID": "26163986501", "tract_name": "9865.01", "total_n_nonNAP": null, "achieved_n": null, "reconveyed_n": null, "closed_n": null, "reconveyance_rate_pct": null, "in_progress_n": null, "at_risk_n": null, "at_risk_pct": null, "tax_delinquent_pct": null, "median_days_to_compliance": null}}, {"type": "Feature", "geometry": {"bbox": [-83.258572, 42.42912, -83.238866, 42.436772], "type": "Polygon", "coordinates": [[[-83.258572, 42.436355], [-83.250119, 42.436543], [-83.244484, 42.436651], [-83.239136, 42.436772], [-83.238994, 42.433172], [-83.238866, 42.429572], [-83.24426, 42.429442], [-83.249824, 42.429309], [-83.258292, 42.42912], [-83.258572, 42.436355]]]}, "properties": {"GEOID": "26163541000", "tract_name": "5410", "total_n_nonNAP": 34, "achieved_n": 21, "reconveyed_n": 8, "closed_n": 29, "reconveyance_rate_pct": 27.6, "in_progress_n": 5, "at_risk_n": 1, "at_risk_pct": 20.0, "tax_delinquent_pct": 60.0, "median_days_to_compliance": 456}}, {"type": "Feature", "geometry": {"bbox": [-83.229786, 42.415347, -83.218712, 42.43002], "type": "Polygon", "coordinates": [[[-83.229786, 42.429823], [-83.227774, 42.429864], [-83.219233, 42.43002], [-83.218958, 42.422785], [-83.218712, 42.415553], [-83.218895, 42.415548], [-83.229214, 42.415347], [-83.229449, 42.42256900000001], [-83.22966, 42.42666], [-83.229786, 42.429823]]]}, "properties": {"GEOID": "26163540500", "tract_name": "5405", "total_n_nonNAP": 24, "achieved_n": 21, "reconveyed_n": 2, "closed_n": 23, "reconveyance_rate_pct": 8.7, "in_progress_n": 1, "at_risk_n": 1, "at_risk_pct": 100.0, "tax_delinquent_pct": 100.0, "median_days_to_compliance": 442}}, {"type": "Feature", "geometry": {"bbox": [-83.094654, 42.418235, -83.08225, 42.432901], "type": "Polygon", "coordinates": [[[-83.094654, 42.432484], [-83.082894, 42.432901], [-83.08254400000001, 42.42534], [-83.082457, 42.423301], [-83.08225, 42.418432], [-83.08775, 42.418235], [-83.093184, 42.424915], [-83.094056, 42.426681], [-83.094654, 42.432484]]]}, "properties": {"GEOID": "26163507300", "tract_name": "5073", "total_n_nonNAP": 212, "achieved_n": 123, "reconveyed_n": 33, "closed_n": 156, "reconveyance_rate_pct": 21.2, "in_progress_n": 56, "at_risk_n": 22, "at_risk_pct": 39.3, "tax_delinquent_pct": 64.3, "median_days_to_compliance": 701}}, {"type": "Feature", "geometry": {"bbox": [-83.313839, 42.362542, -83.294642, 42.377934], "type": "Polygon", "coordinates": [[[-83.313839, 42.377114], [-83.295138, 42.377934], [-83.295035, 42.373807], [-83.294905, 42.370791], [-83.294642, 42.363569], [-83.304244, 42.363073], [-83.312067, 42.362684], [-83.313154, 42.362542], [-83.313492, 42.369892], [-83.313839, 42.377114]]]}, "properties": {"GEOID": "26163555100", "tract_name": "5551", "total_n_nonNAP": null, "achieved_n": null, "reconveyed_n": null, "closed_n": null, "reconveyance_rate_pct": null, "in_progress_n": null, "at_risk_n": null, "at_risk_pct": null, "tax_delinquent_pct": null, "median_days_to_compliance": null}}, {"type": "Feature", "geometry": {"bbox": [-83.082894, 42.423301, -83.067153, 42.432929], "type": "Polygon", "coordinates": [[[-83.082894, 42.432901], [-83.073673, 42.432929], [-83.068614, 42.425834], [-83.067153, 42.423789], [-83.068061, 42.423466], [-83.082457, 42.423301], [-83.08254400000001, 42.42534], [-83.082894, 42.432901]]]}, "properties": {"GEOID": "26163507100", "tract_name": "5071", "total_n_nonNAP": 147, "achieved_n": 98, "reconveyed_n": 23, "closed_n": 121, "reconveyance_rate_pct": 19.0, "in_progress_n": 26, "at_risk_n": 6, "at_risk_pct": 23.1, "tax_delinquent_pct": 65.4, "median_days_to_compliance": 531.0}}, {"type": "Feature", "geometry": {"bbox": [-83.228256, 42.242185, -83.206533, 42.260938], "type": "Polygon", "coordinates": [[[-83.228256, 42.242185], [-83.220265, 42.251812], [-83.21617, 42.256764], [-83.212736, 42.260938], [-83.206533, 42.258969], [-83.212689, 42.24814800000001], [-83.21355400000002, 42.246584], [-83.213321, 42.24262], [-83.21682, 42.242508], [-83.221459, 42.242307], [-83.222044, 42.242297], [-83.228256, 42.242185]]]}, "properties": {"GEOID": "26163576400", "tract_name": "5764", "total_n_nonNAP": null, "achieved_n": null, "reconveyed_n": null, "closed_n": null, "reconveyance_rate_pct": null, "in_progress_n": null, "at_risk_n": null, "at_risk_pct": null, "tax_delinquent_pct": null, "median_days_to_compliance": null}}, {"type": "Feature", "geometry": {"bbox": [-83.202189, 42.228231, -83.18026, 42.239762], "type": "Polygon", "coordinates": [[[-83.202189, 42.237035], [-83.19938500000002, 42.239445], [-83.198831, 42.239305], [-83.19492600000001, 42.239409], [-83.18712800000002, 42.239591], [-83.180334, 42.239762], [-83.18026, 42.236724], [-83.180576, 42.233667], [-83.181086, 42.228869], [-83.194516, 42.22848], [-83.200635, 42.228231], [-83.202031, 42.232498], [-83.202189, 42.237035]]]}, "properties": {"GEOID": "26163577800", "tract_name": "5778", "total_n_nonNAP": null, "achieved_n": null, "reconveyed_n": null, "closed_n": null, "reconveyance_rate_pct": null, "in_progress_n": null, "at_risk_n": null, "at_risk_pct": null, "tax_delinquent_pct": null, "median_days_to_compliance": null}}, {"type": "Feature", "geometry": {"bbox": [-83.138533, 42.269151, -83.123601, 42.282589], "type": "Polygon", "coordinates": [[[-83.1359, 42.282266], [-83.13574400000002, 42.282589], [-83.13157, 42.281408], [-83.12879, 42.280791], [-83.13063600000001, 42.278443], [-83.126875, 42.276801], [-83.12583, 42.272765], [-83.123601, 42.271612], [-83.125853, 42.269151], [-83.12985400000001, 42.270965], [-83.1344, 42.273038], [-83.134303, 42.273368], [-83.138533, 42.274451], [-83.1359, 42.282266]]]}, "properties": {"GEOID": "26163579100", "tract_name": "5791", "total_n_nonNAP": null, "achieved_n": null, "reconveyed_n": null, "closed_n": null, "reconveyance_rate_pct": null, "in_progress_n": null, "at_risk_n": null, "at_risk_pct": null, "tax_delinquent_pct": null, "median_days_to_compliance": null}}, {"type": "Feature", "geometry": {"bbox": [-83.488672, 42.321968, -83.478164, 42.336742], "type": "Polygon", "coordinates": [[[-83.488672, 42.336584], [-83.478875, 42.336742], [-83.478524, 42.329399], [-83.478164, 42.322161], [-83.484276, 42.322031], [-83.487915, 42.321968], [-83.488312, 42.329283], [-83.488672, 42.336584]]]}, "properties": {"GEOID": "26163563600", "tract_name": "5636", "total_n_nonNAP": null, "achieved_n": null, "reconveyed_n": null, "closed_n": null, "reconveyance_rate_pct": null, "in_progress_n": null, "at_risk_n": null, "at_risk_pct": null, "tax_delinquent_pct": null, "median_days_to_compliance": null}}, {"type": "Feature", "geometry": {"bbox": [-83.459362, 42.322613, -83.443534, 42.337355], "type": "Polygon", "coordinates": [[[-83.459362, 42.33709000000001], [-83.453806, 42.337355], [-83.450597, 42.336066], [-83.445806, 42.333431], [-83.443683, 42.332692], [-83.443534, 42.323118], [-83.458642, 42.322613], [-83.459029, 42.330321], [-83.459362, 42.33709000000001]]]}, "properties": {"GEOID": "26163563900", "tract_name": "5639", "total_n_nonNAP": null, "achieved_n": null, "reconveyed_n": null, "closed_n": null, "reconveyance_rate_pct": null, "in_progress_n": null, "at_risk_n": null, "at_risk_pct": null, "tax_delinquent_pct": null, "median_days_to_compliance": null}}, {"type": "Feature", "geometry": {"bbox": [-83.551907, 42.392609, -83.510254, 42.436482], "type": "Polygon", "coordinates": [[[-83.551907, 42.435166], [-83.512502, 42.436482], [-83.511776, 42.42318], [-83.510997, 42.408649], [-83.510555, 42.401401], [-83.510254, 42.394073], [-83.529851, 42.393531], [-83.549667, 42.392609], [-83.550363, 42.407081], [-83.551156, 42.421585], [-83.551907, 42.435166]]]}, "properties": {"GEOID": "26163561200", "tract_name": "5612", "total_n_nonNAP": null, "achieved_n": null, "reconveyed_n": null, "closed_n": null, "reconveyance_rate_pct": null, "in_progress_n": null, "at_risk_n": null, "at_risk_pct": null, "tax_delinquent_pct": null, "median_days_to_compliance": null}}, {"type": "Feature", "geometry": {"bbox": [-83.457958, 42.293571, -83.442875, 42.308602], "type": "Polygon", "coordinates": [[[-83.457958, 42.308126], [-83.448288, 42.308423], [-83.442875, 42.308602], [-83.442896, 42.304291], [-83.443885, 42.293876], [-83.447643, 42.293757], [-83.457077, 42.293571], [-83.457958, 42.308126]]]}, "properties": {"GEOID": "26163564700", "tract_name": "5647", "total_n_nonNAP": null, "achieved_n": null, "reconveyed_n": null, "closed_n": null, "reconveyance_rate_pct": null, "in_progress_n": null, "at_risk_n": null, "at_risk_pct": null, "tax_delinquent_pct": null, "median_days_to_compliance": null}}, {"type": "Feature", "geometry": {"bbox": [-83.332691, 42.354722, -83.312825, 42.362542], "type": "Polygon", "coordinates": [[[-83.332691, 42.361943], [-83.32294500000002, 42.362175], [-83.314218, 42.362413], [-83.313154, 42.362542], [-83.312825, 42.35518], [-83.322631, 42.354967], [-83.332311, 42.354722], [-83.332691, 42.361943]]]}, "properties": {"GEOID": "26163559200", "tract_name": "5592", "total_n_nonNAP": null, "achieved_n": null, "reconveyed_n": null, "closed_n": null, "reconveyance_rate_pct": null, "in_progress_n": null, "at_risk_n": null, "at_risk_pct": null, "tax_delinquent_pct": null, "median_days_to_compliance": null}}, {"type": "Feature", "geometry": {"bbox": [-83.194372, 42.430821, -83.170698, 42.438433], "type": "Polygon", "coordinates": [[[-83.190355, 42.437956], [-83.186732, 42.438097], [-83.180759, 42.438322], [-83.170992, 42.438433], [-83.170698, 42.431249], [-83.17548, 42.43117], [-83.180507, 42.431078], [-83.187158, 42.430821], [-83.194372, 42.43783], [-83.190355, 42.437956]]]}, "properties": {"GEOID": "26163539300", "tract_name": "5393", "total_n_nonNAP": 5, "achieved_n": 5, "reconveyed_n": 0, "closed_n": 5, "reconveyance_rate_pct": 0.0, "in_progress_n": 0, "at_risk_n": 0, "at_risk_pct": null, "tax_delinquent_pct": null, "median_days_to_compliance": 229}}, {"type": "Feature", "geometry": {"bbox": [-83.170992, 42.431249, -83.160984, 42.438919], "type": "Polygon", "coordinates": [[[-83.170992, 42.438433], [-83.165671, 42.438919], [-83.161227, 42.438854], [-83.161215, 42.438512], [-83.161111, 42.435045], [-83.160984, 42.431347], [-83.170698, 42.431249], [-83.170992, 42.438433]]]}, "properties": {"GEOID": "26163538800", "tract_name": "5388", "total_n_nonNAP": 2, "achieved_n": 2, "reconveyed_n": 0, "closed_n": 2, "reconveyance_rate_pct": 0.0, "in_progress_n": 0, "at_risk_n": 0, "at_risk_pct": null, "tax_delinquent_pct": null, "median_days_to_compliance": 491.0}}, {"type": "Feature", "geometry": {"bbox": [-83.003159, 42.408576, -82.983069, 42.426929], "type": "Polygon", "coordinates": [[[-83.003159, 42.420245], [-82.998977, 42.421749000000005], [-82.984889, 42.42679], [-82.983069, 42.426929], [-82.987381, 42.42037], [-82.989482, 42.417154], [-82.995098, 42.408576], [-82.995729, 42.408807], [-82.999998, 42.415324], [-83.003159, 42.420245]]]}, "properties": {"GEOID": "26163505400", "tract_name": "5054", "total_n_nonNAP": 295, "achieved_n": 130, "reconveyed_n": 64, "closed_n": 194, "reconveyance_rate_pct": 33.0, "in_progress_n": 101, "at_risk_n": 34, "at_risk_pct": 33.7, "tax_delinquent_pct": 56.4, "median_days_to_compliance": 710.0}}, {"type": "Feature", "geometry": {"bbox": [-83.177184, 42.34416, -83.167074, 42.351499], "type": "Polygon", "coordinates": [[[-83.177184, 42.351284], [-83.167393, 42.351499], [-83.167074, 42.344226], [-83.17087900000001, 42.34416], [-83.171073, 42.347784], [-83.172118, 42.347745], [-83.17703, 42.347637], [-83.177184, 42.351284]]]}, "properties": {"GEOID": "26163573701", "tract_name": "5737.01", "total_n_nonNAP": null, "achieved_n": null, "reconveyed_n": null, "closed_n": null, "reconveyance_rate_pct": null, "in_progress_n": null, "at_risk_n": null, "at_risk_pct": null, "tax_delinquent_pct": null, "median_days_to_compliance": null}}, {"type": "Feature", "geometry": {"bbox": [-83.28638, 42.30045, -83.261733, 42.312715], "type": "Polygon", "coordinates": [[[-83.28638, 42.312186], [-83.281506, 42.312327], [-83.279589, 42.312368], [-83.27176, 42.312581], [-83.264503, 42.312715], [-83.263784, 42.312599], [-83.261733, 42.311575], [-83.263186, 42.309415], [-83.263365, 42.303849], [-83.266499, 42.303798], [-83.268714, 42.302357], [-83.27183, 42.30143600000001], [-83.274379, 42.30045], [-83.278541, 42.301845], [-83.280391, 42.301644], [-83.284758, 42.30292], [-83.28591, 42.301904], [-83.28638, 42.312186]]]}, "properties": {"GEOID": "26163574800", "tract_name": "5748", "total_n_nonNAP": null, "achieved_n": null, "reconveyed_n": null, "closed_n": null, "reconveyance_rate_pct": null, "in_progress_n": null, "at_risk_n": null, "at_risk_pct": null, "tax_delinquent_pct": null, "median_days_to_compliance": null}}, {"type": "Feature", "geometry": {"bbox": [-83.351774, 42.3468, -83.331908, 42.354722], "type": "Polygon", "coordinates": [[[-83.351774, 42.354263], [-83.34753, 42.35436], [-83.342198, 42.35448], [-83.33576700000002, 42.35463], [-83.332311, 42.354722], [-83.331908, 42.347191], [-83.339816, 42.347048], [-83.342128, 42.347006], [-83.351212, 42.3468], [-83.351306, 42.347592], [-83.351774, 42.354263]]]}, "properties": {"GEOID": "26163567201", "tract_name": "5672.01", "total_n_nonNAP": null, "achieved_n": null, "reconveyed_n": null, "closed_n": null, "reconveyance_rate_pct": null, "in_progress_n": null, "at_risk_n": null, "at_risk_pct": null, "tax_delinquent_pct": null, "median_days_to_compliance": null}}, {"type": "Feature", "geometry": {"bbox": [-83.427436, 42.278233, -83.397228, 42.288088], "type": "Polygon", "coordinates": [[[-83.427436, 42.287465], [-83.407203, 42.287865], [-83.397435, 42.288088], [-83.397228, 42.281418], [-83.398274, 42.281373], [-83.406773, 42.279788], [-83.41466600000001, 42.278233], [-83.427112, 42.279204], [-83.427436, 42.287465]]]}, "properties": {"GEOID": "26163566600", "tract_name": "5666", "total_n_nonNAP": null, "achieved_n": null, "reconveyed_n": null, "closed_n": null, "reconveyance_rate_pct": null, "in_progress_n": null, "at_risk_n": null, "at_risk_pct": null, "tax_delinquent_pct": null, "median_days_to_compliance": null}}, {"type": "Feature", "geometry": {"bbox": [-83.336577, 42.427105, -83.316223, 42.442033], "type": "Polygon", "coordinates": [[[-83.336456, 42.441575], [-83.330184, 42.441725], [-83.320551, 42.441944], [-83.316825, 42.442033], [-83.316745, 42.440052], [-83.31653, 42.43478], [-83.316223, 42.427609], [-83.324913, 42.42742500000001], [-83.327368, 42.427364], [-83.335887, 42.427105], [-83.336577, 42.440689], [-83.336456, 42.441575]]]}, "properties": {"GEOID": "26163556100", "tract_name": "5561", "total_n_nonNAP": null, "achieved_n": null, "reconveyed_n": null, "closed_n": null, "reconveyance_rate_pct": null, "in_progress_n": null, "at_risk_n": null, "at_risk_pct": null, "tax_delinquent_pct": null, "median_days_to_compliance": null}}, {"type": "Feature", "geometry": {"bbox": [-83.331257, 42.325601, -83.311496, 42.333284], "type": "Polygon", "coordinates": [[[-83.331257, 42.333014], [-83.32159, 42.333153], [-83.311805, 42.333284], [-83.311496, 42.326188], [-83.321326, 42.325884], [-83.330932, 42.325601], [-83.331252, 42.332914], [-83.331257, 42.333014]]]}, "properties": {"GEOID": "26163569200", "tract_name": "5692", "total_n_nonNAP": null, "achieved_n": null, "reconveyed_n": null, "closed_n": null, "reconveyance_rate_pct": null, "in_progress_n": null, "at_risk_n": null, "at_risk_pct": null, "tax_delinquent_pct": null, "median_days_to_compliance": null}}, {"type": "Feature", "geometry": {"bbox": [-83.19869500000001, 42.394273, -83.184224, 42.401938], "type": "Polygon", "coordinates": [[[-83.19869500000001, 42.401513], [-83.193827, 42.401665], [-83.188917, 42.401818], [-83.184526, 42.401938], [-83.184224, 42.394666], [-83.188616, 42.394537], [-83.193522, 42.394404], [-83.198422, 42.394273], [-83.19869500000001, 42.401513]]]}, "properties": {"GEOID": "26163537700", "tract_name": "5377", "total_n_nonNAP": 89, "achieved_n": 61, "reconveyed_n": 13, "closed_n": 74, "reconveyance_rate_pct": 17.6, "in_progress_n": 15, "at_risk_n": 4, "at_risk_pct": 26.7, "tax_delinquent_pct": 53.3, "median_days_to_compliance": 830}}, {"type": "Feature", "geometry": {"bbox": [-83.159688, 42.39524, -83.139938, 42.402664], "type": "Polygon", "coordinates": [[[-83.159688, 42.402515], [-83.15053, 42.402578], [-83.140255, 42.402664], [-83.140149, 42.40039000000001], [-83.139938, 42.395418], [-83.148983, 42.395332], [-83.15008900000001, 42.395323000000005], [-83.15935, 42.39524], [-83.159473, 42.39797], [-83.159573, 42.400241], [-83.159688, 42.402515]]]}, "properties": {"GEOID": "26163536400", "tract_name": "5364", "total_n_nonNAP": 177, "achieved_n": 101, "reconveyed_n": 35, "closed_n": 136, "reconveyance_rate_pct": 25.7, "in_progress_n": 41, "at_risk_n": 9, "at_risk_pct": 22.0, "tax_delinquent_pct": 56.1, "median_days_to_compliance": 609}}, {"type": "Feature", "geometry": {"bbox": [-82.996448, 42.406515, -82.979356, 42.420453], "type": "Polygon", "coordinates": [[[-82.995098, 42.408576], [-82.989482, 42.417154], [-82.987381, 42.42037], [-82.983607, 42.420453], [-82.983589, 42.418746], [-82.98045, 42.413884], [-82.979356, 42.412158], [-82.987563, 42.409304], [-82.993413, 42.407272], [-82.996448, 42.406515], [-82.995098, 42.408576]]]}, "properties": {"GEOID": "26163503900", "tract_name": "5039", "total_n_nonNAP": 164, "achieved_n": 79, "reconveyed_n": 31, "closed_n": 110, "reconveyance_rate_pct": 28.2, "in_progress_n": 54, "at_risk_n": 20, "at_risk_pct": 37.0, "tax_delinquent_pct": 61.1, "median_days_to_compliance": 744}}, {"type": "Feature", "geometry": {"bbox": [-82.985407, 42.434917, -82.972807, 42.44250100000001], "type": "Polygon", "coordinates": [[[-82.985407, 42.442205], [-82.97804200000002, 42.442394], [-82.972807, 42.44250100000001], [-82.977696, 42.435077], [-82.985125, 42.434917], [-82.985407, 42.442205]]]}, "properties": {"GEOID": "26163503400", "tract_name": "5034", "total_n_nonNAP": 117, "achieved_n": 58, "reconveyed_n": 29, "closed_n": 87, "reconveyance_rate_pct": 33.3, "in_progress_n": 30, "at_risk_n": 9, "at_risk_pct": 30.0, "tax_delinquent_pct": 56.7, "median_days_to_compliance": 618.5}}, {"type": "Feature", "geometry": {"bbox": [-83.32928, 42.275106, -83.309311, 42.290967], "type": "Polygon", "coordinates": [[[-83.32928, 42.287687], [-83.309907, 42.290967], [-83.30956400000001, 42.282731], [-83.309311, 42.275505], [-83.328751, 42.275106], [-83.328937, 42.279867], [-83.329034, 42.282327], [-83.32928, 42.287687]]]}, "properties": {"GEOID": "26163570800", "tract_name": "5708", "total_n_nonNAP": null, "achieved_n": null, "reconveyed_n": null, "closed_n": null, "reconveyance_rate_pct": null, "in_progress_n": null, "at_risk_n": null, "at_risk_pct": null, "tax_delinquent_pct": null, "median_days_to_compliance": null}}, {"type": "Feature", "geometry": {"bbox": [-83.307539, 42.210424, -83.268489, 42.226467], "type": "Polygon", "coordinates": [[[-83.307539, 42.224893], [-83.288306, 42.22596], [-83.27914, 42.226206], [-83.268939, 42.226467], [-83.268739, 42.21928], [-83.268489, 42.211978], [-83.287799, 42.211486], [-83.297562, 42.211072], [-83.307012, 42.210424], [-83.307539, 42.224893]]]}, "properties": {"GEOID": "26163584300", "tract_name": "5843", "total_n_nonNAP": null, "achieved_n": null, "reconveyed_n": null, "closed_n": null, "reconveyance_rate_pct": null, "in_progress_n": null, "at_risk_n": null, "at_risk_pct": null, "tax_delinquent_pct": null, "median_days_to_compliance": null}}, {"type": "Feature", "geometry": {"bbox": [-83.16000400000001, 42.402515, -83.140255, 42.409904], "type": "Polygon", "coordinates": [[[-83.16000400000001, 42.409707000000004], [-83.15095500000001, 42.409798], [-83.150799, 42.4098], [-83.145904, 42.409851], [-83.140537, 42.409904], [-83.140349, 42.404957], [-83.140343, 42.404807], [-83.140255, 42.402664], [-83.15053, 42.402578], [-83.159688, 42.402515], [-83.159824, 42.405324], [-83.16000400000001, 42.409707000000004]]]}, "properties": {"GEOID": "26163536300", "tract_name": "5363", "total_n_nonNAP": 104, "achieved_n": 60, "reconveyed_n": 21, "closed_n": 81, "reconveyance_rate_pct": 25.9, "in_progress_n": 23, "at_risk_n": 7, "at_risk_pct": 30.4, "tax_delinquent_pct": 52.2, "median_days_to_compliance": 653.5}}, {"type": "Feature", "geometry": {"bbox": [-82.93722800000002, 42.410924, -82.915035, 42.426062], "type": "Polygon", "coordinates": [[[-82.934355, 42.418834], [-82.93359400000001, 42.419344], [-82.931535, 42.421115], [-82.927656, 42.426062], [-82.927151, 42.425789], [-82.917992, 42.422012], [-82.916327, 42.421354], [-82.917355, 42.419945], [-82.915035, 42.419007], [-82.916684, 42.417009], [-82.921742, 42.415034000000006], [-82.92818100000001, 42.412699], [-82.933005, 42.410924], [-82.93722800000002, 42.417333], [-82.934355, 42.418834]]]}, "properties": {"GEOID": "26163501500", "tract_name": "5015", "total_n_nonNAP": 50, "achieved_n": 38, "reconveyed_n": 9, "closed_n": 47, "reconveyance_rate_pct": 19.1, "in_progress_n": 3, "at_risk_n": 0, "at_risk_pct": 0.0, "tax_delinquent_pct": 33.3, "median_days_to_compliance": 419.0}}, {"type": "Feature", "geometry": {"bbox": [-82.95725200000001, 42.423174, -82.937382, 42.436373], "type": "Polygon", "coordinates": [[[-82.953192, 42.434404], [-82.952328, 42.435667], [-82.951802, 42.436373], [-82.951603, 42.436297], [-82.951357, 42.435809], [-82.947855, 42.434373], [-82.943612, 42.432637], [-82.940416, 42.431329], [-82.937382, 42.43009], [-82.942786, 42.423174], [-82.945751, 42.424385], [-82.948908, 42.425676], [-82.953137, 42.427405], [-82.95725200000001, 42.429101], [-82.953192, 42.434404]]]}, "properties": {"GEOID": "26163500700", "tract_name": "5007", "total_n_nonNAP": 83, "achieved_n": 63, "reconveyed_n": 13, "closed_n": 76, "reconveyance_rate_pct": 17.1, "in_progress_n": 7, "at_risk_n": 4, "at_risk_pct": 57.1, "tax_delinquent_pct": 57.1, "median_days_to_compliance": 512}}, {"type": "Feature", "geometry": {"bbox": [-83.231223, 42.242044, -83.21617, 42.256764], "type": "Polygon", "coordinates": [[[-83.231223, 42.256396], [-83.226334, 42.256505], [-83.21617, 42.256764], [-83.220265, 42.251812], [-83.228256, 42.242185], [-83.230504, 42.242044], [-83.230864, 42.249209], [-83.230981, 42.251571], [-83.231223, 42.256396]]]}, "properties": {"GEOID": "26163576300", "tract_name": "5763", "total_n_nonNAP": null, "achieved_n": null, "reconveyed_n": null, "closed_n": null, "reconveyance_rate_pct": null, "in_progress_n": null, "at_risk_n": null, "at_risk_pct": null, "tax_delinquent_pct": null, "median_days_to_compliance": null}}, {"type": "Feature", "geometry": {"bbox": [-83.364342, 42.296012, -83.349238, 42.310819], "type": "Polygon", "coordinates": [[[-83.364342, 42.310401], [-83.349528, 42.310819], [-83.349505, 42.303633], [-83.349358, 42.300023], [-83.349238, 42.296404], [-83.363833, 42.296012], [-83.363984, 42.299632], [-83.364121, 42.303204], [-83.364342, 42.310401]]]}, "properties": {"GEOID": "26163565800", "tract_name": "5658", "total_n_nonNAP": null, "achieved_n": null, "reconveyed_n": null, "closed_n": null, "reconveyance_rate_pct": null, "in_progress_n": null, "at_risk_n": null, "at_risk_pct": null, "tax_delinquent_pct": null, "median_days_to_compliance": null}}, {"type": "Feature", "geometry": {"bbox": [-83.181086, 42.228869, -83.166863, 42.236724], "type": "Polygon", "coordinates": [[[-83.180576, 42.233667], [-83.18026, 42.236724], [-83.174589, 42.236088], [-83.170092, 42.23572], [-83.166863, 42.229267], [-83.174227, 42.229048], [-83.181086, 42.228869], [-83.180576, 42.233667]]]}, "properties": {"GEOID": "26163577700", "tract_name": "5777", "total_n_nonNAP": null, "achieved_n": null, "reconveyed_n": null, "closed_n": null, "reconveyance_rate_pct": null, "in_progress_n": null, "at_risk_n": null, "at_risk_pct": null, "tax_delinquent_pct": null, "median_days_to_compliance": null}}, {"type": "Feature", "geometry": {"bbox": [-83.160859, 42.249143, -83.143887, 42.264401], "type": "Polygon", "coordinates": [[[-83.160859, 42.255192], [-83.15303300000001, 42.264401], [-83.150868, 42.263376], [-83.146151, 42.261034], [-83.143887, 42.25977], [-83.146041, 42.252992], [-83.14726600000002, 42.249143], [-83.149132, 42.249639], [-83.151102, 42.250409], [-83.155754, 42.252213], [-83.158826, 42.253839], [-83.15966200000001, 42.254326], [-83.160859, 42.255192]]]}, "properties": {"GEOID": "26163579600", "tract_name": "5796", "total_n_nonNAP": null, "achieved_n": null, "reconveyed_n": null, "closed_n": null, "reconveyance_rate_pct": null, "in_progress_n": null, "at_risk_n": null, "at_risk_pct": null, "tax_delinquent_pct": null, "median_days_to_compliance": null}}, {"type": "Feature", "geometry": {"bbox": [-83.168602, 42.371153, -83.14497100000001, 42.385448], "type": "Polygon", "coordinates": [[[-83.168602, 42.385283], [-83.165553, 42.385448], [-83.158979, 42.385423], [-83.153464, 42.385083], [-83.14903, 42.38344], [-83.147314, 42.382006], [-83.146637, 42.381033], [-83.146138, 42.379672], [-83.146178, 42.376012], [-83.146014, 42.37352800000001], [-83.14497100000001, 42.371153], [-83.15072, 42.373468], [-83.151142, 42.373635], [-83.15763, 42.376253], [-83.158688, 42.376678], [-83.168452, 42.380491], [-83.168457, 42.380593000000005], [-83.168602, 42.385283]]]}, "properties": {"GEOID": "26163534200", "tract_name": "5342", "total_n_nonNAP": 261, "achieved_n": 143, "reconveyed_n": 53, "closed_n": 196, "reconveyance_rate_pct": 27.0, "in_progress_n": 65, "at_risk_n": 23, "at_risk_pct": 35.4, "tax_delinquent_pct": 60.0, "median_days_to_compliance": 743}}, {"type": "Feature", "geometry": {"bbox": [-83.09931300000001, 42.370766, -83.086363, 42.379716], "type": "Polygon", "coordinates": [[[-83.09931300000001, 42.376441], [-83.096566, 42.377435], [-83.090225, 42.379716], [-83.086363, 42.374053], [-83.092722, 42.371699], [-83.095342, 42.370766], [-83.098808, 42.37593], [-83.09931300000001, 42.376441]]]}, "properties": {"GEOID": "26163532700", "tract_name": "5327", "total_n_nonNAP": 3, "achieved_n": 1, "reconveyed_n": 0, "closed_n": 1, "reconveyance_rate_pct": 0.0, "in_progress_n": 2, "at_risk_n": 0, "at_risk_pct": 0.0, "tax_delinquent_pct": 0.0, "median_days_to_compliance": 622}}, {"type": "Feature", "geometry": {"bbox": [-83.12203, 42.38448, -83.107317, 42.396299], "type": "Polygon", "coordinates": [[[-83.12203, 42.393019], [-83.113195, 42.396299], [-83.110695, 42.392677], [-83.1102, 42.39196], [-83.107317, 42.387799], [-83.116209, 42.38448], [-83.117928, 42.386933], [-83.118757, 42.388164], [-83.119599, 42.38941], [-83.120621, 42.39093], [-83.12203, 42.393019]]]}, "properties": {"GEOID": "26163531800", "tract_name": "5318", "total_n_nonNAP": 227, "achieved_n": 115, "reconveyed_n": 48, "closed_n": 163, "reconveyance_rate_pct": 29.4, "in_progress_n": 64, "at_risk_n": 21, "at_risk_pct": 32.8, "tax_delinquent_pct": 64.1, "median_days_to_compliance": 733}}, {"type": "Feature", "geometry": {"bbox": [-83.478524, 42.322161, -83.458642, 42.330321], "type": "Polygon", "coordinates": [[[-83.478524, 42.329399], [-83.47444, 42.328924], [-83.468696, 42.328987], [-83.465129, 42.329264], [-83.46317, 42.330169], [-83.459029, 42.330321], [-83.458642, 42.322613], [-83.468354, 42.322298], [-83.478164, 42.322161], [-83.478524, 42.329399]]]}, "properties": {"GEOID": "26163563700", "tract_name": "5637", "total_n_nonNAP": null, "achieved_n": null, "reconveyed_n": null, "closed_n": null, "reconveyance_rate_pct": null, "in_progress_n": null, "at_risk_n": null, "at_risk_pct": null, "tax_delinquent_pct": null, "median_days_to_compliance": null}}, {"type": "Feature", "geometry": {"bbox": [-83.217204, 42.140925, -83.206183, 42.155453], "type": "Polygon", "coordinates": [[[-83.217204, 42.155266], [-83.212104, 42.155343], [-83.206382, 42.155453], [-83.20697000000001, 42.148093], [-83.206183, 42.141062], [-83.211692, 42.140992], [-83.216729, 42.140925], [-83.217204, 42.155266]]]}, "properties": {"GEOID": "26163594200", "tract_name": "5942", "total_n_nonNAP": null, "achieved_n": null, "reconveyed_n": null, "closed_n": null, "reconveyance_rate_pct": null, "in_progress_n": null, "at_risk_n": null, "at_risk_pct": null, "tax_delinquent_pct": null, "median_days_to_compliance": null}}, {"type": "Feature", "geometry": {"bbox": [-83.218122, 42.169804, -83.188714, 42.184896], "type": "Polygon", "coordinates": [[[-83.218122, 42.1844], [-83.214881, 42.184457], [-83.20872, 42.184541], [-83.199079, 42.18469], [-83.189795, 42.184891], [-83.189317, 42.184896], [-83.188953, 42.177651], [-83.188714, 42.170374], [-83.19423200000001, 42.170256], [-83.206432, 42.169994], [-83.217679, 42.169804], [-83.218122, 42.1844]]]}, "properties": {"GEOID": "26163595100", "tract_name": "5951", "total_n_nonNAP": null, "achieved_n": null, "reconveyed_n": null, "closed_n": null, "reconveyance_rate_pct": null, "in_progress_n": null, "at_risk_n": null, "at_risk_pct": null, "tax_delinquent_pct": null, "median_days_to_compliance": null}}, {"type": "Feature", "geometry": {"bbox": [-83.10456, 42.389843, -83.088665, 42.403299], "type": "Polygon", "coordinates": [[[-83.10456, 42.400012], [-83.098984, 42.401966], [-83.09556, 42.403299], [-83.093513, 42.400295], [-83.092048, 42.398126], [-83.090614, 42.395995], [-83.088665, 42.393102], [-83.097727, 42.389843], [-83.099634, 42.392652], [-83.102507, 42.396952], [-83.10456, 42.400012]]]}, "properties": {"GEOID": "26163553800", "tract_name": "5538", "total_n_nonNAP": null, "achieved_n": null, "reconveyed_n": null, "closed_n": null, "reconveyance_rate_pct": null, "in_progress_n": null, "at_risk_n": null, "at_risk_pct": null, "tax_delinquent_pct": null, "median_days_to_compliance": null}}, {"type": "Feature", "geometry": {"bbox": [-83.139846, 42.386493, -83.130873, 42.39537], "type": "Polygon", "coordinates": [[[-83.139846, 42.393312], [-83.13440100000001, 42.39537], [-83.13383800000001, 42.394165], [-83.132441, 42.392081], [-83.130873, 42.389743], [-83.138621, 42.386775], [-83.13954, 42.386493], [-83.139668, 42.389348], [-83.139846, 42.393312]]]}, "properties": {"GEOID": "26163530400", "tract_name": "5304", "total_n_nonNAP": 24, "achieved_n": 12, "reconveyed_n": 8, "closed_n": 20, "reconveyance_rate_pct": 40.0, "in_progress_n": 4, "at_risk_n": 0, "at_risk_pct": 0.0, "tax_delinquent_pct": 50.0, "median_days_to_compliance": 778.0}}, {"type": "Feature", "geometry": {"bbox": [-83.334504, 42.383877, -83.314252, 42.398603], "type": "Polygon", "coordinates": [[[-83.334504, 42.398143], [-83.324743, 42.39835300000001], [-83.314963, 42.398603], [-83.314629, 42.391857], [-83.314532, 42.390062], [-83.314252, 42.384428], [-83.333741, 42.383877], [-83.334113, 42.390905000000004], [-83.334504, 42.398143]]]}, "properties": {"GEOID": "26163558200", "tract_name": "5582", "total_n_nonNAP": null, "achieved_n": null, "reconveyed_n": null, "closed_n": null, "reconveyance_rate_pct": null, "in_progress_n": null, "at_risk_n": null, "at_risk_pct": null, "tax_delinquent_pct": null, "median_days_to_compliance": null}}, {"type": "Feature", "geometry": {"bbox": [-83.354048, 42.383047, -83.333741, 42.398143], "type": "Polygon", "coordinates": [[[-83.354048, 42.39766000000001], [-83.334504, 42.398143], [-83.334113, 42.390905000000004], [-83.333741, 42.383877], [-83.353344, 42.383047], [-83.353382, 42.383389], [-83.353708, 42.390419], [-83.354048, 42.39766000000001]]]}, "properties": {"GEOID": "26163558100", "tract_name": "5581", "total_n_nonNAP": null, "achieved_n": null, "reconveyed_n": null, "closed_n": null, "reconveyance_rate_pct": null, "in_progress_n": null, "at_risk_n": null, "at_risk_pct": null, "tax_delinquent_pct": null, "median_days_to_compliance": null}}, {"type": "Feature", "geometry": {"bbox": [-83.054023, 42.390181, -83.042302, 42.40446], "type": "Polygon", "coordinates": [[[-83.054023, 42.40444], [-83.047257, 42.40446], [-83.042534, 42.404443], [-83.042468, 42.397427], [-83.04237500000002, 42.393127], [-83.042302, 42.390214], [-83.044356, 42.390181], [-83.044638, 42.390518], [-83.046414, 42.393447], [-83.04859, 42.396383], [-83.05087100000001, 42.399754], [-83.052675, 42.402435], [-83.054023, 42.40444]]]}, "properties": {"GEOID": "26163552400", "tract_name": "5524", "total_n_nonNAP": null, "achieved_n": null, "reconveyed_n": null, "closed_n": null, "reconveyance_rate_pct": null, "in_progress_n": null, "at_risk_n": null, "at_risk_pct": null, "tax_delinquent_pct": null, "median_days_to_compliance": null}}, {"type": "Feature", "geometry": {"bbox": [-82.890018, 42.4155542566644, -82.8702390040923, 42.4510090698755], "type": "Polygon", "coordinates": [[[-82.887812, 42.424223], [-82.882831, 42.437745], [-82.880772, 42.442616], [-82.87718200000002, 42.450955], [-82.8702390040923, 42.4510090698755], [-82.870347, 42.450888], [-82.874396, 42.441664], [-82.873831, 42.435423], [-82.8739551456334, 42.4352878111531], [-82.87657400000002, 42.432436], [-82.878656, 42.428995], [-82.8833451151186, 42.4155542566644], [-82.890018, 42.418274], [-82.887812, 42.424223]]]}, "properties": {"GEOID": "26163550900", "tract_name": "5509", "total_n_nonNAP": null, "achieved_n": null, "reconveyed_n": null, "closed_n": null, "reconveyance_rate_pct": null, "in_progress_n": null, "at_risk_n": null, "at_risk_pct": null, "tax_delinquent_pct": null, "median_days_to_compliance": null}}, {"type": "Feature", "geometry": {"bbox": [-83.169907, 42.25496, -83.15303300000001, 42.270067], "type": "Polygon", "coordinates": [[[-83.169907, 42.264577], [-83.165103, 42.270067], [-83.16486400000001, 42.269926], [-83.157478, 42.26648], [-83.15303300000001, 42.264401], [-83.160859, 42.255192], [-83.161052, 42.25496], [-83.163061, 42.257245], [-83.164477, 42.258227], [-83.166432, 42.259675], [-83.167264, 42.262281], [-83.168519, 42.264187], [-83.169907, 42.264577]]]}, "properties": {"GEOID": "26163524800", "tract_name": "5248", "total_n_nonNAP": 47, "achieved_n": 41, "reconveyed_n": 2, "closed_n": 43, "reconveyance_rate_pct": 4.7, "in_progress_n": 4, "at_risk_n": 0, "at_risk_pct": 0.0, "tax_delinquent_pct": 50.0, "median_days_to_compliance": 540}}, {"type": "Feature", "geometry": {"bbox": [-83.386866, 42.353481, -83.371214, 42.368248], "type": "Polygon", "coordinates": [[[-83.386866, 42.368024], [-83.382017, 42.368141], [-83.372184, 42.368248], [-83.371948, 42.363426], [-83.37179, 42.360331], [-83.371461, 42.354663], [-83.371214, 42.35382], [-83.372017, 42.353804], [-83.386204, 42.353481], [-83.386344, 42.356083], [-83.386488, 42.358628], [-83.386866, 42.368024]]]}, "properties": {"GEOID": "26163558600", "tract_name": "5586", "total_n_nonNAP": null, "achieved_n": null, "reconveyed_n": null, "closed_n": null, "reconveyance_rate_pct": null, "in_progress_n": null, "at_risk_n": null, "at_risk_pct": null, "tax_delinquent_pct": null, "median_days_to_compliance": null}}, {"type": "Feature", "geometry": {"bbox": [-83.408083, 42.295049, -83.388134, 42.309962], "type": "Polygon", "coordinates": [[[-83.408083, 42.30958], [-83.39825, 42.309769], [-83.388669, 42.309962], [-83.388401, 42.302298], [-83.388134, 42.295544], [-83.398436, 42.29522], [-83.401178, 42.295161], [-83.407493, 42.295049], [-83.407762, 42.301233], [-83.408083, 42.30958]]]}, "properties": {"GEOID": "26163568200", "tract_name": "5682", "total_n_nonNAP": null, "achieved_n": null, "reconveyed_n": null, "closed_n": null, "reconveyance_rate_pct": null, "in_progress_n": null, "at_risk_n": null, "at_risk_pct": null, "tax_delinquent_pct": null, "median_days_to_compliance": null}}, {"type": "Feature", "geometry": {"bbox": [-82.946876, 42.37514, -82.92718, 42.39007900000001], "type": "Polygon", "coordinates": [[[-82.946644, 42.387469], [-82.939416, 42.388771], [-82.9361, 42.389596], [-82.934634, 42.39007900000001], [-82.93116, 42.384765], [-82.92718, 42.37869], [-82.930838, 42.37799], [-82.93891, 42.37514], [-82.942567, 42.380674], [-82.943911, 42.382418], [-82.946876, 42.38699], [-82.946644, 42.387469]]]}, "properties": {"GEOID": "26163550200", "tract_name": "5502", "total_n_nonNAP": null, "achieved_n": null, "reconveyed_n": null, "closed_n": null, "reconveyance_rate_pct": null, "in_progress_n": null, "at_risk_n": null, "at_risk_pct": null, "tax_delinquent_pct": null, "median_days_to_compliance": null}}, {"type": "Feature", "geometry": {"bbox": [-83.24726, 42.357364, -83.235953, 42.364704], "type": "Polygon", "coordinates": [[[-83.24726, 42.36454], [-83.245947, 42.364559], [-83.240995, 42.364622], [-83.236039, 42.364704], [-83.235953, 42.357573], [-83.24081, 42.357477], [-83.24688, 42.357364], [-83.24726, 42.36454]]]}, "properties": {"GEOID": "26163546600", "tract_name": "5466", "total_n_nonNAP": 69, "achieved_n": 57, "reconveyed_n": 4, "closed_n": 61, "reconveyance_rate_pct": 6.6, "in_progress_n": 8, "at_risk_n": 2, "at_risk_pct": 25.0, "tax_delinquent_pct": 50.0, "median_days_to_compliance": 442}}, {"type": "Feature", "geometry": {"bbox": [-83.068015, 42.335438, -83.05291000000001, 42.347381], "type": "Polygon", "coordinates": [[[-83.068015, 42.343224], [-83.062973, 42.344886], [-83.060133, 42.345788], [-83.057877, 42.347381], [-83.05291000000001, 42.339986], [-83.056069, 42.33859], [-83.058524, 42.337008000000004], [-83.059421, 42.3366], [-83.059948, 42.33639], [-83.064266, 42.335438], [-83.064999, 42.336639], [-83.068015, 42.343224]]]}, "properties": {"GEOID": "26163522500", "tract_name": "5225", "total_n_nonNAP": null, "achieved_n": null, "reconveyed_n": null, "closed_n": null, "reconveyance_rate_pct": null, "in_progress_n": null, "at_risk_n": null, "at_risk_pct": null, "tax_delinquent_pct": null, "median_days_to_compliance": null}}, {"type": "Feature", "geometry": {"bbox": [-83.034173, 42.3294304753263, -82.998566, 42.347158], "type": "Polygon", "coordinates": [[[-83.034173, 42.333287], [-83.028269, 42.335819], [-83.022647, 42.338245], [-83.017884, 42.340292], [-83.016355, 42.34094900000001], [-83.010052, 42.34366], [-83.002079, 42.347158], [-82.998566, 42.342614], [-83.008207, 42.335346], [-83.0080353929919, 42.33158814811], [-83.013333, 42.331356], [-83.019024, 42.330616], [-83.0240343358134, 42.3294304753263], [-83.025743, 42.331849], [-83.026617, 42.33319300000001], [-83.032736, 42.33107], [-83.034173, 42.333287]]]}, "properties": {"GEOID": "26163516500", "tract_name": "5165", "total_n_nonNAP": null, "achieved_n": null, "reconveyed_n": null, "closed_n": null, "reconveyance_rate_pct": null, "in_progress_n": null, "at_risk_n": null, "at_risk_pct": null, "tax_delinquent_pct": null, "median_days_to_compliance": null}}, {"type": "Feature", "geometry": {"bbox": [-83.01324, 42.355604, -82.997938, 42.367761], "type": "Polygon", "coordinates": [[[-83.01324, 42.364348], [-83.006106, 42.366978], [-83.004153, 42.367761], [-83.001147, 42.363588], [-82.997938, 42.359172], [-82.998603, 42.358909], [-83.007463, 42.355604], [-83.008858, 42.357718000000006], [-83.010434, 42.360109], [-83.01324, 42.364348]]]}, "properties": {"GEOID": "26163515200", "tract_name": "5152", "total_n_nonNAP": 28, "achieved_n": 14, "reconveyed_n": 6, "closed_n": 20, "reconveyance_rate_pct": 30.0, "in_progress_n": 8, "at_risk_n": 2, "at_risk_pct": 25.0, "tax_delinquent_pct": 50.0, "median_days_to_compliance": 665.5}}, {"type": "Feature", "geometry": {"bbox": [-83.209245, 42.184541, -83.189795, 42.199264], "type": "Polygon", "coordinates": [[[-83.209245, 42.199009], [-83.205533, 42.199067], [-83.202878, 42.19910500000001], [-83.19962, 42.199154], [-83.193152, 42.199264], [-83.193468, 42.197187], [-83.193283, 42.192034], [-83.193097, 42.189641], [-83.19272, 42.188593], [-83.189795, 42.184891], [-83.199079, 42.18469], [-83.20872, 42.184541], [-83.209019, 42.191776], [-83.209245, 42.199009]]]}, "properties": {"GEOID": "26163582100", "tract_name": "5821", "total_n_nonNAP": null, "achieved_n": null, "reconveyed_n": null, "closed_n": null, "reconveyance_rate_pct": null, "in_progress_n": null, "at_risk_n": null, "at_risk_pct": null, "tax_delinquent_pct": null, "median_days_to_compliance": null}}, {"type": "Feature", "geometry": {"bbox": [-83.393898, 42.39691, -83.373712, 42.411635], "type": "Polygon", "coordinates": [[[-83.393898, 42.411161], [-83.374262, 42.411635], [-83.373903, 42.404252], [-83.373712, 42.397285], [-83.391617, 42.39691], [-83.391932, 42.402912], [-83.392913, 42.403938], [-83.393743, 42.408098], [-83.393898, 42.411161]]]}, "properties": {"GEOID": "26163557400", "tract_name": "5574", "total_n_nonNAP": null, "achieved_n": null, "reconveyed_n": null, "closed_n": null, "reconveyance_rate_pct": null, "in_progress_n": null, "at_risk_n": null, "at_risk_pct": null, "tax_delinquent_pct": null, "median_days_to_compliance": null}}, {"type": "Feature", "geometry": {"bbox": [-83.257478, 42.407468, -83.236547, 42.415183], "type": "Polygon", "coordinates": [[[-83.257478, 42.414736], [-83.253365, 42.414813], [-83.248952, 42.414887], [-83.243576, 42.41503], [-83.238206, 42.415183], [-83.237856, 42.409937], [-83.237791, 42.40854], [-83.236547, 42.408041], [-83.237743, 42.407896], [-83.242947, 42.407781], [-83.249625, 42.407652], [-83.257118, 42.407468], [-83.257478, 42.414736]]]}, "properties": {"GEOID": "26163543200", "tract_name": "5432", "total_n_nonNAP": 51, "achieved_n": 43, "reconveyed_n": 8, "closed_n": 51, "reconveyance_rate_pct": 15.7, "in_progress_n": 0, "at_risk_n": 0, "at_risk_pct": null, "tax_delinquent_pct": null, "median_days_to_compliance": 722.0}}, {"type": "Feature", "geometry": {"bbox": [-83.017866, 42.374041, -83.000349, 42.390326], "type": "Polygon", "coordinates": [[[-83.014688, 42.378823], [-83.01048900000002, 42.385175], [-83.007085, 42.390326], [-83.006937, 42.39023], [-83.000349, 42.38087], [-83.005789, 42.378681], [-83.012615, 42.375968], [-83.017866, 42.374041], [-83.014688, 42.378823]]]}, "properties": {"GEOID": "26163514200", "tract_name": "5142", "total_n_nonNAP": 106, "achieved_n": 54, "reconveyed_n": 26, "closed_n": 80, "reconveyance_rate_pct": 32.5, "in_progress_n": 26, "at_risk_n": 6, "at_risk_pct": 23.1, "tax_delinquent_pct": 65.4, "median_days_to_compliance": 828.0}}, {"type": "Feature", "geometry": {"bbox": [-82.946696, 42.360557, -82.930354, 42.37514], "type": "Polygon", "coordinates": [[[-82.946696, 42.371917], [-82.93891, 42.37514], [-82.934977, 42.369075], [-82.930354, 42.36214], [-82.930697, 42.361525], [-82.932007, 42.36217800000001], [-82.936474, 42.360557], [-82.94069800000001, 42.36698], [-82.941919, 42.366536], [-82.943763, 42.36934], [-82.944775, 42.368977], [-82.946696, 42.371917]]]}, "properties": {"GEOID": "26163513200", "tract_name": "5132", "total_n_nonNAP": 43, "achieved_n": 25, "reconveyed_n": 14, "closed_n": 39, "reconveyance_rate_pct": 35.9, "in_progress_n": 4, "at_risk_n": 0, "at_risk_pct": 0.0, "tax_delinquent_pct": 50.0, "median_days_to_compliance": 679}}, {"type": "Feature", "geometry": {"bbox": [-83.077978, 42.3110303355601, -83.059481, 42.327955], "type": "Polygon", "coordinates": [[[-83.077978, 42.317571], [-83.073494, 42.3195], [-83.073211, 42.321035], [-83.076038, 42.32604], [-83.074717, 42.326434], [-83.069822, 42.327955], [-83.069189, 42.326845], [-83.06426400000001, 42.327889], [-83.061659, 42.32457300000001], [-83.059481, 42.323831], [-83.066145, 42.321664], [-83.065573, 42.320025], [-83.065338, 42.319541], [-83.063637, 42.316857], [-83.07193, 42.311842], [-83.073484720076, 42.3110303355601], [-83.075635, 42.31434900000001], [-83.077978, 42.317571]]]}, "properties": {"GEOID": "26163985300", "tract_name": "9853", "total_n_nonNAP": null, "achieved_n": null, "reconveyed_n": null, "closed_n": null, "reconveyance_rate_pct": null, "in_progress_n": null, "at_risk_n": null, "at_risk_pct": null, "tax_delinquent_pct": null, "median_days_to_compliance": null}}, {"type": "Feature", "geometry": {"bbox": [-83.39315, 42.191353, -83.32591, 42.240048], "type": "Polygon", "coordinates": [[[-83.39315, 42.208727], [-83.386407, 42.208627], [-83.385787, 42.208394], [-83.381294, 42.214611], [-83.380959, 42.215058], [-83.38162, 42.2154], [-83.385273, 42.219767], [-83.385493, 42.225833], [-83.370239, 42.229602], [-83.34084000000001, 42.23685], [-83.327852, 42.240048], [-83.325971, 42.196752], [-83.325954, 42.196413], [-83.32591, 42.195523], [-83.333037, 42.195327], [-83.339982, 42.195195], [-83.34238, 42.194847], [-83.345538, 42.193681], [-83.349369, 42.192235], [-83.35348, 42.191353], [-83.359541, 42.191477], [-83.374823, 42.194527], [-83.380841, 42.194257], [-83.38892800000002, 42.194193], [-83.389349, 42.203393], [-83.389892, 42.205109], [-83.39315, 42.208727]]]}, "properties": {"GEOID": "26163985400", "tract_name": "9854", "total_n_nonNAP": null, "achieved_n": null, "reconveyed_n": null, "closed_n": null, "reconveyance_rate_pct": null, "in_progress_n": null, "at_risk_n": null, "at_risk_pct": null, "tax_delinquent_pct": null, "median_days_to_compliance": null}}, {"type": "Feature", "geometry": {"bbox": [-83.06361100000001, 42.411507, -83.038125, 42.419169], "type": "Polygon", "coordinates": [[[-83.06361100000001, 42.418653], [-83.047718, 42.418968], [-83.038339, 42.419169], [-83.038216, 42.415572], [-83.038125, 42.411973], [-83.047514, 42.411775], [-83.058779, 42.411507], [-83.061487, 42.415521], [-83.06361100000001, 42.418653]]]}, "properties": {"GEOID": "26163511300", "tract_name": "5113", "total_n_nonNAP": 121, "achieved_n": 109, "reconveyed_n": 3, "closed_n": 112, "reconveyance_rate_pct": 2.7, "in_progress_n": 9, "at_risk_n": 2, "at_risk_pct": 22.2, "tax_delinquent_pct": 33.3, "median_days_to_compliance": 688}}, {"type": "Feature", "geometry": {"bbox": [-83.03783000000001, 42.332592, -83.028269, 42.339035], "type": "Polygon", "coordinates": [[[-83.03783000000001, 42.335795000000005], [-83.032877, 42.337966], [-83.030395, 42.339035], [-83.028269, 42.335819], [-83.034173, 42.333287], [-83.03589, 42.332592], [-83.03783000000001, 42.335795000000005]]]}, "properties": {"GEOID": "26163517100", "tract_name": "5171", "total_n_nonNAP": null, "achieved_n": null, "reconveyed_n": null, "closed_n": null, "reconveyance_rate_pct": null, "in_progress_n": null, "at_risk_n": null, "at_risk_pct": null, "tax_delinquent_pct": null, "median_days_to_compliance": null}}, {"type": "Feature", "geometry": {"bbox": [-83.072088, 42.343224, -83.062973, 42.353027], "type": "Polygon", "coordinates": [[[-83.072088, 42.351623], [-83.070058, 42.35229], [-83.067619, 42.353027], [-83.066498, 42.351062], [-83.065778, 42.349797], [-83.065162, 42.348718], [-83.064417, 42.347418], [-83.062973, 42.344886], [-83.068015, 42.343224], [-83.068078, 42.34336], [-83.06919, 42.345922], [-83.071052, 42.3498], [-83.072088, 42.351623]]]}, "properties": {"GEOID": "26163520400", "tract_name": "5204", "total_n_nonNAP": null, "achieved_n": null, "reconveyed_n": null, "closed_n": null, "reconveyance_rate_pct": null, "in_progress_n": null, "at_risk_n": null, "at_risk_pct": null, "tax_delinquent_pct": null, "median_days_to_compliance": null}}, {"type": "Feature", "geometry": {"bbox": [-83.128149, 42.401587, -83.112089, 42.417482], "type": "Polygon", "coordinates": [[[-83.128149, 42.417349], [-83.121932, 42.417482], [-83.117146, 42.410391], [-83.113309, 42.404673], [-83.112089, 42.403031], [-83.11577700000001, 42.401587], [-83.118184, 42.403177], [-83.12245, 42.404871], [-83.127406, 42.40508], [-83.127689, 42.410155], [-83.127807, 42.410154], [-83.128149, 42.417349]]]}, "properties": {"GEOID": "26163530100", "tract_name": "5301", "total_n_nonNAP": 96, "achieved_n": 51, "reconveyed_n": 20, "closed_n": 71, "reconveyance_rate_pct": 28.2, "in_progress_n": 25, "at_risk_n": 5, "at_risk_pct": 20.0, "tax_delinquent_pct": 40.0, "median_days_to_compliance": 569}}, {"type": "Feature", "geometry": {"bbox": [-83.131634, 42.417294, -83.105293, 42.432133], "type": "Polygon", "coordinates": [[[-83.131634, 42.431748], [-83.125931, 42.431819], [-83.114981, 42.432133], [-83.111318, 42.426714], [-83.108593, 42.422646], [-83.105858, 42.418735], [-83.105293, 42.417749], [-83.11644, 42.417579], [-83.121932, 42.417482], [-83.128149, 42.417349], [-83.130862, 42.417294], [-83.130639, 42.417728], [-83.1313, 42.42443], [-83.131634, 42.431748]]]}, "properties": {"GEOID": "26163538300", "tract_name": "5383", "total_n_nonNAP": 5, "achieved_n": 3, "reconveyed_n": 2, "closed_n": 5, "reconveyance_rate_pct": 40.0, "in_progress_n": 0, "at_risk_n": 0, "at_risk_pct": null, "tax_delinquent_pct": null, "median_days_to_compliance": 1112}}, {"type": "Feature", "geometry": {"bbox": [-83.487166, 42.292924, -83.457077, 42.308126], "type": "Polygon", "coordinates": [[[-83.487166, 42.307403], [-83.477442, 42.307662], [-83.465272, 42.307879], [-83.457958, 42.308126], [-83.457077, 42.293571], [-83.463431, 42.293392], [-83.466816, 42.293308], [-83.47674700000002, 42.293079], [-83.486522, 42.292924], [-83.486805, 42.300179], [-83.487166, 42.307403]]]}, "properties": {"GEOID": "26163564600", "tract_name": "5646", "total_n_nonNAP": null, "achieved_n": null, "reconveyed_n": null, "closed_n": null, "reconveyance_rate_pct": null, "in_progress_n": null, "at_risk_n": null, "at_risk_pct": null, "tax_delinquent_pct": null, "median_days_to_compliance": null}}, {"type": "Feature", "geometry": {"bbox": [-83.480216, 42.358502, -83.458366, 42.371525], "type": "Polygon", "coordinates": [[[-83.480216, 42.371525], [-83.47181, 42.370174], [-83.469443, 42.369795], [-83.461179, 42.368277], [-83.460067, 42.36655], [-83.458366, 42.36452], [-83.459951, 42.364501], [-83.459683, 42.358959], [-83.469534, 42.358751], [-83.479281, 42.358502], [-83.480216, 42.371525]]]}, "properties": {"GEOID": "26163562700", "tract_name": "5627", "total_n_nonNAP": null, "achieved_n": null, "reconveyed_n": null, "closed_n": null, "reconveyance_rate_pct": null, "in_progress_n": null, "at_risk_n": null, "at_risk_pct": null, "tax_delinquent_pct": null, "median_days_to_compliance": null}}, {"type": "Feature", "geometry": {"bbox": [-83.005789, 42.36971400000001, -82.99412, 42.38087], "type": "Polygon", "coordinates": [[[-83.000349, 42.38087], [-82.99412, 42.372046], [-82.999297, 42.36971400000001], [-83.005789, 42.378681], [-83.000349, 42.38087]]]}, "properties": {"GEOID": "26163514500", "tract_name": "5145", "total_n_nonNAP": 34, "achieved_n": 17, "reconveyed_n": 9, "closed_n": 26, "reconveyance_rate_pct": 34.6, "in_progress_n": 8, "at_risk_n": 3, "at_risk_pct": 37.5, "tax_delinquent_pct": 62.5, "median_days_to_compliance": 627}}, {"type": "Feature", "geometry": {"bbox": [-83.168085, 42.365998, -83.15072, 42.373635], "type": "Polygon", "coordinates": [[[-83.168085, 42.371041], [-83.164482, 42.371133], [-83.158459, 42.37129], [-83.158569, 42.373505], [-83.151142, 42.373635], [-83.15072, 42.373468], [-83.15142600000001, 42.371367], [-83.15122, 42.366316], [-83.158209, 42.366194], [-83.161582, 42.366127], [-83.164324, 42.366071], [-83.167928, 42.365998], [-83.168085, 42.371041]]]}, "properties": {"GEOID": "26163534400", "tract_name": "5344", "total_n_nonNAP": 130, "achieved_n": 70, "reconveyed_n": 30, "closed_n": 100, "reconveyance_rate_pct": 30.0, "in_progress_n": 30, "at_risk_n": 11, "at_risk_pct": 36.7, "tax_delinquent_pct": 53.3, "median_days_to_compliance": 683.5}}, {"type": "Feature", "geometry": {"bbox": [-83.080593, 42.363601, -83.063257, 42.383261], "type": "Polygon", "coordinates": [[[-83.080593, 42.381113], [-83.074765, 42.383261], [-83.067528, 42.372498], [-83.063257, 42.36611], [-83.066768, 42.364598], [-83.068815, 42.363601], [-83.073387, 42.370351], [-83.07655, 42.375106], [-83.07794, 42.377169], [-83.080593, 42.381113]]]}, "properties": {"GEOID": "26163511900", "tract_name": "5119", "total_n_nonNAP": 38, "achieved_n": 30, "reconveyed_n": 5, "closed_n": 35, "reconveyance_rate_pct": 14.3, "in_progress_n": 3, "at_risk_n": 2, "at_risk_pct": 66.7, "tax_delinquent_pct": 66.7, "median_days_to_compliance": 562.0}}, {"type": "Feature", "geometry": {"bbox": [-83.115311, 42.318149, -83.091481, 42.334557], "type": "Polygon", "coordinates": [[[-83.115311, 42.324195], [-83.10679, 42.325362], [-83.102829, 42.331296], [-83.100564, 42.334557], [-83.099587, 42.333407], [-83.096715, 42.333796], [-83.092487, 42.32734], [-83.091481, 42.325914], [-83.097907, 42.323161], [-83.104078, 42.320932], [-83.110908, 42.318149], [-83.111471, 42.318923], [-83.115311, 42.324195]]]}, "properties": {"GEOID": "26163523100", "tract_name": "5231", "total_n_nonNAP": 3, "achieved_n": 3, "reconveyed_n": 0, "closed_n": 3, "reconveyance_rate_pct": 0.0, "in_progress_n": 0, "at_risk_n": 0, "at_risk_pct": null, "tax_delinquent_pct": null, "median_days_to_compliance": 714}}, {"type": "Feature", "geometry": {"bbox": [-83.246827, 42.380462, -83.230859, 42.395825], "type": "Polygon", "coordinates": [[[-83.246827, 42.393267], [-83.240277, 42.39341], [-83.237138, 42.393478], [-83.237231, 42.395796], [-83.232358, 42.395825], [-83.232282, 42.393589000000006], [-83.231092, 42.393609], [-83.230859, 42.386385], [-83.236851, 42.386254], [-83.236653, 42.380462], [-83.241026, 42.384094], [-83.242107, 42.384741], [-83.243626, 42.385305], [-83.246592, 42.38561], [-83.246827, 42.393267]]]}, "properties": {"GEOID": "26163543700", "tract_name": "5437", "total_n_nonNAP": 98, "achieved_n": 67, "reconveyed_n": 18, "closed_n": 85, "reconveyance_rate_pct": 21.2, "in_progress_n": 13, "at_risk_n": 4, "at_risk_pct": 30.8, "tax_delinquent_pct": 61.5, "median_days_to_compliance": 643}}, {"type": "Feature", "geometry": {"bbox": [-83.196609, 42.334385, -83.17643100000001, 42.351284], "type": "Polygon", "coordinates": [[[-83.196609, 42.35089], [-83.191287, 42.350992], [-83.186911, 42.351079], [-83.181934, 42.351181], [-83.177184, 42.351284], [-83.17703, 42.347637], [-83.176874, 42.343985], [-83.176614, 42.338538], [-83.176454, 42.334933], [-83.17643100000001, 42.334385], [-83.177152, 42.334915], [-83.186488, 42.341993], [-83.188826, 42.343762], [-83.190942, 42.343734], [-83.196288, 42.343665], [-83.196609, 42.35089]]]}, "properties": {"GEOID": "26163573800", "tract_name": "5738", "total_n_nonNAP": null, "achieved_n": null, "reconveyed_n": null, "closed_n": null, "reconveyance_rate_pct": null, "in_progress_n": null, "at_risk_n": null, "at_risk_pct": null, "tax_delinquent_pct": null, "median_days_to_compliance": null}}, {"type": "Feature", "geometry": {"bbox": [-83.11263, 42.432312, -83.094924, 42.447140000000005], "type": "Polygon", "coordinates": [[[-83.11263, 42.446799], [-83.112342, 42.446809], [-83.109626, 42.446959], [-83.102875, 42.447140000000005], [-83.097421, 42.44682], [-83.094929, 42.446862], [-83.095199, 42.439744], [-83.094924, 42.432473], [-83.100931, 42.432312], [-83.106768, 42.439481], [-83.107831, 42.441077], [-83.112581, 42.446708], [-83.11263, 42.446799]]]}, "properties": {"GEOID": "26163508100", "tract_name": "5081", "total_n_nonNAP": 264, "achieved_n": 126, "reconveyed_n": 53, "closed_n": 179, "reconveyance_rate_pct": 29.6, "in_progress_n": 85, "at_risk_n": 27, "at_risk_pct": 31.8, "tax_delinquent_pct": 64.7, "median_days_to_compliance": 585.5}}, {"type": "Feature", "geometry": {"bbox": [-83.397435, 42.276248, -83.377737, 42.28849], "type": "Polygon", "coordinates": [[[-83.397435, 42.288088], [-83.384778, 42.288372], [-83.378042, 42.28849], [-83.377898, 42.285792], [-83.381219, 42.28573], [-83.381123, 42.282857], [-83.377776, 42.282329], [-83.377737, 42.281405], [-83.378217, 42.281128], [-83.378226, 42.279392], [-83.386477, 42.277949], [-83.397064, 42.276248], [-83.397228, 42.281418], [-83.397435, 42.288088]]]}, "properties": {"GEOID": "26163566500", "tract_name": "5665", "total_n_nonNAP": null, "achieved_n": null, "reconveyed_n": null, "closed_n": null, "reconveyance_rate_pct": null, "in_progress_n": null, "at_risk_n": null, "at_risk_pct": null, "tax_delinquent_pct": null, "median_days_to_compliance": null}}, {"type": "Feature", "geometry": {"bbox": [-83.374262, 42.397285, -83.354048, 42.412118], "type": "Polygon", "coordinates": [[[-83.374262, 42.411635], [-83.35470200000002, 42.412118], [-83.354048, 42.39766000000001], [-83.363836, 42.397518], [-83.373712, 42.397285], [-83.373903, 42.404252], [-83.374262, 42.411635]]]}, "properties": {"GEOID": "26163557300", "tract_name": "5573", "total_n_nonNAP": null, "achieved_n": null, "reconveyed_n": null, "closed_n": null, "reconveyance_rate_pct": null, "in_progress_n": null, "at_risk_n": null, "at_risk_pct": null, "tax_delinquent_pct": null, "median_days_to_compliance": null}}, {"type": "Feature", "geometry": {"bbox": [-83.024745, 42.424056, -83.005534, 42.448806], "type": "Polygon", "coordinates": [[[-83.024745, 42.448159], [-83.014908, 42.44843600000001], [-83.014374, 42.44845], [-83.007274, 42.448725], [-83.005534, 42.448806], [-83.014654, 42.43661], [-83.016421, 42.434116], [-83.023886, 42.424056], [-83.023984, 42.426735], [-83.024257, 42.43397], [-83.024501, 42.441341], [-83.024745, 42.448159]]]}, "properties": {"GEOID": "26163505100", "tract_name": "5051", "total_n_nonNAP": 111, "achieved_n": 64, "reconveyed_n": 22, "closed_n": 86, "reconveyance_rate_pct": 25.6, "in_progress_n": 25, "at_risk_n": 9, "at_risk_pct": 36.0, "tax_delinquent_pct": 40.0, "median_days_to_compliance": 704.5}}, {"type": "Feature", "geometry": {"bbox": [-83.548372, 42.349217, -83.50828300000002, 42.382175], "type": "Polygon", "coordinates": [[[-83.548372, 42.367132], [-83.542652, 42.36896], [-83.540036, 42.370316], [-83.537126, 42.372476], [-83.530737, 42.379308], [-83.529219, 42.380255], [-83.525438, 42.38145900000001], [-83.510094, 42.382175], [-83.51008, 42.377552], [-83.509036, 42.36499100000001], [-83.50872, 42.358632], [-83.50828300000002, 42.350486], [-83.52815, 42.350043], [-83.539139, 42.349673], [-83.540117, 42.34978], [-83.541562, 42.34954], [-83.547548, 42.349217], [-83.548226, 42.363936], [-83.548372, 42.367132]]]}, "properties": {"GEOID": "26163561900", "tract_name": "5619", "total_n_nonNAP": null, "achieved_n": null, "reconveyed_n": null, "closed_n": null, "reconveyance_rate_pct": null, "in_progress_n": null, "at_risk_n": null, "at_risk_pct": null, "tax_delinquent_pct": null, "median_days_to_compliance": null}}, {"type": "Feature", "geometry": {"bbox": [-83.271331, 42.290639, -83.250078, 42.299855], "type": "Polygon", "coordinates": [[[-83.271331, 42.297806], [-83.26331, 42.299855], [-83.262807, 42.298335], [-83.260253, 42.297085], [-83.250078, 42.29249], [-83.251389, 42.29097], [-83.253869, 42.29114], [-83.256263, 42.290639], [-83.26119, 42.291003], [-83.270978, 42.290796], [-83.271331, 42.297806]]]}, "properties": {"GEOID": "26163575100", "tract_name": "5751", "total_n_nonNAP": null, "achieved_n": null, "reconveyed_n": null, "closed_n": null, "reconveyance_rate_pct": null, "in_progress_n": null, "at_risk_n": null, "at_risk_pct": null, "tax_delinquent_pct": null, "median_days_to_compliance": null}}, {"type": "Feature", "geometry": {"bbox": [-83.301057, 42.292546, -83.290399, 42.31205], "type": "Polygon", "coordinates": [[[-83.301057, 42.311869], [-83.296792, 42.311946], [-83.29110800000001, 42.31205], [-83.290865, 42.30663400000001], [-83.290776, 42.304821], [-83.290399, 42.294178], [-83.300165, 42.292546], [-83.300725, 42.304639], [-83.300914, 42.308733], [-83.301057, 42.311869]]]}, "properties": {"GEOID": "26163570100", "tract_name": "5701", "total_n_nonNAP": null, "achieved_n": null, "reconveyed_n": null, "closed_n": null, "reconveyance_rate_pct": null, "in_progress_n": null, "at_risk_n": null, "at_risk_pct": null, "tax_delinquent_pct": null, "median_days_to_compliance": null}}, {"type": "Feature", "geometry": {"bbox": [-83.151837, 42.234585, -83.137628, 42.253558], "type": "Polygon", "coordinates": [[[-83.149326, 42.242497], [-83.14726600000002, 42.249143], [-83.146041, 42.252992], [-83.144875, 42.25272], [-83.145185, 42.25149], [-83.141323, 42.250579], [-83.140059, 42.253558], [-83.137628, 42.252607], [-83.138775, 42.250043], [-83.140108, 42.24798], [-83.142194, 42.244899], [-83.143747, 42.244035000000004], [-83.145587, 42.239438], [-83.148342, 42.236062], [-83.148509, 42.234868], [-83.149113, 42.234585], [-83.151837, 42.234642], [-83.149326, 42.242497]]]}, "properties": {"GEOID": "26163579800", "tract_name": "5798", "total_n_nonNAP": null, "achieved_n": null, "reconveyed_n": null, "closed_n": null, "reconveyance_rate_pct": null, "in_progress_n": null, "at_risk_n": null, "at_risk_pct": null, "tax_delinquent_pct": null, "median_days_to_compliance": null}}, {"type": "Feature", "geometry": {"bbox": [-83.146637, 42.367398, -83.138751, 42.381185], "type": "Polygon", "coordinates": [[[-83.146637, 42.381033], [-83.139317, 42.381185], [-83.139221, 42.378818], [-83.139109, 42.37614], [-83.138999, 42.373515], [-83.138908, 42.371332], [-83.138751, 42.367398], [-83.143197, 42.3693], [-83.14497100000001, 42.371153], [-83.146014, 42.37352800000001], [-83.146178, 42.376012], [-83.146138, 42.379672], [-83.146637, 42.381033]]]}, "properties": {"GEOID": "26163534100", "tract_name": "5341", "total_n_nonNAP": 91, "achieved_n": 59, "reconveyed_n": 18, "closed_n": 77, "reconveyance_rate_pct": 23.4, "in_progress_n": 14, "at_risk_n": 4, "at_risk_pct": 28.6, "tax_delinquent_pct": 21.4, "median_days_to_compliance": 737}}, {"type": "Feature", "geometry": {"bbox": [-83.140836, 42.404807, -83.127406, 42.417349], "type": "Polygon", "coordinates": [[[-83.140836, 42.417147], [-83.135307, 42.417225], [-83.130862, 42.417294], [-83.128149, 42.417349], [-83.127807, 42.410154], [-83.127689, 42.410155], [-83.127406, 42.40508], [-83.140343, 42.404807], [-83.140349, 42.404957], [-83.140537, 42.409904], [-83.140836, 42.417147]]]}, "properties": {"GEOID": "26163530200", "tract_name": "5302", "total_n_nonNAP": 78, "achieved_n": 53, "reconveyed_n": 14, "closed_n": 67, "reconveyance_rate_pct": 20.9, "in_progress_n": 11, "at_risk_n": 5, "at_risk_pct": 45.5, "tax_delinquent_pct": 72.7, "median_days_to_compliance": 706}}, {"type": "Feature", "geometry": {"bbox": [-83.35470200000002, 42.39766000000001, -83.334504, 42.412606], "type": "Polygon", "coordinates": [[[-83.35470200000002, 42.412118], [-83.335186, 42.412606], [-83.334928, 42.406588], [-83.334504, 42.398143], [-83.354048, 42.39766000000001], [-83.35470200000002, 42.412118]]]}, "properties": {"GEOID": "26163557200", "tract_name": "5572", "total_n_nonNAP": null, "achieved_n": null, "reconveyed_n": null, "closed_n": null, "reconveyance_rate_pct": null, "in_progress_n": null, "at_risk_n": null, "at_risk_pct": null, "tax_delinquent_pct": null, "median_days_to_compliance": null}}, {"type": "Feature", "geometry": {"bbox": [-82.909629, 42.418274, -82.882831, 42.443421], "type": "Polygon", "coordinates": [[[-82.909098, 42.430634], [-82.908335, 42.435521], [-82.907115, 42.443421], [-82.904702, 42.443029], [-82.900134, 42.44193], [-82.896631, 42.441082], [-82.882831, 42.437745], [-82.887812, 42.424223], [-82.890018, 42.418274], [-82.909629, 42.426282], [-82.909098, 42.430634]]]}, "properties": {"GEOID": "26163551100", "tract_name": "5511", "total_n_nonNAP": null, "achieved_n": null, "reconveyed_n": null, "closed_n": null, "reconveyance_rate_pct": null, "in_progress_n": null, "at_risk_n": null, "at_risk_pct": null, "tax_delinquent_pct": null, "median_days_to_compliance": null}}, {"type": "Feature", "geometry": {"bbox": [-83.235105, 42.328812, -83.215355, 42.336135], "type": "Polygon", "coordinates": [[[-83.235105, 42.335834], [-83.232643, 42.335897], [-83.225412, 42.336003], [-83.21593700000001, 42.336128], [-83.215415, 42.336135], [-83.215355, 42.328945], [-83.21558500000002, 42.328941], [-83.22502900000002, 42.328815], [-83.225226, 42.328812], [-83.227707, 42.332377], [-83.23245, 42.33087], [-83.234981, 42.32983], [-83.235105, 42.335834]]]}, "properties": {"GEOID": "26163545700", "tract_name": "5457", "total_n_nonNAP": 61, "achieved_n": 58, "reconveyed_n": 3, "closed_n": 61, "reconveyance_rate_pct": 4.9, "in_progress_n": 0, "at_risk_n": 0, "at_risk_pct": null, "tax_delinquent_pct": null, "median_days_to_compliance": 376.0}}, {"type": "Feature", "geometry": {"bbox": [-83.017474, 42.34366, -83.002079, 42.357718000000006], "type": "Polygon", "coordinates": [[[-83.013347, 42.356097], [-83.008858, 42.357718000000006], [-83.007463, 42.355604], [-83.004024, 42.350393], [-83.00291800000001, 42.348658], [-83.002079, 42.347158], [-83.010052, 42.34366], [-83.012107, 42.34692600000001], [-83.017474, 42.355026], [-83.013347, 42.356097]]]}, "properties": {"GEOID": "26163516400", "tract_name": "5164", "total_n_nonNAP": 12, "achieved_n": 4, "reconveyed_n": 5, "closed_n": 9, "reconveyance_rate_pct": 55.6, "in_progress_n": 3, "at_risk_n": 1, "at_risk_pct": 33.3, "tax_delinquent_pct": 66.7, "median_days_to_compliance": 825.0}}, {"type": "Feature", "geometry": {"bbox": [-83.000349, 42.372046, -82.978571, 42.387266000000004], "type": "Polygon", "coordinates": [[[-83.000349, 42.38087], [-82.992503, 42.384004], [-82.98385, 42.387266000000004], [-82.978917, 42.379726000000005], [-82.978571, 42.379145], [-82.98653800000001, 42.375525], [-82.99412, 42.372046], [-83.000349, 42.38087]]]}, "properties": {"GEOID": "26163514100", "tract_name": "5141", "total_n_nonNAP": 203, "achieved_n": 99, "reconveyed_n": 48, "closed_n": 147, "reconveyance_rate_pct": 32.7, "in_progress_n": 56, "at_risk_n": 20, "at_risk_pct": 35.7, "tax_delinquent_pct": 51.8, "median_days_to_compliance": 603}}, {"type": "Feature", "geometry": {"bbox": [-83.261758, 42.38561, -83.240277, 42.40062], "type": "Polygon", "coordinates": [[[-83.261758, 42.40026], [-83.25683300000001, 42.40029], [-83.24268, 42.400586], [-83.240562, 42.40062], [-83.240277, 42.39341], [-83.246827, 42.393267], [-83.246592, 42.38561], [-83.256192, 42.385616], [-83.258782, 42.38569], [-83.261314, 42.385788], [-83.261519, 42.393034], [-83.261758, 42.40026]]]}, "properties": {"GEOID": "26163544800", "tract_name": "5448", "total_n_nonNAP": 133, "achieved_n": 86, "reconveyed_n": 18, "closed_n": 104, "reconveyance_rate_pct": 17.3, "in_progress_n": 29, "at_risk_n": 7, "at_risk_pct": 24.1, "tax_delinquent_pct": 44.8, "median_days_to_compliance": 562.0}}, {"type": "Feature", "geometry": {"bbox": [-83.197286, 42.35089, -83.181934, 42.365688000000006], "type": "Polygon", "coordinates": [[[-83.197286, 42.365365], [-83.190755, 42.365508], [-83.182474, 42.365688000000006], [-83.182207, 42.35845200000001], [-83.182145, 42.356066], [-83.181934, 42.351181], [-83.186911, 42.351079], [-83.191287, 42.350992], [-83.196609, 42.35089], [-83.196885, 42.355758], [-83.196997, 42.358129], [-83.197113, 42.360537], [-83.197286, 42.365365]]]}, "properties": {"GEOID": "26163535800", "tract_name": "5358", "total_n_nonNAP": 71, "achieved_n": 57, "reconveyed_n": 7, "closed_n": 64, "reconveyance_rate_pct": 10.9, "in_progress_n": 7, "at_risk_n": 2, "at_risk_pct": 28.6, "tax_delinquent_pct": 57.1, "median_days_to_compliance": 514}}, {"type": "Feature", "geometry": {"bbox": [-83.127442, 42.384929, -83.117928, 42.393019], "type": "Polygon", "coordinates": [[[-83.127442, 42.391012], [-83.12203, 42.393019], [-83.120621, 42.39093], [-83.119599, 42.38941], [-83.118757, 42.388164], [-83.117928, 42.386933], [-83.123353, 42.384929], [-83.126061, 42.388954000000005], [-83.127442, 42.391012]]]}, "properties": {"GEOID": "26163531502", "tract_name": "5315.02", "total_n_nonNAP": 69, "achieved_n": 37, "reconveyed_n": 17, "closed_n": 54, "reconveyance_rate_pct": 31.5, "in_progress_n": 15, "at_risk_n": 3, "at_risk_pct": 20.0, "tax_delinquent_pct": 53.3, "median_days_to_compliance": 650}}, {"type": "Feature", "geometry": {"bbox": [-83.128832, 42.306254, -83.113712, 42.319153], "type": "Polygon", "coordinates": [[[-83.128832, 42.318874], [-83.12673200000002, 42.319153], [-83.12456400000002, 42.316935], [-83.113712, 42.315616], [-83.115031, 42.313705], [-83.116615, 42.311412], [-83.118037, 42.309354], [-83.120176, 42.306254], [-83.120507, 42.307316], [-83.124314, 42.312636], [-83.127584, 42.317154], [-83.128832, 42.318874]]]}, "properties": {"GEOID": "26163524001", "tract_name": "5240.01", "total_n_nonNAP": 16, "achieved_n": 15, "reconveyed_n": 0, "closed_n": 15, "reconveyance_rate_pct": 0.0, "in_progress_n": 1, "at_risk_n": 1, "at_risk_pct": 100.0, "tax_delinquent_pct": 100.0, "median_days_to_compliance": 596}}, {"type": "Feature", "geometry": {"bbox": [-83.046634, 42.351596, -83.023962, 42.370473], "type": "Polygon", "coordinates": [[[-83.046634, 42.36358], [-83.035857, 42.367492], [-83.02765500000001, 42.370473], [-83.023962, 42.364836], [-83.029003, 42.357142], [-83.032046, 42.352495], [-83.035866, 42.351596], [-83.038258, 42.355211], [-83.04051, 42.354371], [-83.046634, 42.36358]]]}, "properties": {"GEOID": "26163519000", "tract_name": "5190", "total_n_nonNAP": 29, "achieved_n": 22, "reconveyed_n": 3, "closed_n": 25, "reconveyance_rate_pct": 12.0, "in_progress_n": 4, "at_risk_n": 2, "at_risk_pct": 50.0, "tax_delinquent_pct": 25.0, "median_days_to_compliance": 881.5}}, {"type": "Feature", "geometry": {"bbox": [-83.412744, 42.381757, -83.402192, 42.396617], "type": "Polygon", "coordinates": [[[-83.412744, 42.396371], [-83.402944, 42.396617], [-83.40262000000001, 42.389864], [-83.402192, 42.382031], [-83.41203, 42.381757], [-83.41236700000002, 42.389107], [-83.412744, 42.396371]]]}, "properties": {"GEOID": "26163983400", "tract_name": "9834", "total_n_nonNAP": null, "achieved_n": null, "reconveyed_n": null, "closed_n": null, "reconveyance_rate_pct": null, "in_progress_n": null, "at_risk_n": null, "at_risk_pct": null, "tax_delinquent_pct": null, "median_days_to_compliance": null}}, {"type": "Feature", "geometry": {"bbox": [-83.21558500000002, 42.311014, -83.202432, 42.329025], "type": "Polygon", "coordinates": [[[-83.215355, 42.328945], [-83.204162, 42.329025], [-83.203855, 42.321846], [-83.202432, 42.314511], [-83.214819, 42.311014], [-83.21558500000002, 42.328941], [-83.215355, 42.328945]]]}, "properties": {"GEOID": "26163983902", "tract_name": "9839.02", "total_n_nonNAP": null, "achieved_n": null, "reconveyed_n": null, "closed_n": null, "reconveyance_rate_pct": null, "in_progress_n": null, "at_risk_n": null, "at_risk_pct": null, "tax_delinquent_pct": null, "median_days_to_compliance": null}}, {"type": "Feature", "geometry": {"bbox": [-83.09556, 42.393102, -83.079728, 42.406676], "type": "Polygon", "coordinates": [[[-83.09556, 42.403299], [-83.086534, 42.406676], [-83.083407, 42.402002], [-83.079728, 42.396482], [-83.088665, 42.393102], [-83.090614, 42.395995], [-83.092048, 42.398126], [-83.093513, 42.400295], [-83.09556, 42.403299]]]}, "properties": {"GEOID": "26163553601", "tract_name": "5536.01", "total_n_nonNAP": null, "achieved_n": null, "reconveyed_n": null, "closed_n": null, "reconveyance_rate_pct": null, "in_progress_n": null, "at_risk_n": null, "at_risk_pct": null, "tax_delinquent_pct": null, "median_days_to_compliance": null}}, {"type": "Feature", "geometry": {"bbox": [-83.131368, 42.315616, -83.111471, 42.324195], "type": "Polygon", "coordinates": [[[-83.128946, 42.322855], [-83.12183700000001, 42.323241], [-83.115311, 42.324195], [-83.111471, 42.318923], [-83.113712, 42.315616], [-83.12456400000002, 42.316935], [-83.12673200000002, 42.319153], [-83.128832, 42.318874], [-83.131368, 42.322383], [-83.128946, 42.322855]]]}, "properties": {"GEOID": "26163984200", "tract_name": "9842", "total_n_nonNAP": null, "achieved_n": null, "reconveyed_n": null, "closed_n": null, "reconveyance_rate_pct": null, "in_progress_n": null, "at_risk_n": null, "at_risk_pct": null, "tax_delinquent_pct": null, "median_days_to_compliance": null}}, {"type": "Feature", "geometry": {"bbox": [-83.401905, 42.36767900000001, -83.38919800000001, 42.375569], "type": "Polygon", "coordinates": [[[-83.401905, 42.375569], [-83.397107, 42.374815], [-83.389389, 42.375078], [-83.38919800000001, 42.367969], [-83.401546, 42.36767900000001], [-83.401905, 42.375569]]]}, "properties": {"GEOID": "26163983302", "tract_name": "9833.02", "total_n_nonNAP": null, "achieved_n": null, "reconveyed_n": null, "closed_n": null, "reconveyance_rate_pct": null, "in_progress_n": null, "at_risk_n": null, "at_risk_pct": null, "tax_delinquent_pct": null, "median_days_to_compliance": null}}, {"type": "Feature", "geometry": {"bbox": [-83.217679, 42.155266, -83.205905, 42.169994], "type": "Polygon", "coordinates": [[[-83.217679, 42.169804], [-83.206432, 42.169994], [-83.205905, 42.164681], [-83.206382, 42.155453], [-83.212104, 42.155343], [-83.217204, 42.155266], [-83.217432, 42.162375], [-83.217679, 42.169804]]]}, "properties": {"GEOID": "26163982200", "tract_name": "9822", "total_n_nonNAP": null, "achieved_n": null, "reconveyed_n": null, "closed_n": null, "reconveyance_rate_pct": null, "in_progress_n": null, "at_risk_n": null, "at_risk_pct": null, "tax_delinquent_pct": null, "median_days_to_compliance": null}}, {"type": "Feature", "geometry": {"bbox": [-83.266599, 42.357046, -83.260743, 42.375225], "type": "Polygon", "coordinates": [[[-83.266599, 42.374458], [-83.266153, 42.37508600000001], [-83.26098, 42.375225], [-83.260743, 42.364382], [-83.265483, 42.364265], [-83.265246, 42.357065], [-83.265656, 42.357055], [-83.265987, 42.357046], [-83.266213, 42.364266], [-83.266599, 42.374458]]]}, "properties": {"GEOID": "26163546301", "tract_name": "5463.01", "total_n_nonNAP": 6, "achieved_n": 5, "reconveyed_n": 1, "closed_n": 6, "reconveyance_rate_pct": 16.7, "in_progress_n": 0, "at_risk_n": 0, "at_risk_pct": null, "tax_delinquent_pct": null, "median_days_to_compliance": 374}}, {"type": "Feature", "geometry": {"bbox": [-83.113451, 42.2866531362876, -83.0783907869466, 42.312658], "type": "Polygon", "coordinates": [[[-83.113451, 42.292343], [-83.101334, 42.29766800000001], [-83.097784, 42.301244], [-83.091737, 42.303729], [-83.085624, 42.308777], [-83.082589, 42.31075100000001], [-83.081432, 42.312658], [-83.080346, 42.311143], [-83.0783907869466, 42.3084160358432], [-83.080392, 42.306794], [-83.09729, 42.290068], [-83.099643, 42.287136], [-83.0998889046341, 42.2866531362876], [-83.103666, 42.287922], [-83.109225, 42.289225], [-83.111144, 42.289474], [-83.113451, 42.292343]]]}, "properties": {"GEOID": "26163984100", "tract_name": "9841", "total_n_nonNAP": null, "achieved_n": null, "reconveyed_n": null, "closed_n": null, "reconveyance_rate_pct": null, "in_progress_n": null, "at_risk_n": null, "at_risk_pct": null, "tax_delinquent_pct": null, "median_days_to_compliance": null}}, {"type": "Feature", "geometry": {"bbox": [-83.218031, 42.198871, -83.202525, 42.206338], "type": "Polygon", "coordinates": [[[-83.218031, 42.206105], [-83.209042, 42.20624], [-83.202525, 42.206338], [-83.204651, 42.204568], [-83.205683, 42.202734], [-83.205533, 42.199067], [-83.209245, 42.199009], [-83.211354, 42.198975], [-83.217784, 42.198871], [-83.218031, 42.206105]]]}, "properties": {"GEOID": "26163982700", "tract_name": "9827", "total_n_nonNAP": null, "achieved_n": null, "reconveyed_n": null, "closed_n": null, "reconveyance_rate_pct": null, "in_progress_n": null, "at_risk_n": null, "at_risk_pct": null, "tax_delinquent_pct": null, "median_days_to_compliance": null}}, {"type": "Feature", "geometry": {"bbox": [-83.214397, 42.111941, -83.174556, 42.141373], "type": "Polygon", "coordinates": [[[-83.210224, 42.11653], [-83.201753, 42.126701], [-83.195413, 42.133965], [-83.189514, 42.141307], [-83.183953, 42.141373], [-83.182459, 42.141334], [-83.177975, 42.140857], [-83.174556, 42.14041], [-83.174985, 42.138713], [-83.175146, 42.136244000000005], [-83.180208, 42.136508], [-83.182922, 42.136731], [-83.185415, 42.130112], [-83.186927, 42.130372], [-83.185296, 42.135171], [-83.188759, 42.135965], [-83.197182, 42.126733], [-83.188482, 42.126787], [-83.189351, 42.125292], [-83.201234, 42.112213], [-83.214397, 42.111941], [-83.210224, 42.11653]]]}, "properties": {"GEOID": "26163594401", "tract_name": "5944.01", "total_n_nonNAP": null, "achieved_n": null, "reconveyed_n": null, "closed_n": null, "reconveyance_rate_pct": null, "in_progress_n": null, "at_risk_n": null, "at_risk_pct": null, "tax_delinquent_pct": null, "median_days_to_compliance": null}}, {"type": "Feature", "geometry": {"bbox": [-83.258174, 42.197783, -83.248151, 42.20552], "type": "Polygon", "coordinates": [[[-83.258174, 42.201804], [-83.25796, 42.202307], [-83.255696, 42.20511], [-83.248399, 42.20552], [-83.248151, 42.198035], [-83.258074, 42.197783], [-83.258174, 42.201804]]]}, "properties": {"GEOID": "26163982400", "tract_name": "9824", "total_n_nonNAP": null, "achieved_n": null, "reconveyed_n": null, "closed_n": null, "reconveyance_rate_pct": null, "in_progress_n": null, "at_risk_n": null, "at_risk_pct": null, "tax_delinquent_pct": null, "median_days_to_compliance": null}}, {"type": "Feature", "geometry": {"bbox": [-83.454784, 42.220413, -83.43996600000001, 42.23458800000001], "type": "Polygon", "coordinates": [[[-83.454784, 42.234536], [-83.44538700000001, 42.23458800000001], [-83.445088, 42.234581], [-83.444889, 42.226963], [-83.444378, 42.225235], [-83.440343, 42.222587], [-83.43996600000001, 42.220413], [-83.448299, 42.221386], [-83.45455, 42.220694], [-83.4546, 42.227085], [-83.454784, 42.234536]]]}, "properties": {"GEOID": "26163588002", "tract_name": "5880.02", "total_n_nonNAP": null, "achieved_n": null, "reconveyed_n": null, "closed_n": null, "reconveyance_rate_pct": null, "in_progress_n": null, "at_risk_n": null, "at_risk_pct": null, "tax_delinquent_pct": null, "median_days_to_compliance": null}}, {"type": "Feature", "geometry": {"bbox": [-83.070038, 42.368497, -83.033876, 42.393056], "type": "Polygon", "coordinates": [[[-83.069134, 42.393056], [-83.066452, 42.38977500000001], [-83.062487, 42.391243], [-83.061937, 42.39041], [-83.055683, 42.381145], [-83.051304, 42.386894], [-83.05070500000001, 42.38604], [-83.043393, 42.38883], [-83.044356, 42.390181], [-83.039167, 42.385984], [-83.034676, 42.379867], [-83.033876, 42.379279], [-83.034999, 42.378649], [-83.041786, 42.376137], [-83.051144, 42.372758], [-83.052261, 42.372049], [-83.053909, 42.371249], [-83.057919, 42.368497], [-83.058956, 42.370728], [-83.060281, 42.374425], [-83.068331, 42.386431], [-83.069052, 42.387511], [-83.070038, 42.390163], [-83.069134, 42.393056]]]}, "properties": {"GEOID": "26163985100", "tract_name": "9851", "total_n_nonNAP": null, "achieved_n": null, "reconveyed_n": null, "closed_n": null, "reconveyance_rate_pct": null, "in_progress_n": null, "at_risk_n": null, "at_risk_pct": null, "tax_delinquent_pct": null, "median_days_to_compliance": null}}, {"type": "Feature", "geometry": {"bbox": [-82.942786, 42.419344, -82.927656, 42.43009], "type": "Polygon", "coordinates": [[[-82.942786, 42.423174], [-82.937382, 42.43009], [-82.932195, 42.427968], [-82.927656, 42.426062], [-82.931535, 42.421115], [-82.93359400000001, 42.419344], [-82.938741, 42.421523], [-82.942786, 42.423174]]]}, "properties": {"GEOID": "26163500800", "tract_name": "5008", "total_n_nonNAP": 44, "achieved_n": 37, "reconveyed_n": 3, "closed_n": 40, "reconveyance_rate_pct": 7.5, "in_progress_n": 4, "at_risk_n": 1, "at_risk_pct": 25.0, "tax_delinquent_pct": 100.0, "median_days_to_compliance": 369.0}}, {"type": "Feature", "geometry": {"bbox": [-83.030311, 42.34137900000001, -83.012107, 42.355026], "type": "Polygon", "coordinates": [[[-83.030311, 42.349866], [-83.025572, 42.351926], [-83.017474, 42.355026], [-83.012107, 42.34692600000001], [-83.018466, 42.34417], [-83.024763, 42.341458], [-83.024947, 42.34137900000001], [-83.026405, 42.34359], [-83.026525, 42.344258], [-83.025942, 42.345026], [-83.02564, 42.345998], [-83.026382, 42.347156], [-83.028622, 42.347956], [-83.030311, 42.349866]]]}, "properties": {"GEOID": "26163516700", "tract_name": "5167", "total_n_nonNAP": null, "achieved_n": null, "reconveyed_n": null, "closed_n": null, "reconveyance_rate_pct": null, "in_progress_n": null, "at_risk_n": null, "at_risk_pct": null, "tax_delinquent_pct": null, "median_days_to_compliance": null}}, {"type": "Feature", "geometry": {"bbox": [-83.237856, 42.401099, -83.218386, 42.410122], "type": "Polygon", "coordinates": [[[-83.237856, 42.409937], [-83.236714, 42.409896], [-83.228821, 42.409928], [-83.218822, 42.410117], [-83.218637, 42.410122], [-83.218532, 42.408332], [-83.21871300000001, 42.408328], [-83.218386, 42.401121], [-83.219307, 42.401099], [-83.232589, 42.406449], [-83.236547, 42.408041], [-83.237791, 42.40854], [-83.237856, 42.409937]]]}, "properties": {"GEOID": "26163543000", "tract_name": "5430", "total_n_nonNAP": 3, "achieved_n": 3, "reconveyed_n": 0, "closed_n": 3, "reconveyance_rate_pct": 0.0, "in_progress_n": 0, "at_risk_n": 0, "at_risk_pct": null, "tax_delinquent_pct": null, "median_days_to_compliance": 270}}, {"type": "Feature", "geometry": {"bbox": [-83.184846, 42.401938, -83.169402, 42.409535], "type": "Polygon", "coordinates": [[[-83.184846, 42.409195], [-83.179466, 42.409361000000004], [-83.169768, 42.409535], [-83.169587, 42.405863], [-83.169402, 42.402229], [-83.179129, 42.402080000000005], [-83.184526, 42.401938], [-83.184846, 42.409195]]]}, "properties": {"GEOID": "26163537000", "tract_name": "5370", "total_n_nonNAP": 104, "achieved_n": 76, "reconveyed_n": 19, "closed_n": 95, "reconveyance_rate_pct": 20.0, "in_progress_n": 9, "at_risk_n": 2, "at_risk_pct": 22.2, "tax_delinquent_pct": 44.4, "median_days_to_compliance": 762.5}}, {"type": "Feature", "geometry": {"bbox": [-83.374914, 42.411635, -83.35470200000002, 42.426568], "type": "Polygon", "coordinates": [[[-83.374914, 42.426133], [-83.361311, 42.426466], [-83.35538, 42.426568], [-83.355081, 42.420582], [-83.35470200000002, 42.412118], [-83.374262, 42.411635], [-83.374624, 42.418881], [-83.374914, 42.426133]]]}, "properties": {"GEOID": "26163556800", "tract_name": "5568", "total_n_nonNAP": null, "achieved_n": null, "reconveyed_n": null, "closed_n": null, "reconveyance_rate_pct": null, "in_progress_n": null, "at_risk_n": null, "at_risk_pct": null, "tax_delinquent_pct": null, "median_days_to_compliance": null}}, {"type": "Feature", "geometry": {"bbox": [-83.355901, 42.426568, -83.335887, 42.441575], "type": "Polygon", "coordinates": [[[-83.355901, 42.441086], [-83.346305, 42.441333], [-83.346035, 42.441339], [-83.336456, 42.441575], [-83.336577, 42.440689], [-83.335887, 42.427105], [-83.345635, 42.426808], [-83.345851, 42.426802], [-83.35538, 42.426568], [-83.355683, 42.433753], [-83.355901, 42.441086]]]}, "properties": {"GEOID": "26163556200", "tract_name": "5562", "total_n_nonNAP": null, "achieved_n": null, "reconveyed_n": null, "closed_n": null, "reconveyance_rate_pct": null, "in_progress_n": null, "at_risk_n": null, "at_risk_pct": null, "tax_delinquent_pct": null, "median_days_to_compliance": null}}, {"type": "Feature", "geometry": {"bbox": [-83.199874, 42.423155, -83.179067, 42.430821], "type": "Polygon", "coordinates": [[[-83.199874, 42.430422], [-83.195018, 42.430555], [-83.189921, 42.430724], [-83.187158, 42.430821], [-83.179067, 42.423851], [-83.18014700000002, 42.42383], [-83.186222, 42.423622], [-83.189738, 42.423502], [-83.194728, 42.423312], [-83.199588, 42.423155], [-83.199874, 42.430422]]]}, "properties": {"GEOID": "26163539600", "tract_name": "5396", "total_n_nonNAP": 28, "achieved_n": 26, "reconveyed_n": 2, "closed_n": 28, "reconveyance_rate_pct": 7.1, "in_progress_n": 0, "at_risk_n": 0, "at_risk_pct": null, "tax_delinquent_pct": null, "median_days_to_compliance": 324.0}}, {"type": "Feature", "geometry": {"bbox": [-83.039193, 42.433682, -83.024257, 42.441341], "type": "Polygon", "coordinates": [[[-83.039193, 42.440824], [-83.034298, 42.44112], [-83.024501, 42.441341], [-83.024257, 42.43397], [-83.038948, 42.433682], [-83.039193, 42.440824]]]}, "properties": {"GEOID": "26163506200", "tract_name": "5062", "total_n_nonNAP": 57, "achieved_n": 39, "reconveyed_n": 9, "closed_n": 48, "reconveyance_rate_pct": 18.8, "in_progress_n": 9, "at_risk_n": 2, "at_risk_pct": 22.2, "tax_delinquent_pct": 33.3, "median_days_to_compliance": 572}}, {"type": "Feature", "geometry": {"bbox": [-83.206432, 42.155453, -83.188096, 42.170374], "type": "Polygon", "coordinates": [[[-83.206432, 42.169994], [-83.19423200000001, 42.170256], [-83.188714, 42.170374], [-83.188325, 42.16229], [-83.188096, 42.155853], [-83.195889, 42.155727], [-83.196614, 42.155722], [-83.206382, 42.155453], [-83.205905, 42.164681], [-83.206432, 42.169994]]]}, "properties": {"GEOID": "26163595201", "tract_name": "5952.01", "total_n_nonNAP": null, "achieved_n": null, "reconveyed_n": null, "closed_n": null, "reconveyance_rate_pct": null, "in_progress_n": null, "at_risk_n": null, "at_risk_pct": null, "tax_delinquent_pct": null, "median_days_to_compliance": null}}, {"type": "Feature", "geometry": {"bbox": [-83.236851, 42.378028, -83.216931, 42.39389200000001], "type": "Polygon", "coordinates": [[[-83.236851, 42.386254], [-83.230859, 42.386385], [-83.231092, 42.393609], [-83.227407, 42.39369], [-83.225009, 42.393744], [-83.222607, 42.393799], [-83.218087, 42.39389200000001], [-83.217786, 42.391481], [-83.21755, 42.386712], [-83.216931, 42.378803], [-83.227126, 42.378028], [-83.231853, 42.378223], [-83.233185, 42.378558], [-83.236653, 42.380462], [-83.236851, 42.386254]]]}, "properties": {"GEOID": "26163543300", "tract_name": "5433", "total_n_nonNAP": 58, "achieved_n": 42, "reconveyed_n": 7, "closed_n": 49, "reconveyance_rate_pct": 14.3, "in_progress_n": 9, "at_risk_n": 1, "at_risk_pct": 11.1, "tax_delinquent_pct": 33.3, "median_days_to_compliance": 590.5}}, {"type": "Feature", "geometry": {"bbox": [-83.033876, 42.364836, -83.006248, 42.391544], "type": "Polygon", "coordinates": [[[-83.033876, 42.379279], [-83.029624, 42.383702], [-83.026359, 42.384908], [-83.021752, 42.38583], [-83.020176, 42.386277], [-83.008292, 42.390947000000004], [-83.006248, 42.391544], [-83.007085, 42.390326], [-83.01048900000002, 42.385175], [-83.014688, 42.378823], [-83.017866, 42.374041], [-83.018738, 42.372728], [-83.023962, 42.364836], [-83.02765500000001, 42.370473], [-83.033016, 42.378606], [-83.033876, 42.379279]]]}, "properties": {"GEOID": "26163519200", "tract_name": "5192", "total_n_nonNAP": 181, "achieved_n": 66, "reconveyed_n": 45, "closed_n": 111, "reconveyance_rate_pct": 40.5, "in_progress_n": 70, "at_risk_n": 20, "at_risk_pct": 28.6, "tax_delinquent_pct": 54.3, "median_days_to_compliance": 711.0}}, {"type": "Feature", "geometry": {"bbox": [-83.224409, 42.267281, -83.203987, 42.278185], "type": "Polygon", "coordinates": [[[-83.224409, 42.268132], [-83.224179, 42.269477], [-83.221627, 42.272534], [-83.217729, 42.277222], [-83.217241, 42.277842], [-83.216444, 42.277545], [-83.208845, 42.278185], [-83.203987, 42.276299], [-83.207439, 42.272773], [-83.210949, 42.270669], [-83.216536, 42.268552], [-83.224201, 42.267281], [-83.224409, 42.268132]]]}, "properties": {"GEOID": "26163576001", "tract_name": "5760.01", "total_n_nonNAP": null, "achieved_n": null, "reconveyed_n": null, "closed_n": null, "reconveyance_rate_pct": null, "in_progress_n": null, "at_risk_n": null, "at_risk_pct": null, "tax_delinquent_pct": null, "median_days_to_compliance": null}}, {"type": "Feature", "geometry": {"bbox": [-83.214819, 42.309747, -83.192425, 42.316427], "type": "Polygon", "coordinates": [[[-83.214819, 42.311014], [-83.202432, 42.314511], [-83.194929, 42.316427], [-83.192425, 42.312953], [-83.21476, 42.309747], [-83.214819, 42.311014]]]}, "properties": {"GEOID": "26163983901", "tract_name": "9839.01", "total_n_nonNAP": null, "achieved_n": null, "reconveyed_n": null, "closed_n": null, "reconveyance_rate_pct": null, "in_progress_n": null, "at_risk_n": null, "at_risk_pct": null, "tax_delinquent_pct": null, "median_days_to_compliance": null}}, {"type": "Feature", "geometry": {"bbox": [-83.300165, 42.275678, -83.289776, 42.294178], "type": "Polygon", "coordinates": [[[-83.300165, 42.292546], [-83.290399, 42.294178], [-83.290033, 42.283107], [-83.289968, 42.281295], [-83.289871, 42.278613], [-83.289776, 42.275896], [-83.29952, 42.275678], [-83.299789, 42.282921], [-83.300165, 42.292546]]]}, "properties": {"GEOID": "26163571000", "tract_name": "5710", "total_n_nonNAP": null, "achieved_n": null, "reconveyed_n": null, "closed_n": null, "reconveyance_rate_pct": null, "in_progress_n": null, "at_risk_n": null, "at_risk_pct": null, "tax_delinquent_pct": null, "median_days_to_compliance": null}}, {"type": "Feature", "geometry": {"bbox": [-82.92983, 42.394829, -82.912557, 42.41239000000001], "type": "Polygon", "coordinates": [[[-82.924942, 42.407851], [-82.918582, 42.410204], [-82.912557, 42.41239000000001], [-82.914935, 42.407266], [-82.917135, 42.402848], [-82.918708, 42.399557], [-82.919118, 42.398926], [-82.921867, 42.395172], [-82.922399, 42.394829], [-82.92983, 42.406075], [-82.924942, 42.407851]]]}, "properties": {"GEOID": "26163501700", "tract_name": "5017", "total_n_nonNAP": 38, "achieved_n": 28, "reconveyed_n": 7, "closed_n": 35, "reconveyance_rate_pct": 20.0, "in_progress_n": 3, "at_risk_n": 0, "at_risk_pct": 0.0, "tax_delinquent_pct": 66.7, "median_days_to_compliance": 649}}, {"type": "Feature", "geometry": {"bbox": [-83.116209, 42.378799, -83.10342800000001, 42.387799], "type": "Polygon", "coordinates": [[[-83.116209, 42.38448], [-83.107317, 42.387799], [-83.10342800000001, 42.382091], [-83.112286, 42.378799], [-83.112799, 42.37961], [-83.114503, 42.382062], [-83.116209, 42.38448]]]}, "properties": {"GEOID": "26163531300", "tract_name": "5313", "total_n_nonNAP": 36, "achieved_n": 27, "reconveyed_n": 6, "closed_n": 33, "reconveyance_rate_pct": 18.2, "in_progress_n": 3, "at_risk_n": 2, "at_risk_pct": 66.7, "tax_delinquent_pct": 33.3, "median_days_to_compliance": 690}}, {"type": "Feature", "geometry": {"bbox": [-83.140343, 42.393312, -83.11577700000001, 42.40508], "type": "Polygon", "coordinates": [[[-83.140343, 42.404807], [-83.127406, 42.40508], [-83.12245, 42.404871], [-83.118184, 42.403177], [-83.11577700000001, 42.401587], [-83.125385, 42.398015], [-83.125753, 42.398567], [-83.13440100000001, 42.39537], [-83.139846, 42.393312], [-83.139938, 42.395418], [-83.140149, 42.40039000000001], [-83.140255, 42.402664], [-83.140343, 42.404807]]]}, "properties": {"GEOID": "26163530300", "tract_name": "5303", "total_n_nonNAP": 60, "achieved_n": 42, "reconveyed_n": 7, "closed_n": 49, "reconveyance_rate_pct": 14.3, "in_progress_n": 11, "at_risk_n": 1, "at_risk_pct": 9.1, "tax_delinquent_pct": 54.5, "median_days_to_compliance": 648.5}}, {"type": "Feature", "geometry": {"bbox": [-83.076301, 42.395605, -83.059842, 42.406334], "type": "Polygon", "coordinates": [[[-83.076301, 42.40189], [-83.072743, 42.403177], [-83.072477, 42.403296], [-83.069218, 42.404518], [-83.067627, 42.405105], [-83.064284, 42.406334], [-83.061642, 42.402369], [-83.059842, 42.399806], [-83.064815, 42.397978], [-83.068272, 42.396705], [-83.07119200000001, 42.395605], [-83.07377, 42.39878600000001], [-83.076301, 42.40189]]]}, "properties": {"GEOID": "26163552100", "tract_name": "5521", "total_n_nonNAP": null, "achieved_n": null, "reconveyed_n": null, "closed_n": null, "reconveyance_rate_pct": null, "in_progress_n": null, "at_risk_n": null, "at_risk_pct": null, "tax_delinquent_pct": null, "median_days_to_compliance": null}}, {"type": "Feature", "geometry": {"bbox": [-82.98385, 42.366982, -82.958905, 42.389288], "type": "Polygon", "coordinates": [[[-82.979307, 42.388896], [-82.976029, 42.389288], [-82.97116, 42.387454], [-82.968509, 42.384589], [-82.968399, 42.384458], [-82.967843, 42.383696], [-82.962535, 42.375569], [-82.958905, 42.370001], [-82.964932, 42.369208], [-82.970611, 42.366982], [-82.973625, 42.371581000000006], [-82.978571, 42.379145], [-82.978917, 42.379726000000005], [-82.98385, 42.387266000000004], [-82.979307, 42.388896]]]}, "properties": {"GEOID": "26163985200", "tract_name": "9852", "total_n_nonNAP": null, "achieved_n": null, "reconveyed_n": null, "closed_n": null, "reconveyance_rate_pct": null, "in_progress_n": null, "at_risk_n": null, "at_risk_pct": null, "tax_delinquent_pct": null, "median_days_to_compliance": null}}, {"type": "Feature", "geometry": {"bbox": [-83.269974, 42.248236000000006, -83.250037, 42.25928100000001], "type": "Polygon", "coordinates": [[[-83.269974, 42.254383], [-83.260238, 42.25679], [-83.255729, 42.257893], [-83.250219, 42.25928100000001], [-83.250115, 42.256054], [-83.250037, 42.248873], [-83.258486, 42.248537], [-83.269768, 42.248236000000006], [-83.269974, 42.254383]]]}, "properties": {"GEOID": "26163583300", "tract_name": "5833", "total_n_nonNAP": null, "achieved_n": null, "reconveyed_n": null, "closed_n": null, "reconveyance_rate_pct": null, "in_progress_n": null, "at_risk_n": null, "at_risk_pct": null, "tax_delinquent_pct": null, "median_days_to_compliance": null}}, {"type": "Feature", "geometry": {"bbox": [-83.375469, 42.426133, -83.35538, 42.441086], "type": "Polygon", "coordinates": [[[-83.375469, 42.440557], [-83.367896, 42.440774], [-83.365711, 42.440838], [-83.365563, 42.440842], [-83.355901, 42.441086], [-83.355683, 42.433753], [-83.35538, 42.426568], [-83.361311, 42.426466], [-83.374914, 42.426133], [-83.375469, 42.440557]]]}, "properties": {"GEOID": "26163556300", "tract_name": "5563", "total_n_nonNAP": null, "achieved_n": null, "reconveyed_n": null, "closed_n": null, "reconveyance_rate_pct": null, "in_progress_n": null, "at_risk_n": null, "at_risk_pct": null, "tax_delinquent_pct": null, "median_days_to_compliance": null}}, {"type": "Feature", "geometry": {"bbox": [-83.287803, 42.428554, -83.277561, 42.442868], "type": "Polygon", "coordinates": [[[-83.287803, 42.442683], [-83.278517, 42.442864], [-83.278263, 42.442868], [-83.278639, 42.441474], [-83.278958, 42.439756], [-83.277964, 42.435164], [-83.277561, 42.428939], [-83.287341, 42.428554], [-83.287527, 42.434882], [-83.28777, 42.442524], [-83.287803, 42.442683]]]}, "properties": {"GEOID": "26163541800", "tract_name": "5418", "total_n_nonNAP": 11, "achieved_n": 9, "reconveyed_n": 1, "closed_n": 10, "reconveyance_rate_pct": 10.0, "in_progress_n": 1, "at_risk_n": 1, "at_risk_pct": 100.0, "tax_delinquent_pct": 0.0, "median_days_to_compliance": 391}}, {"type": "Feature", "geometry": {"bbox": [-83.430038, 42.331303, -83.409076, 42.352936], "type": "Polygon", "coordinates": [[[-83.430038, 42.352465], [-83.420282, 42.352718], [-83.410316, 42.352936], [-83.410255, 42.352081], [-83.409823, 42.346799000000004], [-83.409745, 42.345727], [-83.409212, 42.33696100000001], [-83.409076, 42.334026], [-83.413492, 42.332907], [-83.414518, 42.332883], [-83.418713, 42.332921], [-83.42232, 42.33293400000001], [-83.42588100000002, 42.33165], [-83.429179, 42.331303], [-83.429597, 42.341727], [-83.430038, 42.352465]]]}, "properties": {"GEOID": "26163565200", "tract_name": "5652", "total_n_nonNAP": null, "achieved_n": null, "reconveyed_n": null, "closed_n": null, "reconveyance_rate_pct": null, "in_progress_n": null, "at_risk_n": null, "at_risk_pct": null, "tax_delinquent_pct": null, "median_days_to_compliance": null}}, {"type": "Feature", "geometry": {"bbox": [-83.350677, 42.325125, -83.330932, 42.339984], "type": "Polygon", "coordinates": [[[-83.350677, 42.332367], [-83.347822, 42.332481], [-83.347976, 42.33484000000001], [-83.346357, 42.334882], [-83.346448, 42.336663], [-83.341718, 42.337341], [-83.336946, 42.339833], [-83.331577, 42.339984], [-83.331415, 42.336469], [-83.331257, 42.333014], [-83.331252, 42.332914], [-83.330932, 42.325601], [-83.350383, 42.325125], [-83.350677, 42.332367]]]}, "properties": {"GEOID": "26163569300", "tract_name": "5693", "total_n_nonNAP": null, "achieved_n": null, "reconveyed_n": null, "closed_n": null, "reconveyance_rate_pct": null, "in_progress_n": null, "at_risk_n": null, "at_risk_pct": null, "tax_delinquent_pct": null, "median_days_to_compliance": null}}, {"type": "Feature", "geometry": {"bbox": [-82.985659, 42.442205, -82.967938, 42.449836], "type": "Polygon", "coordinates": [[[-82.985659, 42.44928], [-82.978318, 42.449465], [-82.971041, 42.449665], [-82.967938, 42.449836], [-82.972807, 42.44250100000001], [-82.97804200000002, 42.442394], [-82.985407, 42.442205], [-82.985659, 42.44928]]]}, "properties": {"GEOID": "26163503100", "tract_name": "5031", "total_n_nonNAP": 24, "achieved_n": 23, "reconveyed_n": 0, "closed_n": 23, "reconveyance_rate_pct": 0.0, "in_progress_n": 1, "at_risk_n": 1, "at_risk_pct": 100.0, "tax_delinquent_pct": 100.0, "median_days_to_compliance": 307}}, {"type": "Feature", "geometry": {"bbox": [-83.268939, 42.211978, -83.25393, 42.226902], "type": "Polygon", "coordinates": [[[-83.268939, 42.226467], [-83.254281, 42.226902], [-83.254191, 42.219739], [-83.25393, 42.212388], [-83.268489, 42.211978], [-83.268739, 42.21928], [-83.268939, 42.226467]]]}, "properties": {"GEOID": "26163584200", "tract_name": "5842", "total_n_nonNAP": null, "achieved_n": null, "reconveyed_n": null, "closed_n": null, "reconveyance_rate_pct": null, "in_progress_n": null, "at_risk_n": null, "at_risk_pct": null, "tax_delinquent_pct": null, "median_days_to_compliance": null}}, {"type": "Feature", "geometry": {"bbox": [-83.167525, 42.185203, -83.146965, 42.200106], "type": "Polygon", "coordinates": [[[-83.165216, 42.192347], [-83.162935, 42.199758], [-83.153069, 42.19995], [-83.150675, 42.200106], [-83.146965, 42.199139], [-83.148844, 42.19260400000001], [-83.150517, 42.19260800000001], [-83.15442, 42.185409], [-83.167525, 42.185203], [-83.165216, 42.192347]]]}, "properties": {"GEOID": "26163580800", "tract_name": "5808", "total_n_nonNAP": null, "achieved_n": null, "reconveyed_n": null, "closed_n": null, "reconveyance_rate_pct": null, "in_progress_n": null, "at_risk_n": null, "at_risk_pct": null, "tax_delinquent_pct": null, "median_days_to_compliance": null}}, {"type": "Feature", "geometry": {"bbox": [-83.297036, 42.413999, -83.286698, 42.428554], "type": "Polygon", "coordinates": [[[-83.297036, 42.428367], [-83.288138, 42.428548], [-83.287341, 42.428554], [-83.287042, 42.421439], [-83.286698, 42.414252], [-83.296471, 42.413999], [-83.296691, 42.421178], [-83.297036, 42.428367]]]}, "properties": {"GEOID": "26163554400", "tract_name": "5544", "total_n_nonNAP": null, "achieved_n": null, "reconveyed_n": null, "closed_n": null, "reconveyance_rate_pct": null, "in_progress_n": null, "at_risk_n": null, "at_risk_pct": null, "tax_delinquent_pct": null, "median_days_to_compliance": null}}, {"type": "Feature", "geometry": {"bbox": [-83.057877, 42.339986, -83.043799, 42.351218], "type": "Polygon", "coordinates": [[[-83.055861, 42.348267], [-83.053605, 42.34923], [-83.051888, 42.349728], [-83.047821, 42.351218], [-83.04441400000002, 42.34593100000001], [-83.043799, 42.343593000000006], [-83.048682, 42.341831], [-83.05291000000001, 42.339986], [-83.057877, 42.347381], [-83.055861, 42.348267]]]}, "properties": {"GEOID": "26163517300", "tract_name": "5173", "total_n_nonNAP": null, "achieved_n": null, "reconveyed_n": null, "closed_n": null, "reconveyance_rate_pct": null, "in_progress_n": null, "at_risk_n": null, "at_risk_pct": null, "tax_delinquent_pct": null, "median_days_to_compliance": null}}, {"type": "Feature", "geometry": {"bbox": [-83.215415, 42.328945, -83.195592, 42.336439], "type": "Polygon", "coordinates": [[[-83.215415, 42.336135], [-83.213658, 42.335784], [-83.209507, 42.336268], [-83.20211, 42.336353], [-83.196135, 42.336435], [-83.19591, 42.336439], [-83.195829, 42.33463], [-83.195592, 42.32919], [-83.195801, 42.329185], [-83.204162, 42.329025], [-83.215355, 42.328945], [-83.215415, 42.336135]]]}, "properties": {"GEOID": "26163983903", "tract_name": "9839.03", "total_n_nonNAP": null, "achieved_n": null, "reconveyed_n": null, "closed_n": null, "reconveyance_rate_pct": null, "in_progress_n": null, "at_risk_n": null, "at_risk_pct": null, "tax_delinquent_pct": null, "median_days_to_compliance": null}}, {"type": "Feature", "geometry": {"bbox": [-82.956743, 42.406468, -82.943396, 42.41661], "type": "Polygon", "coordinates": [[[-82.956743, 42.411369], [-82.952274, 42.41661], [-82.951793, 42.41641], [-82.943396, 42.412935], [-82.94858000000002, 42.409064], [-82.950309, 42.408051], [-82.955612, 42.406468], [-82.956342, 42.407073], [-82.956743, 42.411369]]]}, "properties": {"GEOID": "26163501200", "tract_name": "5012", "total_n_nonNAP": 93, "achieved_n": 50, "reconveyed_n": 22, "closed_n": 72, "reconveyance_rate_pct": 30.6, "in_progress_n": 21, "at_risk_n": 7, "at_risk_pct": 33.3, "tax_delinquent_pct": 33.3, "median_days_to_compliance": 588.0}}, {"type": "Feature", "geometry": {"bbox": [-83.091027, 42.354498, -83.076031, 42.367197], "type": "Polygon", "coordinates": [[[-83.090702, 42.363731], [-83.089802, 42.36418], [-83.086601, 42.36539], [-83.081802, 42.367197], [-83.076031, 42.35906000000001], [-83.080993, 42.356037], [-83.08248, 42.35537500000001], [-83.085116, 42.354498], [-83.085186, 42.354623], [-83.088095, 42.359755], [-83.088662, 42.36048900000001], [-83.091027, 42.363609000000004], [-83.090702, 42.363731]]]}, "properties": {"GEOID": "26163522400", "tract_name": "5224", "total_n_nonNAP": 2, "achieved_n": 1, "reconveyed_n": 0, "closed_n": 1, "reconveyance_rate_pct": 0.0, "in_progress_n": 1, "at_risk_n": 0, "at_risk_pct": 0.0, "tax_delinquent_pct": 0.0, "median_days_to_compliance": 503}}, {"type": "Feature", "geometry": {"bbox": [-83.275429, 42.356887, -83.265987, 42.374458], "type": "Polygon", "coordinates": [[[-83.275429, 42.371181], [-83.271833, 42.371356], [-83.271905, 42.374259], [-83.266599, 42.374458], [-83.266213, 42.364266], [-83.265987, 42.357046], [-83.274343, 42.356887], [-83.274963, 42.358315], [-83.275219, 42.364077], [-83.275429, 42.371181]]]}, "properties": {"GEOID": "26163555401", "tract_name": "5554.01", "total_n_nonNAP": null, "achieved_n": null, "reconveyed_n": null, "closed_n": null, "reconveyance_rate_pct": null, "in_progress_n": null, "at_risk_n": null, "at_risk_pct": null, "tax_delinquent_pct": null, "median_days_to_compliance": null}}, {"type": "Feature", "geometry": {"bbox": [-83.21954, 42.43002, -83.199874, 42.437624], "type": "Polygon", "coordinates": [[[-83.21954, 42.437237], [-83.21351, 42.437343], [-83.213179, 42.437349], [-83.207593, 42.437463], [-83.200178, 42.437624], [-83.199874, 42.430422], [-83.207364, 42.430312], [-83.212771, 42.43019600000001], [-83.219233, 42.43002], [-83.21954, 42.437237]]]}, "properties": {"GEOID": "26163540200", "tract_name": "5402", "total_n_nonNAP": 168, "achieved_n": 119, "reconveyed_n": 23, "closed_n": 142, "reconveyance_rate_pct": 16.2, "in_progress_n": 26, "at_risk_n": 9, "at_risk_pct": 34.6, "tax_delinquent_pct": 53.8, "median_days_to_compliance": 582}}, {"type": "Feature", "geometry": {"bbox": [-83.478875, 42.328924, -83.459029, 42.33709000000001], "type": "Polygon", "coordinates": [[[-83.478875, 42.336742], [-83.469093, 42.336754], [-83.459362, 42.33709000000001], [-83.459029, 42.330321], [-83.46317, 42.330169], [-83.465129, 42.329264], [-83.468696, 42.328987], [-83.47444, 42.328924], [-83.478524, 42.329399], [-83.478875, 42.336742]]]}, "properties": {"GEOID": "26163563800", "tract_name": "5638", "total_n_nonNAP": null, "achieved_n": null, "reconveyed_n": null, "closed_n": null, "reconveyance_rate_pct": null, "in_progress_n": null, "at_risk_n": null, "at_risk_pct": null, "tax_delinquent_pct": null, "median_days_to_compliance": null}}, {"type": "Feature", "geometry": {"bbox": [-83.20038600000001, 42.430422, -83.187158, 42.442343], "type": "Polygon", "coordinates": [[[-83.20038600000001, 42.442343], [-83.194372, 42.43783], [-83.187158, 42.430821], [-83.189921, 42.430724], [-83.195018, 42.430555], [-83.199874, 42.430422], [-83.200178, 42.437624], [-83.20038600000001, 42.442343]]]}, "properties": {"GEOID": "26163539700", "tract_name": "5397", "total_n_nonNAP": 9, "achieved_n": 9, "reconveyed_n": 0, "closed_n": 9, "reconveyance_rate_pct": 0.0, "in_progress_n": 0, "at_risk_n": 0, "at_risk_pct": null, "tax_delinquent_pct": null, "median_days_to_compliance": 311}}, {"type": "Feature", "geometry": {"bbox": [-83.228156, 42.282564, -83.20472000000001, 42.298412], "type": "Polygon", "coordinates": [[[-83.228156, 42.292936], [-83.219589, 42.294893], [-83.208995, 42.297313], [-83.206197, 42.298412], [-83.20472000000001, 42.296146], [-83.204772, 42.292925], [-83.205497, 42.29163], [-83.206917, 42.289947], [-83.213215, 42.282564], [-83.215734, 42.286678], [-83.217589, 42.287924000000004], [-83.21854, 42.288439], [-83.220685, 42.28942], [-83.223459, 42.290234], [-83.228156, 42.292936]]]}, "properties": {"GEOID": "26163575600", "tract_name": "5756", "total_n_nonNAP": null, "achieved_n": null, "reconveyed_n": null, "closed_n": null, "reconveyance_rate_pct": null, "in_progress_n": null, "at_risk_n": null, "at_risk_pct": null, "tax_delinquent_pct": null, "median_days_to_compliance": null}}, {"type": "Feature", "geometry": {"bbox": [-83.352135, 42.354263, -83.332311, 42.361943], "type": "Polygon", "coordinates": [[[-83.352135, 42.361473], [-83.347355, 42.361595], [-83.347343, 42.360856], [-83.342442, 42.36097], [-83.342473, 42.361719], [-83.332691, 42.361943], [-83.332311, 42.354722], [-83.33576700000002, 42.35463], [-83.342198, 42.35448], [-83.34753, 42.35436], [-83.351774, 42.354263], [-83.352135, 42.361473]]]}, "properties": {"GEOID": "26163559000", "tract_name": "5590", "total_n_nonNAP": null, "achieved_n": null, "reconveyed_n": null, "closed_n": null, "reconveyance_rate_pct": null, "in_progress_n": null, "at_risk_n": null, "at_risk_pct": null, "tax_delinquent_pct": null, "median_days_to_compliance": null}}, {"type": "Feature", "geometry": {"bbox": [-83.199017, 42.401513, -83.184526, 42.409195], "type": "Polygon", "coordinates": [[[-83.199017, 42.408753000000004], [-83.194184, 42.408897], [-83.189233, 42.409055], [-83.184846, 42.409195], [-83.184526, 42.401938], [-83.188917, 42.401818], [-83.193827, 42.401665], [-83.19869500000001, 42.401513], [-83.199017, 42.408753000000004]]]}, "properties": {"GEOID": "26163537500", "tract_name": "5375", "total_n_nonNAP": 58, "achieved_n": 43, "reconveyed_n": 6, "closed_n": 49, "reconveyance_rate_pct": 12.2, "in_progress_n": 9, "at_risk_n": 2, "at_risk_pct": 22.2, "tax_delinquent_pct": 66.7, "median_days_to_compliance": 645}}, {"type": "Feature", "geometry": {"bbox": [-83.183159, 42.372935, -83.168155, 42.385283], "type": "Polygon", "coordinates": [[[-83.183004, 42.380173], [-83.183056, 42.382274], [-83.178366, 42.383321], [-83.176297, 42.383772], [-83.170253, 42.385057], [-83.168602, 42.385283], [-83.168457, 42.380593000000005], [-83.168452, 42.380491], [-83.168155, 42.37323], [-83.173073, 42.373125], [-83.17677, 42.373058], [-83.182973, 42.372935], [-83.183159, 42.37847], [-83.183004, 42.380173]]]}, "properties": {"GEOID": "26163535200", "tract_name": "5352", "total_n_nonNAP": 94, "achieved_n": 67, "reconveyed_n": 15, "closed_n": 82, "reconveyance_rate_pct": 18.3, "in_progress_n": 12, "at_risk_n": 1, "at_risk_pct": 8.3, "tax_delinquent_pct": 41.7, "median_days_to_compliance": 651}}, {"type": "Feature", "geometry": {"bbox": [-83.196851, 42.252466, -83.171271, 42.2714], "type": "Polygon", "coordinates": [[[-83.194558, 42.258798], [-83.192245, 42.26162], [-83.190065, 42.264233], [-83.188454, 42.266163], [-83.184696, 42.270641], [-83.184077, 42.2714], [-83.181096, 42.269698], [-83.17539, 42.265988], [-83.171271, 42.264836], [-83.176382, 42.262651], [-83.179541, 42.259306], [-83.185235, 42.252466], [-83.193296, 42.254954], [-83.196851, 42.256031], [-83.194558, 42.258798]]]}, "properties": {"GEOID": "26163577200", "tract_name": "5772", "total_n_nonNAP": null, "achieved_n": null, "reconveyed_n": null, "closed_n": null, "reconveyance_rate_pct": null, "in_progress_n": null, "at_risk_n": null, "at_risk_pct": null, "tax_delinquent_pct": null, "median_days_to_compliance": null}}, {"type": "Feature", "geometry": {"bbox": [-82.972807, 42.44250100000001, -82.956002, 42.450048], "type": "Polygon", "coordinates": [[[-82.967938, 42.449836], [-82.966093, 42.449886], [-82.957706, 42.450026], [-82.95621000000001, 42.450048], [-82.956002, 42.442863], [-82.965755, 42.442677], [-82.972807, 42.44250100000001], [-82.967938, 42.449836]]]}, "properties": {"GEOID": "26163500200", "tract_name": "5002", "total_n_nonNAP": 67, "achieved_n": 49, "reconveyed_n": 7, "closed_n": 56, "reconveyance_rate_pct": 12.5, "in_progress_n": 11, "at_risk_n": 2, "at_risk_pct": 18.2, "tax_delinquent_pct": 45.5, "median_days_to_compliance": 560.5}}, {"type": "Feature", "geometry": {"bbox": [-83.196288, 42.33463, -83.177152, 42.343762], "type": "Polygon", "coordinates": [[[-83.196288, 42.343665], [-83.190942, 42.343734], [-83.188826, 42.343762], [-83.186488, 42.341993], [-83.177152, 42.334915], [-83.186171, 42.334775], [-83.19054, 42.33471000000001], [-83.195829, 42.33463], [-83.19591, 42.336439], [-83.195983, 42.33824], [-83.196288, 42.343665]]]}, "properties": {"GEOID": "26163573900", "tract_name": "5739", "total_n_nonNAP": null, "achieved_n": null, "reconveyed_n": null, "closed_n": null, "reconveyance_rate_pct": null, "in_progress_n": null, "at_risk_n": null, "at_risk_pct": null, "tax_delinquent_pct": null, "median_days_to_compliance": null}}, {"type": "Feature", "geometry": {"bbox": [-83.389166, 42.324449, -83.364841, 42.339338], "type": "Polygon", "coordinates": [[[-83.38814, 42.328043], [-83.386538, 42.331684], [-83.384873, 42.33571], [-83.384972, 42.338933], [-83.381053, 42.339019], [-83.372998, 42.339191], [-83.370254, 42.339249], [-83.365508, 42.339338], [-83.365325, 42.335844], [-83.36515, 42.332121], [-83.365121, 42.331604], [-83.364841, 42.324924], [-83.374582, 42.32473], [-83.379456, 42.324621], [-83.389166, 42.324449], [-83.38814, 42.328043]]]}, "properties": {"GEOID": "26163567800", "tract_name": "5678", "total_n_nonNAP": null, "achieved_n": null, "reconveyed_n": null, "closed_n": null, "reconveyance_rate_pct": null, "in_progress_n": null, "at_risk_n": null, "at_risk_pct": null, "tax_delinquent_pct": null, "median_days_to_compliance": null}}, {"type": "Feature", "geometry": {"bbox": [-83.110799, 42.350137000000004, -83.085116, 42.363609000000004], "type": "Polygon", "coordinates": [[[-83.10884300000001, 42.357133], [-83.105565, 42.358351], [-83.102401, 42.359526], [-83.099947, 42.360302], [-83.097381, 42.361248], [-83.094512, 42.362313], [-83.091027, 42.363609000000004], [-83.088662, 42.36048900000001], [-83.088095, 42.359755], [-83.085186, 42.354623], [-83.085116, 42.354498], [-83.093718, 42.351795], [-83.095562, 42.351227], [-83.098991, 42.350137000000004], [-83.100549, 42.351644], [-83.102094, 42.352653], [-83.103828, 42.353533], [-83.110799, 42.356125], [-83.10884300000001, 42.357133]]]}, "properties": {"GEOID": "26163522300", "tract_name": "5223", "total_n_nonNAP": 37, "achieved_n": 23, "reconveyed_n": 4, "closed_n": 27, "reconveyance_rate_pct": 14.8, "in_progress_n": 10, "at_risk_n": 1, "at_risk_pct": 10.0, "tax_delinquent_pct": 50.0, "median_days_to_compliance": 769}}, {"type": "Feature", "geometry": {"bbox": [-83.265507, 42.114939, -83.241477, 42.138402], "type": "Polygon", "coordinates": [[[-83.265507, 42.123588], [-83.255794, 42.123786], [-83.256063, 42.131055], [-83.256318, 42.138271], [-83.251283, 42.138351], [-83.246395, 42.138402], [-83.24625, 42.130135], [-83.24617700000002, 42.123996], [-83.241477, 42.124355], [-83.2415, 42.122869], [-83.246071, 42.120866], [-83.247758, 42.120009], [-83.250989, 42.118203], [-83.255472, 42.114939], [-83.255526, 42.116516], [-83.25649, 42.116511], [-83.265396, 42.116494], [-83.265507, 42.123588]]]}, "properties": {"GEOID": "26163593301", "tract_name": "5933.01", "total_n_nonNAP": null, "achieved_n": null, "reconveyed_n": null, "closed_n": null, "reconveyance_rate_pct": null, "in_progress_n": null, "at_risk_n": null, "at_risk_pct": null, "tax_delinquent_pct": null, "median_days_to_compliance": null}}, {"type": "Feature", "geometry": {"bbox": [-83.542102, 42.143907, -83.48213, 42.175547], "type": "Polygon", "coordinates": [[[-83.542102, 42.174344], [-83.520676, 42.174791], [-83.517376, 42.174866], [-83.500728, 42.175166], [-83.482797, 42.175547], [-83.48213, 42.145158], [-83.490175, 42.144623], [-83.499896, 42.144443], [-83.519875, 42.144185], [-83.532573, 42.14408300000001], [-83.541044, 42.143907], [-83.542102, 42.174344]]]}, "properties": {"GEOID": "26163589401", "tract_name": "5894.01", "total_n_nonNAP": null, "achieved_n": null, "reconveyed_n": null, "closed_n": null, "reconveyance_rate_pct": null, "in_progress_n": null, "at_risk_n": null, "at_risk_pct": null, "tax_delinquent_pct": null, "median_days_to_compliance": null}}, {"type": "Feature", "geometry": {"bbox": [-83.146041, 42.250579, -83.133401, 42.26257], "type": "Polygon", "coordinates": [[[-83.146041, 42.252992], [-83.143887, 42.25977], [-83.143128, 42.259342], [-83.141917, 42.26257], [-83.137547, 42.26166500000001], [-83.134562, 42.261035], [-83.133401, 42.260504], [-83.13453000000001, 42.25817], [-83.134863, 42.257821], [-83.138549, 42.25823], [-83.138916, 42.256977], [-83.140059, 42.253558], [-83.141323, 42.250579], [-83.145185, 42.25149], [-83.144875, 42.25272], [-83.146041, 42.252992]]]}, "properties": {"GEOID": "26163579501", "tract_name": "5795.01", "total_n_nonNAP": null, "achieved_n": null, "reconveyed_n": null, "closed_n": null, "reconveyance_rate_pct": null, "in_progress_n": null, "at_risk_n": null, "at_risk_pct": null, "tax_delinquent_pct": null, "median_days_to_compliance": null}}, {"type": "Feature", "geometry": {"bbox": [-83.287341, 42.414252, -83.276967, 42.428939], "type": "Polygon", "coordinates": [[[-83.287341, 42.428554], [-83.277561, 42.428939], [-83.277378, 42.42456], [-83.277233, 42.421724], [-83.276967, 42.414535], [-83.286698, 42.414252], [-83.287042, 42.421439], [-83.287341, 42.428554]]]}, "properties": {"GEOID": "26163541300", "tract_name": "5413", "total_n_nonNAP": 7, "achieved_n": 7, "reconveyed_n": 0, "closed_n": 7, "reconveyance_rate_pct": 0.0, "in_progress_n": 0, "at_risk_n": 0, "at_risk_pct": null, "tax_delinquent_pct": null, "median_days_to_compliance": 1173}}, {"type": "Feature", "geometry": {"bbox": [-83.378394, 42.28849, -83.34893900000002, 42.296404], "type": "Polygon", "coordinates": [[[-83.378394, 42.295747], [-83.371132, 42.295866], [-83.363833, 42.296012], [-83.349238, 42.296404], [-83.349095, 42.29279], [-83.34893900000002, 42.289186], [-83.350946, 42.288954], [-83.363571, 42.288783], [-83.376728, 42.288509], [-83.378042, 42.28849], [-83.378394, 42.295747]]]}, "properties": {"GEOID": "26163568500", "tract_name": "5685", "total_n_nonNAP": null, "achieved_n": null, "reconveyed_n": null, "closed_n": null, "reconveyance_rate_pct": null, "in_progress_n": null, "at_risk_n": null, "at_risk_pct": null, "tax_delinquent_pct": null, "median_days_to_compliance": null}}, {"type": "Feature", "geometry": {"bbox": [-83.187158, 42.41664, -83.170129, 42.431249], "type": "Polygon", "coordinates": [[[-83.180507, 42.431078], [-83.17548, 42.43117], [-83.170698, 42.431249], [-83.170438, 42.423993], [-83.170129, 42.416656], [-83.172061, 42.416641], [-83.172252, 42.41664], [-83.179067, 42.423851], [-83.187158, 42.430821], [-83.180507, 42.431078]]]}, "properties": {"GEOID": "26163539400", "tract_name": "5394", "total_n_nonNAP": 19, "achieved_n": 18, "reconveyed_n": 0, "closed_n": 18, "reconveyance_rate_pct": 0.0, "in_progress_n": 1, "at_risk_n": 0, "at_risk_pct": 0.0, "tax_delinquent_pct": 0.0, "median_days_to_compliance": 354.0}}, {"type": "Feature", "geometry": {"bbox": [-83.26331, 42.291401, -83.23933500000001, 42.305175], "type": "Polygon", "coordinates": [[[-83.26331, 42.299855], [-83.250898, 42.303058], [-83.24548, 42.304401], [-83.243471, 42.304877], [-83.242215, 42.305175], [-83.241541, 42.303998], [-83.23933500000001, 42.302546], [-83.240016, 42.300556], [-83.242703, 42.297392], [-83.246469, 42.292812], [-83.24767, 42.291401], [-83.250078, 42.29249], [-83.260253, 42.297085], [-83.262807, 42.298335], [-83.26331, 42.299855]]]}, "properties": {"GEOID": "26163575000", "tract_name": "5750", "total_n_nonNAP": null, "achieved_n": null, "reconveyed_n": null, "closed_n": null, "reconveyance_rate_pct": null, "in_progress_n": null, "at_risk_n": null, "at_risk_pct": null, "tax_delinquent_pct": null, "median_days_to_compliance": null}}, {"type": "Feature", "geometry": {"bbox": [-83.424953, 42.208394, -83.380959, 42.237611], "type": "Polygon", "coordinates": [[[-83.424953, 42.235639], [-83.415458, 42.234168], [-83.415531, 42.237439], [-83.40582, 42.237587], [-83.395822, 42.237441], [-83.385971, 42.237611], [-83.38576, 42.231785], [-83.385577, 42.227966], [-83.385493, 42.225833], [-83.385273, 42.219767], [-83.38162, 42.2154], [-83.380959, 42.215058], [-83.381294, 42.214611], [-83.385787, 42.208394], [-83.386407, 42.208627], [-83.39315, 42.208727], [-83.394923, 42.209699], [-83.397981, 42.210654], [-83.406106, 42.212432], [-83.408437, 42.213674], [-83.41089, 42.216173], [-83.412033, 42.219247], [-83.413474, 42.224198], [-83.415355, 42.226509], [-83.417949, 42.228055], [-83.424747, 42.229452], [-83.424953, 42.235639]]]}, "properties": {"GEOID": "26163585900", "tract_name": "5859", "total_n_nonNAP": null, "achieved_n": null, "reconveyed_n": null, "closed_n": null, "reconveyance_rate_pct": null, "in_progress_n": null, "at_risk_n": null, "at_risk_pct": null, "tax_delinquent_pct": null, "median_days_to_compliance": null}}, {"type": "Feature", "geometry": {"bbox": [-83.169402, 42.395031, -83.15935, 42.402515], "type": "Polygon", "coordinates": [[[-83.169402, 42.402229], [-83.159688, 42.402515], [-83.159573, 42.400241], [-83.159473, 42.39797], [-83.15935, 42.39524], [-83.162535, 42.395173], [-83.163205, 42.395155], [-83.169053, 42.395031], [-83.169402, 42.402229]]]}, "properties": {"GEOID": "26163536700", "tract_name": "5367", "total_n_nonNAP": 61, "achieved_n": 40, "reconveyed_n": 14, "closed_n": 54, "reconveyance_rate_pct": 25.9, "in_progress_n": 7, "at_risk_n": 2, "at_risk_pct": 28.6, "tax_delinquent_pct": 85.7, "median_days_to_compliance": 514.0}}, {"type": "Feature", "geometry": {"bbox": [-83.167928, 42.358716, -83.157963, 42.366194], "type": "Polygon", "coordinates": [[[-83.167928, 42.365998], [-83.164324, 42.366071], [-83.161582, 42.366127], [-83.158209, 42.366194], [-83.157963, 42.358887], [-83.164097, 42.358716], [-83.167727, 42.358734], [-83.167928, 42.365998]]]}, "properties": {"GEOID": "26163535700", "tract_name": "5357", "total_n_nonNAP": 39, "achieved_n": 27, "reconveyed_n": 7, "closed_n": 34, "reconveyance_rate_pct": 20.6, "in_progress_n": 5, "at_risk_n": 0, "at_risk_pct": 0.0, "tax_delinquent_pct": 40.0, "median_days_to_compliance": 749}}, {"type": "Feature", "geometry": {"bbox": [-83.228713, 42.184279, -83.20872, 42.199009], "type": "Polygon", "coordinates": [[[-83.228713, 42.19867], [-83.219001, 42.19885], [-83.217784, 42.198871], [-83.211354, 42.198975], [-83.209245, 42.199009], [-83.209019, 42.191776], [-83.20872, 42.184541], [-83.214881, 42.184457], [-83.218122, 42.1844], [-83.226778, 42.184299], [-83.228123, 42.184279], [-83.228713, 42.19867]]]}, "properties": {"GEOID": "26163581200", "tract_name": "5812", "total_n_nonNAP": null, "achieved_n": null, "reconveyed_n": null, "closed_n": null, "reconveyance_rate_pct": null, "in_progress_n": null, "at_risk_n": null, "at_risk_pct": null, "tax_delinquent_pct": null, "median_days_to_compliance": null}}, {"type": "Feature", "geometry": {"bbox": [-83.20697000000001, 42.141062, -83.18764800000001, 42.155853], "type": "Polygon", "coordinates": [[[-83.206382, 42.155453], [-83.196614, 42.155722], [-83.195889, 42.155727], [-83.188096, 42.155853], [-83.187797, 42.148468], [-83.18764800000001, 42.144072], [-83.189514, 42.141307], [-83.197206, 42.141198], [-83.203535, 42.141103], [-83.206183, 42.141062], [-83.20697000000001, 42.148093], [-83.206382, 42.155453]]]}, "properties": {"GEOID": "26163594100", "tract_name": "5941", "total_n_nonNAP": null, "achieved_n": null, "reconveyed_n": null, "closed_n": null, "reconveyance_rate_pct": null, "in_progress_n": null, "at_risk_n": null, "at_risk_pct": null, "tax_delinquent_pct": null, "median_days_to_compliance": null}}, {"type": "Feature", "geometry": {"bbox": [-83.309311, 42.26823, -83.289535, 42.275896], "type": "Polygon", "coordinates": [[[-83.309311, 42.275505], [-83.304422, 42.275584], [-83.29952, 42.275678], [-83.289776, 42.275896], [-83.289535, 42.268685000000005], [-83.298024, 42.268486], [-83.299065, 42.268462], [-83.30899900000001, 42.26823], [-83.309311, 42.275505]]]}, "properties": {"GEOID": "26163572500", "tract_name": "5725", "total_n_nonNAP": null, "achieved_n": null, "reconveyed_n": null, "closed_n": null, "reconveyance_rate_pct": null, "in_progress_n": null, "at_risk_n": null, "at_risk_pct": null, "tax_delinquent_pct": null, "median_days_to_compliance": null}}, {"type": "Feature", "geometry": {"bbox": [-83.156981, 42.328731, -83.145036, 42.33886900000001], "type": "Polygon", "coordinates": [[[-83.156981, 42.33696100000001], [-83.15385000000002, 42.337382], [-83.150901, 42.33886900000001], [-83.149257, 42.337027], [-83.146426, 42.333213], [-83.145036, 42.331258], [-83.150949, 42.330049], [-83.15668, 42.328731], [-83.156737, 42.329925], [-83.156981, 42.33696100000001]]]}, "properties": {"GEOID": "26163526100", "tract_name": "5261", "total_n_nonNAP": 11, "achieved_n": 11, "reconveyed_n": 0, "closed_n": 11, "reconveyance_rate_pct": 0.0, "in_progress_n": 0, "at_risk_n": 0, "at_risk_pct": null, "tax_delinquent_pct": null, "median_days_to_compliance": 605}}, {"type": "Feature", "geometry": {"bbox": [-82.919118, 42.3813296822145, -82.9000147770521, 42.407266], "type": "Polygon", "coordinates": [[[-82.918708, 42.399557], [-82.917135, 42.402848], [-82.914935, 42.407266], [-82.912191, 42.40329100000001], [-82.910108, 42.400073], [-82.905993, 42.393791], [-82.903077, 42.389339], [-82.9000147770521, 42.384430337897], [-82.903823, 42.382037], [-82.9058707756708, 42.3813296822145], [-82.907649, 42.383971], [-82.908925, 42.383448], [-82.913872, 42.390967], [-82.919118, 42.398926], [-82.918708, 42.399557]]]}, "properties": {"GEOID": "26163550500", "tract_name": "5505", "total_n_nonNAP": null, "achieved_n": null, "reconveyed_n": null, "closed_n": null, "reconveyance_rate_pct": null, "in_progress_n": null, "at_risk_n": null, "at_risk_pct": null, "tax_delinquent_pct": null, "median_days_to_compliance": null}}, {"type": "Feature", "geometry": {"bbox": [-83.076031, 42.351623, -83.062994, 42.363601], "type": "Polygon", "coordinates": [[[-83.076031, 42.35906000000001], [-83.070143, 42.36292], [-83.068815, 42.363601], [-83.064287, 42.356785], [-83.062994, 42.354743], [-83.065376, 42.353738], [-83.067619, 42.353027], [-83.070058, 42.35229], [-83.072088, 42.351623], [-83.073396, 42.35377], [-83.073476, 42.353928], [-83.076031, 42.35906000000001]]]}, "properties": {"GEOID": "26163520200", "tract_name": "5202", "total_n_nonNAP": null, "achieved_n": null, "reconveyed_n": null, "closed_n": null, "reconveyance_rate_pct": null, "in_progress_n": null, "at_risk_n": null, "at_risk_pct": null, "tax_delinquent_pct": null, "median_days_to_compliance": null}}, {"type": "Feature", "geometry": {"bbox": [-83.414048, 42.41072, -83.393377, 42.425668], "type": "Polygon", "coordinates": [[[-83.414048, 42.425314], [-83.404207, 42.425428], [-83.394553, 42.425668], [-83.394061, 42.414928], [-83.393377, 42.412533], [-83.393898, 42.411161], [-83.404205, 42.411056], [-83.413442, 42.41072], [-83.414048, 42.425314]]]}, "properties": {"GEOID": "26163556600", "tract_name": "5566", "total_n_nonNAP": null, "achieved_n": null, "reconveyed_n": null, "closed_n": null, "reconveyance_rate_pct": null, "in_progress_n": null, "at_risk_n": null, "at_risk_pct": null, "tax_delinquent_pct": null, "median_days_to_compliance": null}}, {"type": "Feature", "geometry": {"bbox": [-83.237164, 42.124715, -83.218939, 42.155179], "type": "Polygon", "coordinates": [[[-83.232507, 42.126986], [-83.231003, 42.129953], [-83.231374, 42.140072], [-83.231898, 42.155111], [-83.22667900000002, 42.155179], [-83.226162, 42.140757], [-83.218939, 42.140886], [-83.220071, 42.139699], [-83.222524, 42.13528800000001], [-83.221217, 42.131835], [-83.221907, 42.126299], [-83.225654, 42.126196], [-83.237164, 42.124715], [-83.232507, 42.126986]]]}, "properties": {"GEOID": "26163982102", "tract_name": "9821.02", "total_n_nonNAP": null, "achieved_n": null, "reconveyed_n": null, "closed_n": null, "reconveyance_rate_pct": null, "in_progress_n": null, "at_risk_n": null, "at_risk_pct": null, "tax_delinquent_pct": null, "median_days_to_compliance": null}}, {"type": "Feature", "geometry": {"bbox": [-83.238206, 42.409896, -83.218637, 42.415553], "type": "Polygon", "coordinates": [[[-83.238206, 42.415183], [-83.229214, 42.415347], [-83.218895, 42.415548], [-83.218712, 42.415553], [-83.218637, 42.410122], [-83.218822, 42.410117], [-83.228821, 42.409928], [-83.236714, 42.409896], [-83.237856, 42.409937], [-83.238206, 42.415183]]]}, "properties": {"GEOID": "26163543100", "tract_name": "5431", "total_n_nonNAP": 21, "achieved_n": 18, "reconveyed_n": 3, "closed_n": 21, "reconveyance_rate_pct": 14.3, "in_progress_n": 0, "at_risk_n": 0, "at_risk_pct": null, "tax_delinquent_pct": null, "median_days_to_compliance": 666.5}}, {"type": "Feature", "geometry": {"bbox": [-83.432424, 42.395985, -83.412744, 42.41072], "type": "Polygon", "coordinates": [[[-83.432424, 42.410658], [-83.42394, 42.410618], [-83.413442, 42.41072], [-83.413087, 42.403413], [-83.413068, 42.403029], [-83.412988, 42.401378], [-83.412744, 42.396371], [-83.42104, 42.396163], [-83.431809, 42.395985], [-83.431834, 42.396559], [-83.432263, 42.406543000000006], [-83.432424, 42.410658]]]}, "properties": {"GEOID": "26163557600", "tract_name": "5576", "total_n_nonNAP": null, "achieved_n": null, "reconveyed_n": null, "closed_n": null, "reconveyance_rate_pct": null, "in_progress_n": null, "at_risk_n": null, "at_risk_pct": null, "tax_delinquent_pct": null, "median_days_to_compliance": null}}, {"type": "Feature", "geometry": {"bbox": [-83.199588, 42.415983, -83.172252, 42.423851], "type": "Polygon", "coordinates": [[[-83.199588, 42.423155], [-83.194728, 42.423312], [-83.189738, 42.423502], [-83.186222, 42.423622], [-83.18014700000002, 42.42383], [-83.179067, 42.423851], [-83.172252, 42.41664], [-83.179806, 42.41659], [-83.184685, 42.416532], [-83.18517500000002, 42.416525], [-83.189555, 42.416459], [-83.194447, 42.416214], [-83.199316, 42.415983], [-83.199588, 42.423155]]]}, "properties": {"GEOID": "26163539500", "tract_name": "5395", "total_n_nonNAP": 8, "achieved_n": 8, "reconveyed_n": 0, "closed_n": 8, "reconveyance_rate_pct": 0.0, "in_progress_n": 0, "at_risk_n": 0, "at_risk_pct": null, "tax_delinquent_pct": null, "median_days_to_compliance": 512.5}}, {"type": "Feature", "geometry": {"bbox": [-83.004318, 42.419936, -82.982549, 42.427715], "type": "Polygon", "coordinates": [[[-83.004318, 42.427228], [-82.993374, 42.427472], [-82.984824, 42.427673], [-82.982549, 42.427715], [-82.983069, 42.426929], [-82.984889, 42.42679], [-82.998977, 42.421749000000005], [-83.003159, 42.420245], [-83.004022, 42.419936], [-83.004318, 42.427228]]]}, "properties": {"GEOID": "26163503600", "tract_name": "5036", "total_n_nonNAP": 127, "achieved_n": 64, "reconveyed_n": 29, "closed_n": 93, "reconveyance_rate_pct": 31.2, "in_progress_n": 34, "at_risk_n": 8, "at_risk_pct": 23.5, "tax_delinquent_pct": 41.2, "median_days_to_compliance": 569.0}}, {"type": "Feature", "geometry": {"bbox": [-82.975075, 42.420658, -82.958859, 42.427233], "type": "Polygon", "coordinates": [[[-82.975075, 42.427041], [-82.967719, 42.427154], [-82.965268, 42.427181], [-82.960423, 42.427233], [-82.958859, 42.426931], [-82.960496, 42.424759], [-82.963458, 42.420815], [-82.967527, 42.420747], [-82.974821, 42.420658], [-82.975075, 42.427041]]]}, "properties": {"GEOID": "26163500500", "tract_name": "5005", "total_n_nonNAP": 124, "achieved_n": 55, "reconveyed_n": 32, "closed_n": 87, "reconveyance_rate_pct": 36.8, "in_progress_n": 37, "at_risk_n": 9, "at_risk_pct": 24.3, "tax_delinquent_pct": 62.2, "median_days_to_compliance": 721}}, {"type": "Feature", "geometry": {"bbox": [-83.308177, 42.239288, -83.269498, 42.254383], "type": "Polygon", "coordinates": [[[-83.308177, 42.2449], [-83.28912, 42.249633], [-83.279736, 42.25195], [-83.269974, 42.254383], [-83.269768, 42.248236000000006], [-83.269498, 42.240966], [-83.279298, 42.240598], [-83.28884600000002, 42.24041], [-83.308056, 42.239288], [-83.308177, 42.2449]]]}, "properties": {"GEOID": "26163583700", "tract_name": "5837", "total_n_nonNAP": null, "achieved_n": null, "reconveyed_n": null, "closed_n": null, "reconveyance_rate_pct": null, "in_progress_n": null, "at_risk_n": null, "at_risk_pct": null, "tax_delinquent_pct": null, "median_days_to_compliance": null}}, {"type": "Feature", "geometry": {"bbox": [-83.235652, 42.343126, -83.216045, 42.350619], "type": "Polygon", "coordinates": [[[-83.235652, 42.350334], [-83.225932, 42.350473], [-83.216446, 42.350616], [-83.216265, 42.350619], [-83.216045, 42.34337], [-83.216231, 42.343366], [-83.225646, 42.343278], [-83.232922, 42.343165], [-83.235387, 42.343126], [-83.235652, 42.350334]]]}, "properties": {"GEOID": "26163545900", "tract_name": "5459", "total_n_nonNAP": 73, "achieved_n": 56, "reconveyed_n": 8, "closed_n": 64, "reconveyance_rate_pct": 12.5, "in_progress_n": 9, "at_risk_n": 1, "at_risk_pct": 11.1, "tax_delinquent_pct": 55.6, "median_days_to_compliance": 560.5}}, {"type": "Feature", "geometry": {"bbox": [-83.21755, 42.378803, -83.198044, 42.387052], "type": "Polygon", "coordinates": [[[-83.21755, 42.386712], [-83.208965, 42.386845], [-83.207865, 42.386868], [-83.19817, 42.387052], [-83.198044, 42.379232], [-83.208637, 42.378986], [-83.216931, 42.378803], [-83.21755, 42.386712]]]}, "properties": {"GEOID": "26163542600", "tract_name": "5426", "total_n_nonNAP": 39, "achieved_n": 32, "reconveyed_n": 3, "closed_n": 35, "reconveyance_rate_pct": 8.6, "in_progress_n": 4, "at_risk_n": 1, "at_risk_pct": 25.0, "tax_delinquent_pct": 50.0, "median_days_to_compliance": 499.0}}, {"type": "Feature", "geometry": {"bbox": [-83.14206, 42.43760700000001, -83.119085, 42.446578], "type": "Polygon", "coordinates": [[[-83.14206, 42.446229], [-83.136553, 42.446345], [-83.124708, 42.446578], [-83.124662, 42.446513], [-83.119839, 42.439268], [-83.119085, 42.438133], [-83.133902, 42.43760700000001], [-83.13409400000002, 42.439049], [-83.135206, 42.438982], [-83.136315, 42.438957], [-83.141751, 42.438836], [-83.14206, 42.446229]]]}, "properties": {"GEOID": "26163538100", "tract_name": "5381", "total_n_nonNAP": 1, "achieved_n": 1, "reconveyed_n": 0, "closed_n": 1, "reconveyance_rate_pct": 0.0, "in_progress_n": 0, "at_risk_n": 0, "at_risk_pct": null, "tax_delinquent_pct": null, "median_days_to_compliance": 198}}, {"type": "Feature", "geometry": {"bbox": [-83.244002, 42.081066, -83.214397, 42.111941], "type": "Polygon", "coordinates": [[[-83.244002, 42.081066], [-83.243344, 42.08299600000001], [-83.242959, 42.083721], [-83.242076, 42.084816], [-83.241852, 42.095374], [-83.241666, 42.109643000000005], [-83.238913, 42.109704], [-83.235702, 42.109807], [-83.23339600000001, 42.110184], [-83.22512100000002, 42.111695], [-83.222443, 42.111797], [-83.215514, 42.111915], [-83.214397, 42.111941], [-83.225038, 42.099228], [-83.225164, 42.095458], [-83.225254, 42.086166], [-83.229402, 42.081433], [-83.24352, 42.081074], [-83.244002, 42.081066]]]}, "properties": {"GEOID": "26163591900", "tract_name": "5919", "total_n_nonNAP": null, "achieved_n": null, "reconveyed_n": null, "closed_n": null, "reconveyance_rate_pct": null, "in_progress_n": null, "at_risk_n": null, "at_risk_pct": null, "tax_delinquent_pct": null, "median_days_to_compliance": null}}, {"type": "Feature", "geometry": {"bbox": [-83.148509, 42.2347150605502, -83.1143510139768, 42.263975], "type": "Polygon", "coordinates": [[[-83.148342, 42.236062], [-83.145587, 42.239438], [-83.143747, 42.244035000000004], [-83.142194, 42.244899], [-83.140108, 42.24798], [-83.138775, 42.250043], [-83.137628, 42.252607], [-83.140059, 42.253558], [-83.138916, 42.256977], [-83.138549, 42.25823], [-83.134863, 42.257821], [-83.13453000000001, 42.25817], [-83.133401, 42.260504], [-83.131157, 42.263155], [-83.128796, 42.262842], [-83.12784, 42.263975], [-83.118063, 42.259335], [-83.1143510139768, 42.2569955908216], [-83.126361, 42.238412], [-83.1269343207162, 42.2347150605502], [-83.14746, 42.234793], [-83.148509, 42.234868], [-83.148342, 42.236062]]]}, "properties": {"GEOID": "26163987000", "tract_name": "9870", "total_n_nonNAP": null, "achieved_n": null, "reconveyed_n": null, "closed_n": null, "reconveyance_rate_pct": null, "in_progress_n": null, "at_risk_n": null, "at_risk_pct": null, "tax_delinquent_pct": null, "median_days_to_compliance": null}}, {"type": "Feature", "geometry": {"bbox": [-83.135703, 42.337325, -83.118361, 42.352072], "type": "Polygon", "coordinates": [[[-83.135703, 42.352072], [-83.12976000000002, 42.35196], [-83.124861, 42.34448], [-83.123377, 42.34242100000001], [-83.120643, 42.34351], [-83.118361, 42.340323], [-83.12, 42.339313], [-83.124856, 42.337325], [-83.127399, 42.340829], [-83.130381, 42.344638], [-83.135703, 42.352072]]]}, "properties": {"GEOID": "26163985000", "tract_name": "9850", "total_n_nonNAP": null, "achieved_n": null, "reconveyed_n": null, "closed_n": null, "reconveyance_rate_pct": null, "in_progress_n": null, "at_risk_n": null, "at_risk_pct": null, "tax_delinquent_pct": null, "median_days_to_compliance": null}}, {"type": "Feature", "geometry": {"bbox": [-83.433672, 42.410618, -83.413442, 42.439523], "type": "Polygon", "coordinates": [[[-83.433672, 42.438942], [-83.431866, 42.439006], [-83.423917, 42.439263], [-83.414357, 42.439523], [-83.41451, 42.437759], [-83.414048, 42.425314], [-83.413442, 42.41072], [-83.42394, 42.410618], [-83.432424, 42.410658], [-83.432736, 42.418045], [-83.433085, 42.424934], [-83.433672, 42.438942]]]}, "properties": {"GEOID": "26163556500", "tract_name": "5565", "total_n_nonNAP": null, "achieved_n": null, "reconveyed_n": null, "closed_n": null, "reconveyance_rate_pct": null, "in_progress_n": null, "at_risk_n": null, "at_risk_pct": null, "tax_delinquent_pct": null, "median_days_to_compliance": null}}, {"type": "Feature", "geometry": {"bbox": [-83.546152, 42.305817, -83.487166, 42.321968], "type": "Polygon", "coordinates": [[[-83.546152, 42.320317], [-83.527115, 42.320848000000005], [-83.507227, 42.320891], [-83.487915, 42.321968], [-83.487735, 42.318545], [-83.487544, 42.31472], [-83.487166, 42.307403], [-83.506484, 42.306951], [-83.526267, 42.306358], [-83.545375, 42.305817], [-83.545802, 42.313313], [-83.546152, 42.320317]]]}, "properties": {"GEOID": "26163564402", "tract_name": "5644.02", "total_n_nonNAP": null, "achieved_n": null, "reconveyed_n": null, "closed_n": null, "reconveyance_rate_pct": null, "in_progress_n": null, "at_risk_n": null, "at_risk_pct": null, "tax_delinquent_pct": null, "median_days_to_compliance": null}}, {"type": "Feature", "geometry": {"bbox": [-83.487323, 42.263899, -83.440986, 42.280053], "type": "Polygon", "coordinates": [[[-83.487323, 42.271703], [-83.475833, 42.274831], [-83.466057, 42.275994], [-83.456454, 42.277061], [-83.452462, 42.277574], [-83.441751, 42.280053], [-83.441138, 42.268729], [-83.440986, 42.264919], [-83.466314, 42.264275], [-83.469111, 42.264088], [-83.469117, 42.264221], [-83.486918, 42.263899], [-83.487323, 42.271703]]]}, "properties": {"GEOID": "26163564900", "tract_name": "5649", "total_n_nonNAP": null, "achieved_n": null, "reconveyed_n": null, "closed_n": null, "reconveyance_rate_pct": null, "in_progress_n": null, "at_risk_n": null, "at_risk_pct": null, "tax_delinquent_pct": null, "median_days_to_compliance": null}}, {"type": "Feature", "geometry": {"bbox": [-82.923023, 42.419023, -82.907115, 42.444803], "type": "Polygon", "coordinates": [[[-82.922281, 42.432943], [-82.922035, 42.433485], [-82.916147, 42.43099], [-82.914896, 42.430507], [-82.914015, 42.436888], [-82.913808, 42.43861], [-82.91292300000002, 42.444803], [-82.907115, 42.443421], [-82.908335, 42.435521], [-82.909098, 42.430634], [-82.909629, 42.426282], [-82.90966, 42.426052], [-82.910427, 42.419023], [-82.916327, 42.421354], [-82.916095, 42.423114], [-82.91585, 42.424896], [-82.918532, 42.42599500000001], [-82.916529, 42.428566], [-82.916173, 42.429034], [-82.923023, 42.431848], [-82.922281, 42.432943]]]}, "properties": {"GEOID": "26163551200", "tract_name": "5512", "total_n_nonNAP": null, "achieved_n": null, "reconveyed_n": null, "closed_n": null, "reconveyance_rate_pct": null, "in_progress_n": null, "at_risk_n": null, "at_risk_pct": null, "tax_delinquent_pct": null, "median_days_to_compliance": null}}, {"type": "Feature", "geometry": {"bbox": [-83.187588, 42.289463, -83.149225, 42.317236], "type": "Polygon", "coordinates": [[[-83.187588, 42.295], [-83.183093, 42.30000700000001], [-83.17325800000002, 42.310758], [-83.1686, 42.31633], [-83.162683, 42.317236], [-83.162632, 42.317166], [-83.149225, 42.29871], [-83.151079, 42.296233], [-83.157328, 42.295181], [-83.15785, 42.292437], [-83.161748, 42.291789], [-83.167074, 42.289571], [-83.16892, 42.289463], [-83.169676, 42.289644], [-83.169744, 42.291441], [-83.169133, 42.291609], [-83.171239, 42.293002], [-83.171303, 42.295323], [-83.17421, 42.297479], [-83.179101, 42.294385], [-83.180472, 42.294262], [-83.184205, 42.294949], [-83.187588, 42.295]]]}, "properties": {"GEOID": "26163985700", "tract_name": "9857", "total_n_nonNAP": null, "achieved_n": null, "reconveyed_n": null, "closed_n": null, "reconveyance_rate_pct": null, "in_progress_n": null, "at_risk_n": null, "at_risk_pct": null, "tax_delinquent_pct": null, "median_days_to_compliance": null}}, {"type": "Feature", "geometry": {"bbox": [-83.308283, 42.2449, -83.269974, 42.264621], "type": "Polygon", "coordinates": [[[-83.308283, 42.247102], [-83.30511, 42.248575], [-83.303921, 42.249392], [-83.291763, 42.259745], [-83.289402, 42.261122], [-83.284347, 42.262954], [-83.280199, 42.263898], [-83.275008, 42.264504], [-83.270384, 42.264621], [-83.269974, 42.254383], [-83.279736, 42.25195], [-83.28912, 42.249633], [-83.308177, 42.2449], [-83.308283, 42.247102]]]}, "properties": {"GEOID": "26163583200", "tract_name": "5832", "total_n_nonNAP": null, "achieved_n": null, "reconveyed_n": null, "closed_n": null, "reconveyance_rate_pct": null, "in_progress_n": null, "at_risk_n": null, "at_risk_pct": null, "tax_delinquent_pct": null, "median_days_to_compliance": null}}, {"type": "Feature", "geometry": {"bbox": [-83.41451, 42.425314, -83.374914, 42.440557], "type": "Polygon", "coordinates": [[[-83.414357, 42.439523], [-83.39962900000002, 42.43991], [-83.39477, 42.440028], [-83.385307, 42.440276], [-83.375469, 42.440557], [-83.374914, 42.426133], [-83.384735, 42.42589], [-83.394553, 42.425668], [-83.404207, 42.425428], [-83.414048, 42.425314], [-83.41451, 42.437759], [-83.414357, 42.439523]]]}, "properties": {"GEOID": "26163556400", "tract_name": "5564", "total_n_nonNAP": null, "achieved_n": null, "reconveyed_n": null, "closed_n": null, "reconveyance_rate_pct": null, "in_progress_n": null, "at_risk_n": null, "at_risk_pct": null, "tax_delinquent_pct": null, "median_days_to_compliance": null}}, {"type": "Feature", "geometry": {"bbox": [-83.492712, 42.175547, -83.42307600000001, 42.221386], "type": "Polygon", "coordinates": [[[-83.491449, 42.213673], [-83.485553, 42.214903], [-83.485166, 42.220066], [-83.465797, 42.220161], [-83.457729, 42.220393], [-83.45455, 42.220694], [-83.448299, 42.221386], [-83.43996600000001, 42.220413], [-83.424446, 42.220724], [-83.424279, 42.215248], [-83.423975, 42.208078], [-83.423718, 42.199089], [-83.423191, 42.179439], [-83.42307600000001, 42.176654], [-83.43520600000001, 42.176367], [-83.46186, 42.175892], [-83.482797, 42.175547], [-83.483404, 42.190044], [-83.48244, 42.190057], [-83.479261, 42.190111], [-83.479244, 42.191365], [-83.478168, 42.190128], [-83.473862, 42.190206], [-83.475116, 42.202971], [-83.477729, 42.203408], [-83.47779100000001, 42.204094], [-83.47237400000002, 42.205333], [-83.473167, 42.207296], [-83.472383, 42.211975], [-83.473196, 42.213853], [-83.478477, 42.214156], [-83.482934, 42.209027000000006], [-83.485642, 42.209408], [-83.492712, 42.21163], [-83.491449, 42.213673]]]}, "properties": {"GEOID": "26163588400", "tract_name": "5884", "total_n_nonNAP": null, "achieved_n": null, "reconveyed_n": null, "closed_n": null, "reconveyance_rate_pct": null, "in_progress_n": null, "at_risk_n": null, "at_risk_pct": null, "tax_delinquent_pct": null, "median_days_to_compliance": null}}, {"type": "Feature", "geometry": {"bbox": [-83.387415, 42.225833, -83.34084000000001, 42.252858], "type": "Polygon", "coordinates": [[[-83.387415, 42.251993], [-83.347788, 42.252858], [-83.347855, 42.245233], [-83.343218, 42.241703], [-83.341717, 42.238818], [-83.34084000000001, 42.23685], [-83.370239, 42.229602], [-83.385493, 42.225833], [-83.385577, 42.227966], [-83.38576, 42.231785], [-83.385971, 42.237611], [-83.386608, 42.251198], [-83.387415, 42.251993]]]}, "properties": {"GEOID": "26163585700", "tract_name": "5857", "total_n_nonNAP": null, "achieved_n": null, "reconveyed_n": null, "closed_n": null, "reconveyance_rate_pct": null, "in_progress_n": null, "at_risk_n": null, "at_risk_pct": null, "tax_delinquent_pct": null, "median_days_to_compliance": null}}, {"type": "Feature", "geometry": {"bbox": [-83.509036, 42.350486, -83.478996, 42.371841], "type": "Polygon", "coordinates": [[[-83.509036, 42.36499100000001], [-83.504578, 42.36507], [-83.50374400000001, 42.365174], [-83.492493, 42.369154], [-83.488965, 42.370415], [-83.484624, 42.371841], [-83.480216, 42.371525], [-83.479281, 42.358502], [-83.478996, 42.351235], [-83.48877, 42.350973], [-83.489157, 42.350944], [-83.50828300000002, 42.350486], [-83.50872, 42.358632], [-83.509036, 42.36499100000001]]]}, "properties": {"GEOID": "26163562400", "tract_name": "5624", "total_n_nonNAP": null, "achieved_n": null, "reconveyed_n": null, "closed_n": null, "reconveyance_rate_pct": null, "in_progress_n": null, "at_risk_n": null, "at_risk_pct": null, "tax_delinquent_pct": null, "median_days_to_compliance": null}}, {"type": "Feature", "geometry": {"bbox": [-83.365508, 42.324924, -83.350383, 42.339536], "type": "Polygon", "coordinates": [[[-83.365508, 42.339338], [-83.352119, 42.339536], [-83.350842, 42.339000000000006], [-83.350877, 42.338705], [-83.350817, 42.335983], [-83.350677, 42.332367], [-83.350383, 42.325125], [-83.364841, 42.324924], [-83.365121, 42.331604], [-83.36515, 42.332121], [-83.365325, 42.335844], [-83.365508, 42.339338]]]}, "properties": {"GEOID": "26163569400", "tract_name": "5694", "total_n_nonNAP": null, "achieved_n": null, "reconveyed_n": null, "closed_n": null, "reconveyance_rate_pct": null, "in_progress_n": null, "at_risk_n": null, "at_risk_pct": null, "tax_delinquent_pct": null, "median_days_to_compliance": null}}, {"type": "Feature", "geometry": {"bbox": [-83.258867, 42.436355, -83.239136, 42.443918], "type": "Polygon", "coordinates": [[[-83.258867, 42.443403], [-83.250371, 42.443628], [-83.239423, 42.443918], [-83.23928, 42.440332], [-83.239136, 42.436772], [-83.244484, 42.436651], [-83.250119, 42.436543], [-83.258572, 42.436355], [-83.258867, 42.443403]]]}, "properties": {"GEOID": "26163540900", "tract_name": "5409", "total_n_nonNAP": 9, "achieved_n": 8, "reconveyed_n": 1, "closed_n": 9, "reconveyance_rate_pct": 11.1, "in_progress_n": 0, "at_risk_n": 0, "at_risk_pct": null, "tax_delinquent_pct": null, "median_days_to_compliance": 267.0}}, {"type": "Feature", "geometry": {"bbox": [-83.219233, 42.422785, -83.199588, 42.430422], "type": "Polygon", "coordinates": [[[-83.219233, 42.43002], [-83.212771, 42.43019600000001], [-83.207364, 42.430312], [-83.199874, 42.430422], [-83.199588, 42.423155], [-83.207137, 42.42301], [-83.212347, 42.422911], [-83.218958, 42.422785], [-83.219233, 42.43002]]]}, "properties": {"GEOID": "26163540300", "tract_name": "5403", "total_n_nonNAP": 42, "achieved_n": 34, "reconveyed_n": 4, "closed_n": 38, "reconveyance_rate_pct": 10.5, "in_progress_n": 4, "at_risk_n": 1, "at_risk_pct": 25.0, "tax_delinquent_pct": 50.0, "median_days_to_compliance": 408.0}}, {"type": "Feature", "geometry": {"bbox": [-83.095199, 42.432473, -83.073673, 42.440137], "type": "Polygon", "coordinates": [[[-83.095199, 42.439744], [-83.08795900000001, 42.439955], [-83.08312, 42.440137], [-83.081904, 42.440015], [-83.078812, 42.440067], [-83.073673, 42.432929], [-83.082894, 42.432901], [-83.094654, 42.432484], [-83.094924, 42.432473], [-83.095199, 42.439744]]]}, "properties": {"GEOID": "26163507400", "tract_name": "5074", "total_n_nonNAP": 135, "achieved_n": 83, "reconveyed_n": 19, "closed_n": 102, "reconveyance_rate_pct": 18.6, "in_progress_n": 33, "at_risk_n": 14, "at_risk_pct": 42.4, "tax_delinquent_pct": 51.5, "median_days_to_compliance": 698}}, {"type": "Feature", "geometry": {"bbox": [-83.231841, 42.277222, -83.213215, 42.292936], "type": "Polygon", "coordinates": [[[-83.231841, 42.28907], [-83.229005, 42.292743], [-83.228156, 42.292936], [-83.223459, 42.290234], [-83.220685, 42.28942], [-83.21854, 42.288439], [-83.217589, 42.287924000000004], [-83.215734, 42.286678], [-83.213215, 42.282564], [-83.217241, 42.277842], [-83.217729, 42.277222], [-83.217991, 42.277326], [-83.222636, 42.279479], [-83.229099, 42.282598], [-83.231648, 42.282559], [-83.231731, 42.28436800000001], [-83.231841, 42.28907]]]}, "properties": {"GEOID": "26163575500", "tract_name": "5755", "total_n_nonNAP": null, "achieved_n": null, "reconveyed_n": null, "closed_n": null, "reconveyance_rate_pct": null, "in_progress_n": null, "at_risk_n": null, "at_risk_pct": null, "tax_delinquent_pct": null, "median_days_to_compliance": null}}, {"type": "Feature", "geometry": {"bbox": [-83.307012, 42.195973, -83.267756, 42.211978], "type": "Polygon", "coordinates": [[[-83.307012, 42.210424], [-83.297562, 42.211072], [-83.287799, 42.211486], [-83.268489, 42.211978], [-83.268206, 42.203107], [-83.267756, 42.197569], [-83.28232, 42.197163], [-83.287217, 42.197027000000006], [-83.295611, 42.196795], [-83.296848, 42.196748], [-83.306535, 42.195973], [-83.307012, 42.210424]]]}, "properties": {"GEOID": "26163584400", "tract_name": "5844", "total_n_nonNAP": null, "achieved_n": null, "reconveyed_n": null, "closed_n": null, "reconveyance_rate_pct": null, "in_progress_n": null, "at_risk_n": null, "at_risk_pct": null, "tax_delinquent_pct": null, "median_days_to_compliance": null}}, {"type": "Feature", "geometry": {"bbox": [-83.21682, 42.222821, -83.200474, 42.245889], "type": "Polygon", "coordinates": [[[-83.21682, 42.242508], [-83.213321, 42.24262], [-83.204641, 42.243001], [-83.204691, 42.243998], [-83.203834, 42.245488], [-83.20283, 42.245728], [-83.202161, 42.245889], [-83.202269, 42.239706], [-83.202189, 42.237035], [-83.202031, 42.232498], [-83.200635, 42.228231], [-83.200474, 42.223354], [-83.202817, 42.222834], [-83.204635, 42.222821], [-83.206767, 42.227055], [-83.208281, 42.228008], [-83.212151, 42.22793], [-83.212463, 42.227924], [-83.216138, 42.227846], [-83.216279, 42.232113], [-83.216508, 42.23718], [-83.21682, 42.242508]]]}, "properties": {"GEOID": "26163576600", "tract_name": "5766", "total_n_nonNAP": null, "achieved_n": null, "reconveyed_n": null, "closed_n": null, "reconveyance_rate_pct": null, "in_progress_n": null, "at_risk_n": null, "at_risk_pct": null, "tax_delinquent_pct": null, "median_days_to_compliance": null}}, {"type": "Feature", "geometry": {"bbox": [-83.487544, 42.307403, -83.457958, 42.317006], "type": "Polygon", "coordinates": [[[-83.487544, 42.31472], [-83.477796, 42.314888], [-83.467944, 42.315045], [-83.462063, 42.315292], [-83.458381, 42.317006], [-83.458225, 42.313722], [-83.457958, 42.308126], [-83.465272, 42.307879], [-83.477442, 42.307662], [-83.487166, 42.307403], [-83.487544, 42.31472]]]}, "properties": {"GEOID": "26163564300", "tract_name": "5643", "total_n_nonNAP": null, "achieved_n": null, "reconveyed_n": null, "closed_n": null, "reconveyance_rate_pct": null, "in_progress_n": null, "at_risk_n": null, "at_risk_pct": null, "tax_delinquent_pct": null, "median_days_to_compliance": null}}, {"type": "Feature", "geometry": {"bbox": [-83.29526800000001, 42.074242, -83.241852, 42.096298], "type": "Polygon", "coordinates": [[[-83.293735, 42.096298], [-83.289618, 42.093443], [-83.288451, 42.094386], [-83.27718, 42.094534], [-83.275102, 42.094566], [-83.259871, 42.09481], [-83.256073, 42.094879], [-83.255932, 42.088214], [-83.245105, 42.088324], [-83.245109, 42.088909], [-83.244833, 42.095193], [-83.241852, 42.095374], [-83.242076, 42.084816], [-83.242959, 42.083721], [-83.243344, 42.08299600000001], [-83.244002, 42.081066], [-83.249841, 42.080976], [-83.251484, 42.081968], [-83.25583, 42.083738], [-83.257125, 42.083887], [-83.261187, 42.083708], [-83.261126, 42.080704000000004], [-83.265564, 42.08065800000001], [-83.265434, 42.07554300000001], [-83.267938, 42.076212], [-83.268151, 42.075765000000004], [-83.268209, 42.075428], [-83.268531, 42.074242], [-83.268776, 42.074281], [-83.27043700000002, 42.076132], [-83.273043, 42.07495], [-83.277073, 42.076095], [-83.277339, 42.077315], [-83.275253, 42.080306], [-83.278189, 42.079374], [-83.280443, 42.081638], [-83.277617, 42.081856], [-83.277228, 42.082704], [-83.279351, 42.083947], [-83.281694, 42.08342], [-83.282456, 42.084396], [-83.28027000000002, 42.085457], [-83.28245, 42.086877], [-83.284155, 42.089952], [-83.284525, 42.088158], [-83.286837, 42.08849800000001], [-83.286314, 42.089066], [-83.286216, 42.089093], [-83.285689, 42.089475], [-83.285655, 42.089556], [-83.285712, 42.090094], [-83.286001, 42.090516], [-83.286238, 42.090767], [-83.287215, 42.089464], [-83.289344, 42.090043], [-83.290232, 42.091913], [-83.293039, 42.092378], [-83.29526800000001, 42.094243], [-83.293735, 42.096298]]]}, "properties": {"GEOID": "26163599100", "tract_name": "5991", "total_n_nonNAP": null, "achieved_n": null, "reconveyed_n": null, "closed_n": null, "reconveyance_rate_pct": null, "in_progress_n": null, "at_risk_n": null, "at_risk_pct": null, "tax_delinquent_pct": null, "median_days_to_compliance": null}}, {"type": "Feature", "geometry": {"bbox": [-83.35538, 42.412118, -83.335186, 42.427105], "type": "Polygon", "coordinates": [[[-83.35538, 42.426568], [-83.345851, 42.426802], [-83.345635, 42.426808], [-83.335887, 42.427105], [-83.335754, 42.424374], [-83.33532, 42.415446], [-83.335186, 42.412606], [-83.35470200000002, 42.412118], [-83.355081, 42.420582], [-83.35538, 42.426568]]]}, "properties": {"GEOID": "26163556900", "tract_name": "5569", "total_n_nonNAP": null, "achieved_n": null, "reconveyed_n": null, "closed_n": null, "reconveyance_rate_pct": null, "in_progress_n": null, "at_risk_n": null, "at_risk_pct": null, "tax_delinquent_pct": null, "median_days_to_compliance": null}}, {"type": "Feature", "geometry": {"bbox": [-83.219631, 42.437237, -83.200178, 42.444751], "type": "Polygon", "coordinates": [[[-83.219631, 42.444349], [-83.216746, 42.444414], [-83.210254, 42.444568], [-83.204896, 42.444716], [-83.203632, 42.444746], [-83.203382, 42.444751], [-83.20038600000001, 42.442343], [-83.200178, 42.437624], [-83.207593, 42.437463], [-83.213179, 42.437349], [-83.21351, 42.437343], [-83.21954, 42.437237], [-83.219631, 42.444349]]]}, "properties": {"GEOID": "26163540100", "tract_name": "5401", "total_n_nonNAP": 46, "achieved_n": 37, "reconveyed_n": 4, "closed_n": 41, "reconveyance_rate_pct": 9.8, "in_progress_n": 5, "at_risk_n": 3, "at_risk_pct": 60.0, "tax_delinquent_pct": 80.0, "median_days_to_compliance": 704}}, {"type": "Feature", "geometry": {"bbox": [-83.203382, 42.43783, -83.170992, 42.445545], "type": "Polygon", "coordinates": [[[-83.200522, 42.44483900000001], [-83.190798, 42.445147], [-83.187057, 42.44522], [-83.181005, 42.445343], [-83.171265, 42.445545], [-83.170992, 42.438433], [-83.180759, 42.438322], [-83.186732, 42.438097], [-83.190355, 42.437956], [-83.194372, 42.43783], [-83.20038600000001, 42.442343], [-83.203382, 42.444751], [-83.200522, 42.44483900000001]]]}, "properties": {"GEOID": "26163539200", "tract_name": "5392", "total_n_nonNAP": 16, "achieved_n": 12, "reconveyed_n": 2, "closed_n": 14, "reconveyance_rate_pct": 14.3, "in_progress_n": 2, "at_risk_n": 0, "at_risk_pct": 0.0, "tax_delinquent_pct": 0.0, "median_days_to_compliance": 471.5}}, {"type": "Feature", "geometry": {"bbox": [-83.141503, 42.417147, -83.130639, 42.431748], "type": "Polygon", "coordinates": [[[-83.141503, 42.431606], [-83.132335, 42.431739], [-83.131634, 42.431748], [-83.1313, 42.42443], [-83.130639, 42.417728], [-83.130862, 42.417294], [-83.135307, 42.417225], [-83.140836, 42.417147], [-83.141168, 42.424398], [-83.141503, 42.431606]]]}, "properties": {"GEOID": "26163538400", "tract_name": "5384", "total_n_nonNAP": 2, "achieved_n": 2, "reconveyed_n": 0, "closed_n": 2, "reconveyance_rate_pct": 0.0, "in_progress_n": 0, "at_risk_n": 0, "at_risk_pct": null, "tax_delinquent_pct": null, "median_days_to_compliance": 434.0}}, {"type": "Feature", "geometry": {"bbox": [-83.039417, 42.440824, -83.024501, 42.448159], "type": "Polygon", "coordinates": [[[-83.039417, 42.447874000000006], [-83.034519, 42.447936], [-83.024745, 42.448159], [-83.024501, 42.441341], [-83.034298, 42.44112], [-83.039193, 42.440824], [-83.039417, 42.447874000000006]]]}, "properties": {"GEOID": "26163506100", "tract_name": "5061", "total_n_nonNAP": 56, "achieved_n": 39, "reconveyed_n": 8, "closed_n": 47, "reconveyance_rate_pct": 17.0, "in_progress_n": 9, "at_risk_n": 1, "at_risk_pct": 11.1, "tax_delinquent_pct": 44.4, "median_days_to_compliance": 435}}, {"type": "Feature", "geometry": {"bbox": [-83.195829, 42.32919, -83.170115, 42.334915], "type": "Polygon", "coordinates": [[[-83.195829, 42.33463], [-83.19054, 42.33471000000001], [-83.186171, 42.334775], [-83.177152, 42.334915], [-83.17643100000001, 42.334385], [-83.170115, 42.329605], [-83.170996, 42.329427], [-83.172599, 42.329294], [-83.17622, 42.329221], [-83.180866, 42.329392], [-83.185932, 42.329279], [-83.190302, 42.329237], [-83.195592, 42.32919], [-83.195829, 42.33463]]]}, "properties": {"GEOID": "26163573300", "tract_name": "5733", "total_n_nonNAP": null, "achieved_n": null, "reconveyed_n": null, "closed_n": null, "reconveyance_rate_pct": null, "in_progress_n": null, "at_risk_n": null, "at_risk_pct": null, "tax_delinquent_pct": null, "median_days_to_compliance": null}}, {"type": "Feature", "geometry": {"bbox": [-83.28591, 42.29497, -83.222102, 42.312683], "type": "Polygon", "coordinates": [[[-83.28591, 42.301904], [-83.284758, 42.30292], [-83.280391, 42.301644], [-83.278541, 42.301845], [-83.274379, 42.30045], [-83.27183, 42.30143600000001], [-83.268714, 42.302357], [-83.266499, 42.303798], [-83.263365, 42.303849], [-83.259172, 42.305667], [-83.258443, 42.307523], [-83.253937, 42.307946], [-83.252641, 42.308503], [-83.252163, 42.309759], [-83.250115, 42.31075], [-83.24729, 42.309782], [-83.246084, 42.310997], [-83.243022, 42.311767], [-83.242306, 42.312683], [-83.240423, 42.311943], [-83.240383, 42.309317], [-83.23744, 42.30842], [-83.235762, 42.309788], [-83.234841, 42.30896], [-83.232937, 42.309062], [-83.232014, 42.311249], [-83.230727, 42.310234], [-83.224699, 42.310917], [-83.222102, 42.308682], [-83.236742, 42.30650500000001], [-83.242215, 42.305175], [-83.243471, 42.304877], [-83.24548, 42.304401], [-83.250898, 42.303058], [-83.26331, 42.299855], [-83.271331, 42.297806], [-83.271509, 42.297755], [-83.275983, 42.29662], [-83.28086, 42.295783], [-83.28564800000001, 42.29497], [-83.285722, 42.297421], [-83.28591, 42.301904]]]}, "properties": {"GEOID": "26163574900", "tract_name": "5749", "total_n_nonNAP": null, "achieved_n": null, "reconveyed_n": null, "closed_n": null, "reconveyance_rate_pct": null, "in_progress_n": null, "at_risk_n": null, "at_risk_pct": null, "tax_delinquent_pct": null, "median_days_to_compliance": null}}, {"type": "Feature", "geometry": {"bbox": [-83.352462, 42.360856, -83.332691, 42.369174], "type": "Polygon", "coordinates": [[[-83.352462, 42.368709], [-83.346062, 42.368867], [-83.333106, 42.369174], [-83.332691, 42.361943], [-83.342473, 42.361719], [-83.342442, 42.36097], [-83.347343, 42.360856], [-83.347355, 42.361595], [-83.352135, 42.361473], [-83.352245, 42.363885], [-83.352462, 42.368709]]]}, "properties": {"GEOID": "26163558900", "tract_name": "5589", "total_n_nonNAP": null, "achieved_n": null, "reconveyed_n": null, "closed_n": null, "reconveyance_rate_pct": null, "in_progress_n": null, "at_risk_n": null, "at_risk_pct": null, "tax_delinquent_pct": null, "median_days_to_compliance": null}}, {"type": "Feature", "geometry": {"bbox": [-83.229843, 42.213078, -83.193788, 42.228008], "type": "Polygon", "coordinates": [[[-83.229843, 42.227545], [-83.224389, 42.227667], [-83.219548, 42.227773], [-83.216138, 42.227846], [-83.212463, 42.227924], [-83.212151, 42.22793], [-83.208281, 42.228008], [-83.206767, 42.227055], [-83.204635, 42.222821], [-83.202817, 42.222834], [-83.200474, 42.223354], [-83.200389, 42.22085100000001], [-83.194093, 42.221034], [-83.193788, 42.214168], [-83.193971, 42.213666], [-83.20014, 42.213594], [-83.209743, 42.213434], [-83.217839, 42.21322], [-83.222081, 42.21322], [-83.22919700000001, 42.213078], [-83.229657, 42.22328100000001], [-83.229843, 42.227545]]]}, "properties": {"GEOID": "26163581600", "tract_name": "5816", "total_n_nonNAP": null, "achieved_n": null, "reconveyed_n": null, "closed_n": null, "reconveyance_rate_pct": null, "in_progress_n": null, "at_risk_n": null, "at_risk_pct": null, "tax_delinquent_pct": null, "median_days_to_compliance": null}}, {"type": "Feature", "geometry": {"bbox": [-83.313154, 42.35518, -83.29427, 42.363569], "type": "Polygon", "coordinates": [[[-83.313154, 42.362542], [-83.312067, 42.362684], [-83.304244, 42.363073], [-83.294642, 42.363569], [-83.29427, 42.356377], [-83.301843, 42.355959], [-83.303894, 42.355842], [-83.312825, 42.35518], [-83.313154, 42.362542]]]}, "properties": {"GEOID": "26163555600", "tract_name": "5556", "total_n_nonNAP": null, "achieved_n": null, "reconveyed_n": null, "closed_n": null, "reconveyance_rate_pct": null, "in_progress_n": null, "at_risk_n": null, "at_risk_pct": null, "tax_delinquent_pct": null, "median_days_to_compliance": null}}, {"type": "Feature", "geometry": {"bbox": [-83.183109, 42.382274, -83.168602, 42.393571], "type": "Polygon", "coordinates": [[[-83.183109, 42.386515], [-83.182177, 42.390092], [-83.178715, 42.392699], [-83.176191, 42.393375], [-83.168982, 42.393571], [-83.168602, 42.385283], [-83.170253, 42.385057], [-83.176297, 42.383772], [-83.178366, 42.383321], [-83.183056, 42.382274], [-83.18301500000001, 42.38418600000001], [-83.183109, 42.386515]]]}, "properties": {"GEOID": "26163537200", "tract_name": "5372", "total_n_nonNAP": 77, "achieved_n": 43, "reconveyed_n": 12, "closed_n": 55, "reconveyance_rate_pct": 21.8, "in_progress_n": 22, "at_risk_n": 8, "at_risk_pct": 36.4, "tax_delinquent_pct": 86.4, "median_days_to_compliance": 702}}, {"type": "Feature", "geometry": {"bbox": [-82.987563, 42.399484, -82.97310600000002, 42.412158], "type": "Polygon", "coordinates": [[[-82.987563, 42.409304], [-82.979356, 42.412158], [-82.978149, 42.410256], [-82.976331, 42.407385], [-82.97310600000002, 42.401595], [-82.982159, 42.399484], [-82.983111, 42.402201], [-82.98518900000002, 42.405482], [-82.986384, 42.40739], [-82.986957, 42.408349], [-82.987447, 42.409122], [-82.987563, 42.409304]]]}, "properties": {"GEOID": "26163504300", "tract_name": "5043", "total_n_nonNAP": 163, "achieved_n": 97, "reconveyed_n": 33, "closed_n": 130, "reconveyance_rate_pct": 25.4, "in_progress_n": 33, "at_risk_n": 9, "at_risk_pct": 27.3, "tax_delinquent_pct": 42.4, "median_days_to_compliance": 643}}, {"type": "Feature", "geometry": {"bbox": [-83.162935, 42.199139, -83.1308434885568, 42.21415], "type": "Polygon", "coordinates": [[[-83.160511, 42.207427], [-83.15838, 42.214005], [-83.153516, 42.214083], [-83.14995000000002, 42.21415], [-83.148784, 42.209732], [-83.147212, 42.209556], [-83.147206, 42.208716], [-83.1308434885568, 42.2087497310058], [-83.1314636964272, 42.202771242328], [-83.137779, 42.202915], [-83.143236, 42.202618], [-83.146965, 42.199139], [-83.150675, 42.200106], [-83.153069, 42.19995], [-83.162935, 42.199758], [-83.160511, 42.207427]]]}, "properties": {"GEOID": "26163580700", "tract_name": "5807", "total_n_nonNAP": null, "achieved_n": null, "reconveyed_n": null, "closed_n": null, "reconveyance_rate_pct": null, "in_progress_n": null, "at_risk_n": null, "at_risk_pct": null, "tax_delinquent_pct": null, "median_days_to_compliance": null}}, {"type": "Feature", "geometry": {"bbox": [-83.311496, 42.318902, -83.286771, 42.326688], "type": "Polygon", "coordinates": [[[-83.311496, 42.326188], [-83.303655, 42.32634900000001], [-83.301752, 42.326384], [-83.291997, 42.326585], [-83.287102, 42.326688], [-83.286771, 42.319474], [-83.301397, 42.319095], [-83.311164, 42.318902], [-83.311496, 42.326188]]]}, "properties": {"GEOID": "26163573000", "tract_name": "5730", "total_n_nonNAP": null, "achieved_n": null, "reconveyed_n": null, "closed_n": null, "reconveyance_rate_pct": null, "in_progress_n": null, "at_risk_n": null, "at_risk_pct": null, "tax_delinquent_pct": null, "median_days_to_compliance": null}}, {"type": "Feature", "geometry": {"bbox": [-83.2724, 42.311575, -83.256134, 42.327149], "type": "Polygon", "coordinates": [[[-83.2724, 42.327061], [-83.271157, 42.326993], [-83.268728, 42.327024], [-83.26472, 42.327149], [-83.261669, 42.327044], [-83.261553, 42.325545], [-83.257257, 42.320031], [-83.256134, 42.318358], [-83.261733, 42.311575], [-83.263784, 42.312599], [-83.264503, 42.312715], [-83.27176, 42.312581], [-83.272056, 42.319795], [-83.2724, 42.327061]]]}, "properties": {"GEOID": "26163574600", "tract_name": "5746", "total_n_nonNAP": null, "achieved_n": null, "reconveyed_n": null, "closed_n": null, "reconveyance_rate_pct": null, "in_progress_n": null, "at_risk_n": null, "at_risk_pct": null, "tax_delinquent_pct": null, "median_days_to_compliance": null}}, {"type": "Feature", "geometry": {"bbox": [-83.270978, 42.281736, -83.251129, 42.29114], "type": "Polygon", "coordinates": [[[-83.270978, 42.290796], [-83.26119, 42.291003], [-83.256263, 42.290639], [-83.253869, 42.29114], [-83.251389, 42.29097], [-83.251273, 42.285784], [-83.251129, 42.28215], [-83.256054, 42.28207100000001], [-83.260901, 42.281993], [-83.270634, 42.281736], [-83.270779, 42.285368], [-83.270978, 42.290796]]]}, "properties": {"GEOID": "26163575300", "tract_name": "5753", "total_n_nonNAP": null, "achieved_n": null, "reconveyed_n": null, "closed_n": null, "reconveyance_rate_pct": null, "in_progress_n": null, "at_risk_n": null, "at_risk_pct": null, "tax_delinquent_pct": null, "median_days_to_compliance": null}}, {"type": "Feature", "geometry": {"bbox": [-83.349528, 42.284375, -83.338986, 42.310986], "type": "Polygon", "coordinates": [[[-83.349528, 42.310819], [-83.339928, 42.310986], [-83.339684, 42.303822000000004], [-83.338986, 42.286], [-83.348659, 42.284375], [-83.34893900000002, 42.289186], [-83.349095, 42.29279], [-83.349238, 42.296404], [-83.349358, 42.300023], [-83.349505, 42.303633], [-83.349528, 42.310819]]]}, "properties": {"GEOID": "26163568700", "tract_name": "5687", "total_n_nonNAP": null, "achieved_n": null, "reconveyed_n": null, "closed_n": null, "reconveyance_rate_pct": null, "in_progress_n": null, "at_risk_n": null, "at_risk_pct": null, "tax_delinquent_pct": null, "median_days_to_compliance": null}}, {"type": "Feature", "geometry": {"bbox": [-83.338986, 42.27496500000001, -83.328751, 42.287687], "type": "Polygon", "coordinates": [[[-83.338986, 42.286], [-83.32928, 42.287687], [-83.329034, 42.282327], [-83.328937, 42.279867], [-83.328751, 42.275106], [-83.3376, 42.27496500000001], [-83.338574, 42.275031], [-83.338736, 42.279723], [-83.338986, 42.286]]]}, "properties": {"GEOID": "26163570600", "tract_name": "5706", "total_n_nonNAP": null, "achieved_n": null, "reconveyed_n": null, "closed_n": null, "reconveyance_rate_pct": null, "in_progress_n": null, "at_risk_n": null, "at_risk_pct": null, "tax_delinquent_pct": null, "median_days_to_compliance": null}}, {"type": "Feature", "geometry": {"bbox": [-83.289968, 42.268685000000005, -83.270134, 42.281736], "type": "Polygon", "coordinates": [[[-83.289968, 42.281295], [-83.285158, 42.281416], [-83.280355, 42.281521], [-83.2711, 42.281723], [-83.270634, 42.281736], [-83.270394, 42.276323], [-83.270204, 42.272745], [-83.270134, 42.269141], [-83.270483, 42.269131], [-83.284711, 42.268788], [-83.289535, 42.268685000000005], [-83.289776, 42.275896], [-83.289871, 42.278613], [-83.289968, 42.281295]]]}, "properties": {"GEOID": "26163572600", "tract_name": "5726", "total_n_nonNAP": null, "achieved_n": null, "reconveyed_n": null, "closed_n": null, "reconveyance_rate_pct": null, "in_progress_n": null, "at_risk_n": null, "at_risk_pct": null, "tax_delinquent_pct": null, "median_days_to_compliance": null}}, {"type": "Feature", "geometry": {"bbox": [-83.31218, 42.326188, -83.291997, 42.341028], "type": "Polygon", "coordinates": [[[-83.31218, 42.340636], [-83.302963, 42.340824], [-83.302547, 42.340832], [-83.292776, 42.341028], [-83.292426, 42.333772], [-83.291997, 42.326585], [-83.301752, 42.326384], [-83.303655, 42.32634900000001], [-83.311496, 42.326188], [-83.311805, 42.333284], [-83.312002, 42.336952], [-83.31218, 42.340636]]]}, "properties": {"GEOID": "26163572200", "tract_name": "5722", "total_n_nonNAP": null, "achieved_n": null, "reconveyed_n": null, "closed_n": null, "reconveyance_rate_pct": null, "in_progress_n": null, "at_risk_n": null, "at_risk_pct": null, "tax_delinquent_pct": null, "median_days_to_compliance": null}}, {"type": "Feature", "geometry": {"bbox": [-83.160324, 42.409707000000004, -83.140537, 42.417147], "type": "Polygon", "coordinates": [[[-83.160324, 42.416932], [-83.15596, 42.417011], [-83.15116600000002, 42.417098], [-83.14631600000001, 42.41713], [-83.146204, 42.41713], [-83.140836, 42.417147], [-83.140537, 42.409904], [-83.145904, 42.409851], [-83.150799, 42.4098], [-83.15095500000001, 42.409798], [-83.16000400000001, 42.409707000000004], [-83.160113, 42.412146], [-83.160324, 42.416932]]]}, "properties": {"GEOID": "26163536100", "tract_name": "5361", "total_n_nonNAP": 100, "achieved_n": 75, "reconveyed_n": 10, "closed_n": 85, "reconveyance_rate_pct": 11.8, "in_progress_n": 15, "at_risk_n": 3, "at_risk_pct": 20.0, "tax_delinquent_pct": 40.0, "median_days_to_compliance": 489}}, {"type": "Feature", "geometry": {"bbox": [-82.940957, 42.390501, -82.922399, 42.406075], "type": "Polygon", "coordinates": [[[-82.940957, 42.40199200000001], [-82.935237, 42.404093], [-82.92983, 42.406075], [-82.922399, 42.394829], [-82.926671, 42.393182], [-82.927795, 42.392733], [-82.933431, 42.390501], [-82.937721, 42.39705], [-82.939851, 42.400309], [-82.940957, 42.40199200000001]]]}, "properties": {"GEOID": "26163501800", "tract_name": "5018", "total_n_nonNAP": 69, "achieved_n": 56, "reconveyed_n": 8, "closed_n": 64, "reconveyance_rate_pct": 12.5, "in_progress_n": 5, "at_risk_n": 1, "at_risk_pct": 20.0, "tax_delinquent_pct": 20.0, "median_days_to_compliance": 458.5}}, {"type": "Feature", "geometry": {"bbox": [-82.960329, 42.397021, -82.940957, 42.409729], "type": "Polygon", "coordinates": [[[-82.960329, 42.405048], [-82.960054, 42.405133], [-82.955612, 42.406468], [-82.950309, 42.408051], [-82.94858000000002, 42.409064], [-82.948214, 42.409091], [-82.946009, 42.409729], [-82.94412700000001, 42.40685], [-82.940957, 42.40199200000001], [-82.946729, 42.399875], [-82.954492, 42.397021], [-82.957542, 42.401141], [-82.958102, 42.401723], [-82.960246, 42.404924], [-82.960329, 42.405048]]]}, "properties": {"GEOID": "26163501300", "tract_name": "5013", "total_n_nonNAP": 112, "achieved_n": 80, "reconveyed_n": 20, "closed_n": 100, "reconveyance_rate_pct": 20.0, "in_progress_n": 12, "at_risk_n": 1, "at_risk_pct": 8.3, "tax_delinquent_pct": 58.3, "median_days_to_compliance": 832.0}}, {"type": "Feature", "geometry": {"bbox": [-83.229402, 42.0777655865067, -83.17922, 42.112658], "type": "Polygon", "coordinates": [[[-83.229402, 42.081433], [-83.225254, 42.086166], [-83.225164, 42.095458], [-83.225038, 42.099228], [-83.214397, 42.111941], [-83.201234, 42.112213], [-83.193243, 42.11236900000001], [-83.17922, 42.112658], [-83.181272, 42.108378], [-83.185025, 42.100413], [-83.185706, 42.096874], [-83.183891, 42.091796], [-83.183458, 42.090585], [-83.1830677855994, 42.0825510268276], [-83.185709, 42.07944], [-83.1901743818573, 42.0777655865067], [-83.192477, 42.07954], [-83.195843, 42.082418], [-83.210596, 42.082069], [-83.214532, 42.081895], [-83.229103, 42.08144], [-83.229402, 42.081433]]]}, "properties": {"GEOID": "26163597000", "tract_name": "5970", "total_n_nonNAP": null, "achieved_n": null, "reconveyed_n": null, "closed_n": null, "reconveyance_rate_pct": null, "in_progress_n": null, "at_risk_n": null, "at_risk_pct": null, "tax_delinquent_pct": null, "median_days_to_compliance": null}}, {"type": "Feature", "geometry": {"bbox": [-83.549667, 42.367132, -83.466465, 42.396103000000004], "type": "Polygon", "coordinates": [[[-83.549667, 42.392609], [-83.529851, 42.393531], [-83.510254, 42.394073], [-83.491528, 42.395437], [-83.481593, 42.395722], [-83.469562, 42.396103000000004], [-83.468868, 42.396067], [-83.470053, 42.391072], [-83.470087, 42.390023], [-83.470028, 42.389543], [-83.466465, 42.380792], [-83.474616, 42.381322], [-83.482349, 42.381908], [-83.486869, 42.382782], [-83.510094, 42.382175], [-83.525438, 42.38145900000001], [-83.529219, 42.380255], [-83.530737, 42.379308], [-83.537126, 42.372476], [-83.540036, 42.370316], [-83.542652, 42.36896], [-83.548372, 42.367132], [-83.549208, 42.383325], [-83.549667, 42.392609]]]}, "properties": {"GEOID": "26163561700", "tract_name": "5617", "total_n_nonNAP": null, "achieved_n": null, "reconveyed_n": null, "closed_n": null, "reconveyance_rate_pct": null, "in_progress_n": null, "at_risk_n": null, "at_risk_pct": null, "tax_delinquent_pct": null, "median_days_to_compliance": null}}, {"type": "Feature", "geometry": {"bbox": [-83.330535, 42.287687, -83.309907, 42.311709], "type": "Polygon", "coordinates": [[[-83.330535, 42.31124], [-83.320857, 42.311427], [-83.310867, 42.311709], [-83.310525, 42.304451], [-83.31033600000002, 42.299972], [-83.310316, 42.299328], [-83.310233, 42.297272], [-83.309907, 42.290967], [-83.32928, 42.287687], [-83.329432, 42.29108200000001], [-83.329828, 42.299194], [-83.330131, 42.304025], [-83.330535, 42.31124]]]}, "properties": {"GEOID": "26163570400", "tract_name": "5704", "total_n_nonNAP": null, "achieved_n": null, "reconveyed_n": null, "closed_n": null, "reconveyance_rate_pct": null, "in_progress_n": null, "at_risk_n": null, "at_risk_pct": null, "tax_delinquent_pct": null, "median_days_to_compliance": null}}, {"type": "Feature", "geometry": {"bbox": [-83.231911, 42.256396, -83.212736, 42.272534], "type": "Polygon", "coordinates": [[[-83.231911, 42.269879], [-83.225394, 42.270161], [-83.223882, 42.27078], [-83.221627, 42.272534], [-83.224179, 42.269477], [-83.224409, 42.268132], [-83.224201, 42.267281], [-83.224077, 42.26701], [-83.223236, 42.266091], [-83.220371, 42.26367], [-83.219088, 42.262873], [-83.212736, 42.260938], [-83.21617, 42.256764], [-83.226334, 42.256505], [-83.231223, 42.256396], [-83.231607, 42.263878000000005], [-83.23168, 42.266101], [-83.231911, 42.269879]]]}, "properties": {"GEOID": "26163576200", "tract_name": "5762", "total_n_nonNAP": null, "achieved_n": null, "reconveyed_n": null, "closed_n": null, "reconveyance_rate_pct": null, "in_progress_n": null, "at_risk_n": null, "at_risk_pct": null, "tax_delinquent_pct": null, "median_days_to_compliance": null}}, {"type": "Feature", "geometry": {"bbox": [-83.104635, 42.360302, -83.090702, 42.370766], "type": "Polygon", "coordinates": [[[-83.104635, 42.367284], [-83.099143, 42.369372000000006], [-83.09554200000001, 42.370693], [-83.095342, 42.370766], [-83.094025, 42.368765], [-83.091528, 42.36499100000001], [-83.090702, 42.363731], [-83.091027, 42.363609000000004], [-83.094512, 42.362313], [-83.097381, 42.361248], [-83.099947, 42.360302], [-83.104635, 42.367284]]]}, "properties": {"GEOID": "26163533000", "tract_name": "5330", "total_n_nonNAP": 45, "achieved_n": 30, "reconveyed_n": 14, "closed_n": 44, "reconveyance_rate_pct": 31.8, "in_progress_n": 1, "at_risk_n": 1, "at_risk_pct": 100.0, "tax_delinquent_pct": 100.0, "median_days_to_compliance": 791.5}}, {"type": "Feature", "geometry": {"bbox": [-83.125385, 42.393019, -83.109048, 42.403031], "type": "Polygon", "coordinates": [[[-83.125385, 42.398015], [-83.11577700000001, 42.401587], [-83.112089, 42.403031], [-83.109119, 42.398749], [-83.109048, 42.398585], [-83.109779, 42.398337], [-83.113195, 42.396299], [-83.12203, 42.393019], [-83.123587, 42.395336], [-83.125385, 42.398015]]]}, "properties": {"GEOID": "26163531700", "tract_name": "5317", "total_n_nonNAP": 75, "achieved_n": 34, "reconveyed_n": 16, "closed_n": 50, "reconveyance_rate_pct": 32.0, "in_progress_n": 25, "at_risk_n": 12, "at_risk_pct": 48.0, "tax_delinquent_pct": 60.0, "median_days_to_compliance": 782.5}}, {"type": "Feature", "geometry": {"bbox": [-83.419317, 42.132579, -83.304737, 42.181282], "type": "Polygon", "coordinates": [[[-83.419317, 42.179458], [-83.388518, 42.179972], [-83.345006, 42.180633], [-83.325518, 42.180946], [-83.315844, 42.181074], [-83.306022, 42.181282], [-83.305618, 42.166795], [-83.305395, 42.152171], [-83.305187, 42.14675], [-83.305107, 42.144949], [-83.305061, 42.143786], [-83.304737, 42.137816], [-83.343651, 42.137297], [-83.363251, 42.137023000000006], [-83.363103, 42.135458], [-83.363131, 42.134989000000004], [-83.363087, 42.132579], [-83.36498, 42.133128], [-83.36666, 42.134792], [-83.366274, 42.138255], [-83.367603, 42.137886], [-83.367253, 42.139863], [-83.365025, 42.140853], [-83.36406400000001, 42.143531], [-83.364586, 42.144539], [-83.36610100000001, 42.143855], [-83.366626, 42.145235], [-83.371022, 42.145937], [-83.37187, 42.146473], [-83.370703, 42.149962], [-83.383279, 42.150123], [-83.38264700000002, 42.147672], [-83.382314, 42.143172], [-83.384372, 42.143859], [-83.383739, 42.147153], [-83.385777, 42.147672], [-83.390685, 42.151295], [-83.389053, 42.15224], [-83.392347, 42.156772], [-83.393249, 42.156578], [-83.39803, 42.158543], [-83.399497, 42.16045], [-83.399397, 42.16145600000001], [-83.410049, 42.163669], [-83.411331, 42.164849], [-83.41458000000002, 42.165699], [-83.41596400000002, 42.168716], [-83.415615, 42.170036], [-83.416746, 42.174047], [-83.419317, 42.179458]]]}, "properties": {"GEOID": "26163590500", "tract_name": "5905", "total_n_nonNAP": null, "achieved_n": null, "reconveyed_n": null, "closed_n": null, "reconveyance_rate_pct": null, "in_progress_n": null, "at_risk_n": null, "at_risk_pct": null, "tax_delinquent_pct": null, "median_days_to_compliance": null}}, {"type": "Feature", "geometry": {"bbox": [-83.381219, 42.279392, -83.348659, 42.289186], "type": "Polygon", "coordinates": [[[-83.381219, 42.28573], [-83.377898, 42.285792], [-83.378042, 42.28849], [-83.376728, 42.288509], [-83.363571, 42.288783], [-83.350946, 42.288954], [-83.34893900000002, 42.289186], [-83.348659, 42.284375], [-83.354754, 42.283378], [-83.363194, 42.281928], [-83.372866, 42.280286], [-83.378226, 42.279392], [-83.378217, 42.281128], [-83.377737, 42.281405], [-83.377776, 42.282329], [-83.381123, 42.282857], [-83.381219, 42.28573]]]}, "properties": {"GEOID": "26163566400", "tract_name": "5664", "total_n_nonNAP": null, "achieved_n": null, "reconveyed_n": null, "closed_n": null, "reconveyance_rate_pct": null, "in_progress_n": null, "at_risk_n": null, "at_risk_pct": null, "tax_delinquent_pct": null, "median_days_to_compliance": null}}, {"type": "Feature", "geometry": {"bbox": [-83.442242, 42.341309, -83.429597, 42.352465], "type": "Polygon", "coordinates": [[[-83.437658, 42.352262], [-83.435295, 42.352325], [-83.430038, 42.352465], [-83.429597, 42.341727], [-83.434791, 42.341463], [-83.442242, 42.341309], [-83.437658, 42.352262]]]}, "properties": {"GEOID": "26163563200", "tract_name": "5632", "total_n_nonNAP": null, "achieved_n": null, "reconveyed_n": null, "closed_n": null, "reconveyance_rate_pct": null, "in_progress_n": null, "at_risk_n": null, "at_risk_pct": null, "tax_delinquent_pct": null, "median_days_to_compliance": null}}, {"type": "Feature", "geometry": {"bbox": [-83.13954, 42.378818, -83.126743, 42.389743], "type": "Polygon", "coordinates": [[[-83.13954, 42.386493], [-83.138621, 42.386775], [-83.130873, 42.389743], [-83.129479, 42.387677], [-83.126743, 42.383604], [-83.131195, 42.381864], [-83.134917, 42.380454], [-83.139221, 42.378818], [-83.139317, 42.381185], [-83.139431, 42.383889], [-83.13954, 42.386493]]]}, "properties": {"GEOID": "26163530500", "tract_name": "5305", "total_n_nonNAP": 101, "achieved_n": 65, "reconveyed_n": 26, "closed_n": 91, "reconveyance_rate_pct": 28.6, "in_progress_n": 10, "at_risk_n": 4, "at_risk_pct": 40.0, "tax_delinquent_pct": 70.0, "median_days_to_compliance": 828.0}}, {"type": "Feature", "geometry": {"bbox": [-83.145862, 42.332315, -83.13031, 42.344927], "type": "Polygon", "coordinates": [[[-83.145862, 42.344747], [-83.13951, 42.344888], [-83.137789, 42.344927], [-83.137086, 42.344047], [-83.132965, 42.338622], [-83.13031, 42.335154], [-83.136347, 42.332855], [-83.138412, 42.332315], [-83.140744, 42.335507], [-83.143467, 42.339291], [-83.143628, 42.339228], [-83.145169, 42.341335], [-83.145862, 42.344747]]]}, "properties": {"GEOID": "26163526300", "tract_name": "5263", "total_n_nonNAP": 83, "achieved_n": 65, "reconveyed_n": 9, "closed_n": 74, "reconveyance_rate_pct": 12.2, "in_progress_n": 9, "at_risk_n": 0, "at_risk_pct": 0.0, "tax_delinquent_pct": 55.6, "median_days_to_compliance": 706}}, {"type": "Feature", "geometry": {"bbox": [-83.333106, 42.361943, -83.313154, 42.369892], "type": "Polygon", "coordinates": [[[-83.333106, 42.369174], [-83.323287, 42.369429], [-83.31609, 42.369637], [-83.313492, 42.369892], [-83.313154, 42.362542], [-83.314218, 42.362413], [-83.32294500000002, 42.362175], [-83.332691, 42.361943], [-83.333106, 42.369174]]]}, "properties": {"GEOID": "26163559100", "tract_name": "5591", "total_n_nonNAP": null, "achieved_n": null, "reconveyed_n": null, "closed_n": null, "reconveyance_rate_pct": null, "in_progress_n": null, "at_risk_n": null, "at_risk_pct": null, "tax_delinquent_pct": null, "median_days_to_compliance": null}}, {"type": "Feature", "geometry": {"bbox": [-82.896631, 42.437745, -82.87718200000002, 42.450955], "type": "Polygon", "coordinates": [[[-82.894519, 42.445926], [-82.891833, 42.450892], [-82.883986, 42.450908000000005], [-82.87718200000002, 42.450955], [-82.880772, 42.442616], [-82.882831, 42.437745], [-82.896631, 42.441082], [-82.894519, 42.445926]]]}, "properties": {"GEOID": "26163551700", "tract_name": "5517", "total_n_nonNAP": null, "achieved_n": null, "reconveyed_n": null, "closed_n": null, "reconveyance_rate_pct": null, "in_progress_n": null, "at_risk_n": null, "at_risk_pct": null, "tax_delinquent_pct": null, "median_days_to_compliance": null}}, {"type": "Feature", "geometry": {"bbox": [-82.945577, 42.43702, -82.916697, 42.450718], "type": "Polygon", "coordinates": [[[-82.945577, 42.44487], [-82.941283, 42.45023], [-82.94074100000002, 42.450224], [-82.936831, 42.450284], [-82.935403, 42.450159], [-82.933975, 42.450421], [-82.928579, 42.45062], [-82.917792, 42.450705], [-82.917391, 42.450718], [-82.916697, 42.448285], [-82.917412, 42.44585], [-82.919555, 42.44039], [-82.921045, 42.43702], [-82.921252, 42.43724], [-82.928104, 42.440027], [-82.932671, 42.441887], [-82.934033, 42.440013], [-82.945353, 42.444607], [-82.945577, 42.44487]]]}, "properties": {"GEOID": "26163551400", "tract_name": "5514", "total_n_nonNAP": null, "achieved_n": null, "reconveyed_n": null, "closed_n": null, "reconveyance_rate_pct": null, "in_progress_n": null, "at_risk_n": null, "at_risk_pct": null, "tax_delinquent_pct": null, "median_days_to_compliance": null}}, {"type": "Feature", "geometry": {"bbox": [-83.125345, 42.298023, -83.104295, 42.318923], "type": "Polygon", "coordinates": [[[-83.125345, 42.298775], [-83.120176, 42.306254], [-83.118037, 42.309354], [-83.116615, 42.311412], [-83.115031, 42.313705], [-83.113712, 42.315616], [-83.111471, 42.318923], [-83.110908, 42.318149], [-83.109894, 42.316516], [-83.109978, 42.315614], [-83.107447, 42.312111], [-83.104295, 42.307768], [-83.105763, 42.307], [-83.109165, 42.305626], [-83.113988, 42.303705], [-83.121279, 42.30065], [-83.124815, 42.298023], [-83.125345, 42.298775]]]}, "properties": {"GEOID": "26163523800", "tract_name": "5238", "total_n_nonNAP": 17, "achieved_n": 16, "reconveyed_n": 1, "closed_n": 17, "reconveyance_rate_pct": 5.9, "in_progress_n": 0, "at_risk_n": 0, "at_risk_pct": null, "tax_delinquent_pct": null, "median_days_to_compliance": 482.0}}, {"type": "Feature", "geometry": {"bbox": [-83.409076, 42.324025, -83.386538, 42.338564], "type": "Polygon", "coordinates": [[[-83.409076, 42.334026], [-83.407193, 42.334608], [-83.401661, 42.338135], [-83.400238, 42.338564], [-83.400365, 42.338016], [-83.400345, 42.335803], [-83.400207, 42.332435], [-83.399705, 42.331211], [-83.394535, 42.331484], [-83.389354, 42.331621], [-83.386538, 42.331684], [-83.38814, 42.328043], [-83.389166, 42.324449], [-83.399052, 42.324261], [-83.408613, 42.324025], [-83.409076, 42.334026]]]}, "properties": {"GEOID": "26163568900", "tract_name": "5689", "total_n_nonNAP": null, "achieved_n": null, "reconveyed_n": null, "closed_n": null, "reconveyance_rate_pct": null, "in_progress_n": null, "at_risk_n": null, "at_risk_pct": null, "tax_delinquent_pct": null, "median_days_to_compliance": null}}, {"type": "Feature", "geometry": {"bbox": [-83.236039, 42.357573, -83.216561, 42.365259], "type": "Polygon", "coordinates": [[[-83.236039, 42.364704], [-83.234822, 42.364726], [-83.226336, 42.364887], [-83.21792900000001, 42.365053], [-83.21718, 42.365197], [-83.216568, 42.365259], [-83.216561, 42.364729], [-83.216581, 42.357845], [-83.226212, 42.357709], [-83.235953, 42.357573], [-83.236039, 42.364704]]]}, "properties": {"GEOID": "26163546700", "tract_name": "5467", "total_n_nonNAP": 55, "achieved_n": 40, "reconveyed_n": 8, "closed_n": 48, "reconveyance_rate_pct": 16.7, "in_progress_n": 7, "at_risk_n": 3, "at_risk_pct": 42.9, "tax_delinquent_pct": 57.1, "median_days_to_compliance": 486.5}}, {"type": "Feature", "geometry": {"bbox": [-83.294642, 42.356377, -83.274343, 42.364077], "type": "Polygon", "coordinates": [[[-83.294642, 42.363569], [-83.286102, 42.363797], [-83.284905, 42.363828], [-83.275219, 42.364077], [-83.274963, 42.358315], [-83.274343, 42.356887], [-83.274827, 42.356873], [-83.28500100000001, 42.356611], [-83.285579, 42.356596], [-83.29427, 42.356377], [-83.294642, 42.363569]]]}, "properties": {"GEOID": "26163555500", "tract_name": "5555", "total_n_nonNAP": null, "achieved_n": null, "reconveyed_n": null, "closed_n": null, "reconveyance_rate_pct": null, "in_progress_n": null, "at_risk_n": null, "at_risk_pct": null, "tax_delinquent_pct": null, "median_days_to_compliance": null}}, {"type": "Feature", "geometry": {"bbox": [-83.427112, 42.265714, -83.377201, 42.281418], "type": "Polygon", "coordinates": [[[-83.427112, 42.279204], [-83.41466600000001, 42.278233], [-83.406773, 42.279788], [-83.398274, 42.281373], [-83.397228, 42.281418], [-83.397064, 42.276248], [-83.386477, 42.277949], [-83.378226, 42.279392], [-83.377977, 42.274017], [-83.37743, 42.274027], [-83.377201, 42.26786], [-83.382099, 42.267661], [-83.382084, 42.266724], [-83.388998, 42.266591], [-83.396763, 42.266437], [-83.416409, 42.266053], [-83.424126, 42.265714], [-83.42658300000001, 42.265857], [-83.42679, 42.271163], [-83.427112, 42.279204]]]}, "properties": {"GEOID": "26163566700", "tract_name": "5667", "total_n_nonNAP": null, "achieved_n": null, "reconveyed_n": null, "closed_n": null, "reconveyance_rate_pct": null, "in_progress_n": null, "at_risk_n": null, "at_risk_pct": null, "tax_delinquent_pct": null, "median_days_to_compliance": null}}, {"type": "Feature", "geometry": {"bbox": [-83.237846, 42.335736, -83.21593700000001, 42.343366], "type": "Polygon", "coordinates": [[[-83.237846, 42.343086], [-83.235387, 42.343126], [-83.232922, 42.343165], [-83.225646, 42.343278], [-83.216231, 42.343366], [-83.21593700000001, 42.336128], [-83.225412, 42.336003], [-83.232643, 42.335897], [-83.235105, 42.335834], [-83.237568, 42.335736], [-83.237846, 42.343086]]]}, "properties": {"GEOID": "26163545800", "tract_name": "5458", "total_n_nonNAP": 146, "achieved_n": 128, "reconveyed_n": 15, "closed_n": 143, "reconveyance_rate_pct": 10.5, "in_progress_n": 3, "at_risk_n": 0, "at_risk_pct": 0.0, "tax_delinquent_pct": 33.3, "median_days_to_compliance": 418.0}}, {"type": "Feature", "geometry": {"bbox": [-83.216769, 42.365081, -83.197286, 42.37256], "type": "Polygon", "coordinates": [[[-83.216585, 42.372257], [-83.214434, 42.372294], [-83.205978, 42.372455], [-83.20232900000002, 42.372495], [-83.19756, 42.37256], [-83.197364, 42.367849], [-83.197286, 42.365365], [-83.202667, 42.365293], [-83.209377, 42.365178], [-83.214947, 42.365081], [-83.216568, 42.365259], [-83.216769, 42.372255], [-83.216585, 42.372257]]]}, "properties": {"GEOID": "26163545200", "tract_name": "5452", "total_n_nonNAP": 133, "achieved_n": 94, "reconveyed_n": 17, "closed_n": 111, "reconveyance_rate_pct": 15.3, "in_progress_n": 22, "at_risk_n": 8, "at_risk_pct": 36.4, "tax_delinquent_pct": 77.3, "median_days_to_compliance": 585.5}}, {"type": "Feature", "geometry": {"bbox": [-83.286698, 42.399955, -83.265706, 42.414727], "type": "Polygon", "coordinates": [[[-83.286698, 42.414252], [-83.276967, 42.414535], [-83.26632, 42.414727], [-83.265706, 42.413438], [-83.2672, 42.41243300000001], [-83.266676, 42.40024], [-83.272117, 42.399955], [-83.275725, 42.400096], [-83.275941, 42.407281000000005], [-83.27668100000001, 42.407278], [-83.286463, 42.407], [-83.286698, 42.414252]]]}, "properties": {"GEOID": "26163544300", "tract_name": "5443", "total_n_nonNAP": 43, "achieved_n": 28, "reconveyed_n": 7, "closed_n": 35, "reconveyance_rate_pct": 20.0, "in_progress_n": 8, "at_risk_n": 1, "at_risk_pct": 12.5, "tax_delinquent_pct": 37.5, "median_days_to_compliance": 634.5}}, {"type": "Feature", "geometry": {"bbox": [-83.064287, 42.347381, -83.047821, 42.36083500000001], "type": "Polygon", "coordinates": [[[-83.064287, 42.356785], [-83.062088, 42.357591], [-83.058689, 42.359204], [-83.054241, 42.36083500000001], [-83.05144, 42.356632], [-83.047821, 42.351218], [-83.051888, 42.349728], [-83.053605, 42.34923], [-83.055861, 42.348267], [-83.057877, 42.347381], [-83.060017, 42.350577], [-83.061463, 42.352707], [-83.062994, 42.354743], [-83.064287, 42.356785]]]}, "properties": {"GEOID": "26163517500", "tract_name": "5175", "total_n_nonNAP": null, "achieved_n": null, "reconveyed_n": null, "closed_n": null, "reconveyance_rate_pct": null, "in_progress_n": null, "at_risk_n": null, "at_risk_pct": null, "tax_delinquent_pct": null, "median_days_to_compliance": null}}, {"type": "Feature", "geometry": {"bbox": [-83.034858, 42.348569, -83.017474, 42.364836], "type": "Polygon", "coordinates": [[[-83.034858, 42.348569], [-83.032046, 42.352495], [-83.029003, 42.357142], [-83.023962, 42.364836], [-83.021613, 42.361291], [-83.017474, 42.355026], [-83.025572, 42.351926], [-83.030311, 42.349866], [-83.03324, 42.348678], [-83.034858, 42.348569]]]}, "properties": {"GEOID": "26163516800", "tract_name": "5168", "total_n_nonNAP": 18, "achieved_n": 7, "reconveyed_n": 5, "closed_n": 12, "reconveyance_rate_pct": 41.7, "in_progress_n": 6, "at_risk_n": 1, "at_risk_pct": 16.7, "tax_delinquent_pct": 83.3, "median_days_to_compliance": 1392}}, {"type": "Feature", "geometry": {"bbox": [-83.431809, 42.381757, -83.41203, 42.396371], "type": "Polygon", "coordinates": [[[-83.431809, 42.395985], [-83.42104, 42.396163], [-83.412744, 42.396371], [-83.41236700000002, 42.389107], [-83.41203, 42.381757], [-83.420801, 42.382016], [-83.431423, 42.385895], [-83.431529, 42.388834], [-83.431809, 42.395985]]]}, "properties": {"GEOID": "26163557700", "tract_name": "5577", "total_n_nonNAP": null, "achieved_n": null, "reconveyed_n": null, "closed_n": null, "reconveyance_rate_pct": null, "in_progress_n": null, "at_risk_n": null, "at_risk_pct": null, "tax_delinquent_pct": null, "median_days_to_compliance": null}}, {"type": "Feature", "geometry": {"bbox": [-83.194881, 42.199264, -83.18003, 42.213778], "type": "Polygon", "coordinates": [[[-83.193971, 42.213666], [-83.18808200000001, 42.213711], [-83.185619, 42.213728], [-83.180649, 42.213778], [-83.180324, 42.207058], [-83.180303, 42.206522], [-83.18003, 42.199461], [-83.184967, 42.199383], [-83.193152, 42.199264], [-83.193372, 42.206517], [-83.193847, 42.212009], [-83.194881, 42.212716], [-83.193971, 42.213666]]]}, "properties": {"GEOID": "26163581900", "tract_name": "5819", "total_n_nonNAP": null, "achieved_n": null, "reconveyed_n": null, "closed_n": null, "reconveyance_rate_pct": null, "in_progress_n": null, "at_risk_n": null, "at_risk_pct": null, "tax_delinquent_pct": null, "median_days_to_compliance": null}}, {"type": "Feature", "geometry": {"bbox": [-83.218386, 42.392657, -83.198365, 42.401513], "type": "Polygon", "coordinates": [[[-83.218386, 42.401121], [-83.208411, 42.401292], [-83.20293700000002, 42.40141], [-83.19869500000001, 42.401513], [-83.198422, 42.394273], [-83.198365, 42.392657], [-83.206386, 42.395894], [-83.20822500000001, 42.396637], [-83.218385, 42.400738000000004], [-83.218386, 42.401121]]]}, "properties": {"GEOID": "26163542300", "tract_name": "5423", "total_n_nonNAP": 48, "achieved_n": 38, "reconveyed_n": 7, "closed_n": 45, "reconveyance_rate_pct": 15.6, "in_progress_n": 3, "at_risk_n": 0, "at_risk_pct": 0.0, "tax_delinquent_pct": 33.3, "median_days_to_compliance": 711.5}}, {"type": "Feature", "geometry": {"bbox": [-82.978884, 42.3528870205329, -82.942203, 42.371917], "type": "Polygon", "coordinates": [[[-82.978884, 42.363058], [-82.970611, 42.366982], [-82.964932, 42.369208], [-82.958905, 42.370001], [-82.949209, 42.370953], [-82.946696, 42.371917], [-82.944775, 42.368977], [-82.943286, 42.366521], [-82.942203, 42.364881], [-82.94654, 42.36306], [-82.95286900000002, 42.360614], [-82.954809, 42.361902], [-82.956646, 42.364712], [-82.957867, 42.364272], [-82.9529754360034, 42.3549764856513], [-82.955804, 42.35467], [-82.964455, 42.355166], [-82.96659308811171, 42.3528870205329], [-82.97202, 42.353359], [-82.973363, 42.355328], [-82.978884, 42.363058]]]}, "properties": {"GEOID": "26163513700", "tract_name": "5137", "total_n_nonNAP": 17, "achieved_n": 12, "reconveyed_n": 0, "closed_n": 12, "reconveyance_rate_pct": 0.0, "in_progress_n": 5, "at_risk_n": 1, "at_risk_pct": 20.0, "tax_delinquent_pct": 80.0, "median_days_to_compliance": 776.5}}, {"type": "Feature", "geometry": {"bbox": [-83.088665, 42.381113, -83.068331, 42.39878600000001], "type": "Polygon", "coordinates": [[[-83.088665, 42.393102], [-83.079728, 42.396482], [-83.07377, 42.39878600000001], [-83.07119200000001, 42.395605], [-83.069272, 42.393232], [-83.069134, 42.393056], [-83.070038, 42.390163], [-83.069052, 42.387511], [-83.068331, 42.386431], [-83.071535, 42.384476], [-83.074765, 42.383261], [-83.080593, 42.381113], [-83.081738, 42.382815], [-83.085636, 42.388605], [-83.088665, 42.393102]]]}, "properties": {"GEOID": "26163511400", "tract_name": "5114", "total_n_nonNAP": 66, "achieved_n": 53, "reconveyed_n": 6, "closed_n": 59, "reconveyance_rate_pct": 10.2, "in_progress_n": 7, "at_risk_n": 2, "at_risk_pct": 28.6, "tax_delinquent_pct": 57.1, "median_days_to_compliance": 652}}, {"type": "Feature", "geometry": {"bbox": [-83.05291000000001, 42.3240110496774, -83.0240343358134, 42.343593000000006], "type": "Polygon", "coordinates": [[[-83.05291000000001, 42.339986], [-83.048682, 42.341831], [-83.043799, 42.343593000000006], [-83.04350100000002, 42.342537], [-83.041344, 42.340161], [-83.040083, 42.339093], [-83.038844, 42.337378], [-83.03783000000001, 42.335795000000005], [-83.03589, 42.332592], [-83.034173, 42.333287], [-83.032736, 42.33107], [-83.026617, 42.33319300000001], [-83.025743, 42.331849], [-83.0240343358134, 42.3294304753263], [-83.026234, 42.32891], [-83.04058, 42.324093], [-83.0408411326315, 42.3240110496774], [-83.042826, 42.326671], [-83.042708, 42.326707], [-83.046214, 42.331048], [-83.046349, 42.332147], [-83.04708, 42.332117], [-83.047844, 42.332927], [-83.048746, 42.334089], [-83.05089, 42.336981], [-83.05291000000001, 42.339986]]]}, "properties": {"GEOID": "26163517200", "tract_name": "5172", "total_n_nonNAP": null, "achieved_n": null, "reconveyed_n": null, "closed_n": null, "reconveyance_rate_pct": null, "in_progress_n": null, "at_risk_n": null, "at_risk_pct": null, "tax_delinquent_pct": null, "median_days_to_compliance": null}}, {"type": "Feature", "geometry": {"bbox": [-83.098991, 42.336304, -83.072857, 42.351227], "type": "Polygon", "coordinates": [[[-83.098991, 42.350137000000004], [-83.095562, 42.351227], [-83.089352, 42.348713], [-83.085515, 42.347164], [-83.082475, 42.34594], [-83.073005, 42.342121000000006], [-83.072857, 42.341862], [-83.081028, 42.339295], [-83.090548, 42.336304], [-83.09464, 42.343135], [-83.098193, 42.349128], [-83.098991, 42.350137000000004]]]}, "properties": {"GEOID": "26163522000", "tract_name": "5220", "total_n_nonNAP": 7, "achieved_n": 3, "reconveyed_n": 3, "closed_n": 6, "reconveyance_rate_pct": 50.0, "in_progress_n": 1, "at_risk_n": 0, "at_risk_pct": 0.0, "tax_delinquent_pct": 0.0, "median_days_to_compliance": 932}}, {"type": "Feature", "geometry": {"bbox": [-83.545375, 42.293007, -83.505852, 42.306951], "type": "Polygon", "coordinates": [[[-83.545375, 42.305817], [-83.526267, 42.306358], [-83.506484, 42.306951], [-83.506135, 42.299768], [-83.506008, 42.296117], [-83.505852, 42.293457], [-83.507499, 42.293544], [-83.508046, 42.295111], [-83.51069, 42.295875], [-83.51561600000001, 42.295833], [-83.520095, 42.298126], [-83.522141, 42.298063], [-83.524388, 42.295627], [-83.525663, 42.295507], [-83.539704, 42.295121], [-83.542855, 42.294846], [-83.543963, 42.294387], [-83.544839, 42.293007], [-83.54520500000001, 42.301819], [-83.545375, 42.305817]]]}, "properties": {"GEOID": "26163564501", "tract_name": "5645.01", "total_n_nonNAP": null, "achieved_n": null, "reconveyed_n": null, "closed_n": null, "reconveyance_rate_pct": null, "in_progress_n": null, "at_risk_n": null, "at_risk_pct": null, "tax_delinquent_pct": null, "median_days_to_compliance": null}}, {"type": "Feature", "geometry": {"bbox": [-83.138412, 42.331102, -83.120338, 42.337325], "type": "Polygon", "coordinates": [[[-83.138412, 42.332315], [-83.136347, 42.332855], [-83.13031, 42.335154], [-83.124856, 42.337325], [-83.121338, 42.332485], [-83.120338, 42.331112], [-83.127373, 42.331147], [-83.131896, 42.331111], [-83.137597, 42.331102], [-83.138412, 42.332315]]]}, "properties": {"GEOID": "26163525800", "tract_name": "5258", "total_n_nonNAP": 20, "achieved_n": 15, "reconveyed_n": 4, "closed_n": 19, "reconveyance_rate_pct": 21.1, "in_progress_n": 1, "at_risk_n": 0, "at_risk_pct": 0.0, "tax_delinquent_pct": 100.0, "median_days_to_compliance": 867}}, {"type": "Feature", "geometry": {"bbox": [-83.443683, 42.308602, -83.428283, 42.341727], "type": "Polygon", "coordinates": [[[-83.443683, 42.332692], [-83.443513, 42.335982], [-83.442242, 42.341309], [-83.434791, 42.341463], [-83.429597, 42.341727], [-83.429179, 42.331303], [-83.428283, 42.308981], [-83.436095, 42.308758], [-83.442875, 42.308602], [-83.443534, 42.323118], [-83.443683, 42.332692]]]}, "properties": {"GEOID": "26163564000", "tract_name": "5640", "total_n_nonNAP": null, "achieved_n": null, "reconveyed_n": null, "closed_n": null, "reconveyance_rate_pct": null, "in_progress_n": null, "at_risk_n": null, "at_risk_pct": null, "tax_delinquent_pct": null, "median_days_to_compliance": null}}, {"type": "Feature", "geometry": {"bbox": [-83.15303300000001, 42.259342, -83.13574400000002, 42.282791], "type": "Polygon", "coordinates": [[[-83.15303300000001, 42.264401], [-83.14804, 42.270438], [-83.143534, 42.275735], [-83.140368, 42.279466], [-83.13753, 42.282791], [-83.13574400000002, 42.282589], [-83.1359, 42.282266], [-83.138533, 42.274451], [-83.138255, 42.271885], [-83.141917, 42.26257], [-83.143128, 42.259342], [-83.143887, 42.25977], [-83.146151, 42.261034], [-83.150868, 42.263376], [-83.15303300000001, 42.264401]]]}, "properties": {"GEOID": "26163579300", "tract_name": "5793", "total_n_nonNAP": null, "achieved_n": null, "reconveyed_n": null, "closed_n": null, "reconveyance_rate_pct": null, "in_progress_n": null, "at_risk_n": null, "at_risk_pct": null, "tax_delinquent_pct": null, "median_days_to_compliance": null}}, {"type": "Feature", "geometry": {"bbox": [-83.260441, 42.257893, -83.231607, 42.266101], "type": "Polygon", "coordinates": [[[-83.260441, 42.264224000000006], [-83.253019, 42.265387], [-83.23168, 42.266101], [-83.231607, 42.263878000000005], [-83.250219, 42.25928100000001], [-83.255729, 42.257893], [-83.255937, 42.263012], [-83.260382, 42.26299], [-83.260441, 42.264224000000006]]]}, "properties": {"GEOID": "26163982500", "tract_name": "9825", "total_n_nonNAP": null, "achieved_n": null, "reconveyed_n": null, "closed_n": null, "reconveyance_rate_pct": null, "in_progress_n": null, "at_risk_n": null, "at_risk_pct": null, "tax_delinquent_pct": null, "median_days_to_compliance": null}}, {"type": "Feature", "geometry": {"bbox": [-83.275429, 42.371181, -83.26098, 42.378875], "type": "Polygon", "coordinates": [[[-83.275309, 42.378428], [-83.274999, 42.378433], [-83.266663, 42.378604], [-83.266667, 42.378793], [-83.265965, 42.378755], [-83.261105, 42.378875], [-83.261104, 42.378822], [-83.26098, 42.375225], [-83.266153, 42.37508600000001], [-83.266599, 42.374458], [-83.271905, 42.374259], [-83.271833, 42.371356], [-83.275429, 42.371181], [-83.275309, 42.378428]]]}, "properties": {"GEOID": "26163981800", "tract_name": "9818", "total_n_nonNAP": null, "achieved_n": null, "reconveyed_n": null, "closed_n": null, "reconveyance_rate_pct": null, "in_progress_n": null, "at_risk_n": null, "at_risk_pct": null, "tax_delinquent_pct": null, "median_days_to_compliance": null}}, {"type": "Feature", "geometry": {"bbox": [-83.260193, 42.088214, -83.2415, 42.122869], "type": "Polygon", "coordinates": [[[-83.260193, 42.109145], [-83.256683, 42.109194], [-83.255333, 42.10922], [-83.255472, 42.114939], [-83.250989, 42.118203], [-83.247758, 42.120009], [-83.246071, 42.120866], [-83.2415, 42.122869], [-83.241666, 42.109643000000005], [-83.241852, 42.095374], [-83.244833, 42.095193], [-83.245109, 42.088909], [-83.245105, 42.088324], [-83.255932, 42.088214], [-83.256073, 42.094879], [-83.259871, 42.09481], [-83.260193, 42.109145]]]}, "properties": {"GEOID": "26163982000", "tract_name": "9820", "total_n_nonNAP": null, "achieved_n": null, "reconveyed_n": null, "closed_n": null, "reconveyance_rate_pct": null, "in_progress_n": null, "at_risk_n": null, "at_risk_pct": null, "tax_delinquent_pct": null, "median_days_to_compliance": null}}, {"type": "Feature", "geometry": {"bbox": [-83.474156, 42.423709, -83.433085, 42.438942], "type": "Polygon", "coordinates": [[[-83.474156, 42.430382], [-83.470688, 42.430337], [-83.469436, 42.430362], [-83.469668, 42.428466], [-83.464707, 42.428069], [-83.46355, 42.429063], [-83.464534, 42.430731], [-83.46298, 42.43175], [-83.457877, 42.432198], [-83.457085, 42.434323], [-83.459302, 42.435396], [-83.460547, 42.437102], [-83.46021, 42.438103], [-83.453704, 42.43829], [-83.453068, 42.438308], [-83.433734, 42.43894], [-83.433672, 42.438942], [-83.433085, 42.424934], [-83.445294, 42.424105], [-83.452312, 42.423897], [-83.459838, 42.423754], [-83.462637, 42.423709], [-83.473331, 42.424295], [-83.474005, 42.42434900000001], [-83.473949, 42.426909], [-83.472189, 42.4268], [-83.47233, 42.42856], [-83.47407, 42.428574], [-83.474156, 42.430382]]]}, "properties": {"GEOID": "26163560202", "tract_name": "5602.02", "total_n_nonNAP": null, "achieved_n": null, "reconveyed_n": null, "closed_n": null, "reconveyance_rate_pct": null, "in_progress_n": null, "at_risk_n": null, "at_risk_pct": null, "tax_delinquent_pct": null, "median_days_to_compliance": null}}, {"type": "Feature", "geometry": {"bbox": [-83.214769, 42.295, -83.183093, 42.312953], "type": "Polygon", "coordinates": [[[-83.21476, 42.309747], [-83.192425, 42.312953], [-83.187748, 42.306449], [-83.187256, 42.305625], [-83.183093, 42.30000700000001], [-83.187588, 42.295], [-83.188994, 42.295128], [-83.199592, 42.30097], [-83.210024, 42.307123], [-83.210966, 42.307479], [-83.214305, 42.307462], [-83.214769, 42.309372], [-83.21476, 42.309747]]]}, "properties": {"GEOID": "26163574203", "tract_name": "5742.03", "total_n_nonNAP": null, "achieved_n": null, "reconveyed_n": null, "closed_n": null, "reconveyance_rate_pct": null, "in_progress_n": null, "at_risk_n": null, "at_risk_pct": null, "tax_delinquent_pct": null, "median_days_to_compliance": null}}, {"type": "Feature", "geometry": {"bbox": [-83.265483, 42.341893, -83.242505, 42.378981], "type": "Polygon", "coordinates": [[[-83.265483, 42.364265], [-83.260743, 42.364382], [-83.26098, 42.375225], [-83.261104, 42.378822], [-83.246411, 42.378981], [-83.246228, 42.371829], [-83.245947, 42.364559], [-83.24726, 42.36454], [-83.24688, 42.357364], [-83.246968, 42.357363], [-83.24664, 42.350123], [-83.24475000000001, 42.350163], [-83.242714, 42.343443], [-83.242505, 42.343005], [-83.243721, 42.342949], [-83.252167, 42.342034000000005], [-83.253623, 42.341893], [-83.254247, 42.347611], [-83.256272, 42.349392], [-83.262796, 42.354987], [-83.264777, 42.35507200000001], [-83.26499, 42.357073], [-83.265246, 42.357065], [-83.265483, 42.364265]]]}, "properties": {"GEOID": "26163985800", "tract_name": "9858", "total_n_nonNAP": null, "achieved_n": null, "reconveyed_n": null, "closed_n": null, "reconveyance_rate_pct": null, "in_progress_n": null, "at_risk_n": null, "at_risk_pct": null, "tax_delinquent_pct": null, "median_days_to_compliance": null}}, {"type": "Feature", "geometry": {"bbox": [-83.114981, 42.417749, -83.08775, 42.432484], "type": "Polygon", "coordinates": [[[-83.114981, 42.432133], [-83.102381, 42.432277000000006], [-83.100931, 42.432312], [-83.094924, 42.432473], [-83.094654, 42.432484], [-83.094056, 42.426681], [-83.093184, 42.424915], [-83.08775, 42.418235], [-83.089417, 42.418161], [-83.101812, 42.417828], [-83.105293, 42.417749], [-83.105858, 42.418735], [-83.108593, 42.422646], [-83.111318, 42.426714], [-83.114981, 42.432133]]]}, "properties": {"GEOID": "26163509000", "tract_name": "5090", "total_n_nonNAP": 154, "achieved_n": 86, "reconveyed_n": 38, "closed_n": 124, "reconveyance_rate_pct": 30.6, "in_progress_n": 30, "at_risk_n": 8, "at_risk_pct": 26.7, "tax_delinquent_pct": 46.7, "median_days_to_compliance": 678.5}}, {"type": "Feature", "geometry": {"bbox": [-83.410316, 42.334026, -83.386079, 42.353481], "type": "Polygon", "coordinates": [[[-83.410316, 42.352936], [-83.386204, 42.353481], [-83.386079, 42.351839], [-83.391785, 42.35207], [-83.392983, 42.350757], [-83.391668, 42.348929], [-83.398016, 42.348153], [-83.398746, 42.347051], [-83.398903, 42.344548], [-83.398904, 42.343761], [-83.396712, 42.34106], [-83.399684, 42.339223], [-83.400238, 42.338564], [-83.401661, 42.338135], [-83.407193, 42.334608], [-83.409076, 42.334026], [-83.409212, 42.33696100000001], [-83.409745, 42.345727], [-83.409823, 42.346799000000004], [-83.410255, 42.352081], [-83.410316, 42.352936]]]}, "properties": {"GEOID": "26163565302", "tract_name": "5653.02", "total_n_nonNAP": null, "achieved_n": null, "reconveyed_n": null, "closed_n": null, "reconveyance_rate_pct": null, "in_progress_n": null, "at_risk_n": null, "at_risk_pct": null, "tax_delinquent_pct": null, "median_days_to_compliance": null}}, {"type": "Feature", "geometry": {"bbox": [-83.052261, 42.36358, -83.02765500000001, 42.379279], "type": "Polygon", "coordinates": [[[-83.051144, 42.372758], [-83.041786, 42.376137], [-83.034999, 42.378649], [-83.033876, 42.379279], [-83.033016, 42.378606], [-83.02765500000001, 42.370473], [-83.035857, 42.367492], [-83.046634, 42.36358], [-83.052261, 42.372049], [-83.051144, 42.372758]]]}, "properties": {"GEOID": "26163519100", "tract_name": "5191", "total_n_nonNAP": 62, "achieved_n": 24, "reconveyed_n": 17, "closed_n": 41, "reconveyance_rate_pct": 41.5, "in_progress_n": 21, "at_risk_n": 9, "at_risk_pct": 42.9, "tax_delinquent_pct": 47.6, "median_days_to_compliance": 701.0}}, {"type": "Feature", "geometry": {"bbox": [-83.251389, 42.28215, -83.229005, 42.292812], "type": "Polygon", "coordinates": [[[-83.251389, 42.29097], [-83.250078, 42.29249], [-83.24767, 42.291401], [-83.246469, 42.292812], [-83.241787, 42.290573], [-83.239617, 42.290373], [-83.229005, 42.292743], [-83.231841, 42.28907], [-83.231731, 42.28436800000001], [-83.231648, 42.282559], [-83.241385, 42.28234], [-83.251129, 42.28215], [-83.251273, 42.285784], [-83.251389, 42.29097]]]}, "properties": {"GEOID": "26163575401", "tract_name": "5754.01", "total_n_nonNAP": null, "achieved_n": null, "reconveyed_n": null, "closed_n": null, "reconveyance_rate_pct": null, "in_progress_n": null, "at_risk_n": null, "at_risk_pct": null, "tax_delinquent_pct": null, "median_days_to_compliance": null}}, {"type": "Feature", "geometry": {"bbox": [-83.086534, 42.396482, -83.072743, 42.408656], "type": "Polygon", "coordinates": [[[-83.086534, 42.406676], [-83.08148, 42.40818900000001], [-83.079546, 42.408656], [-83.07402, 42.404957], [-83.072743, 42.403177], [-83.076301, 42.40189], [-83.07377, 42.39878600000001], [-83.079728, 42.396482], [-83.083407, 42.402002], [-83.086534, 42.406676]]]}, "properties": {"GEOID": "26163981700", "tract_name": "9817", "total_n_nonNAP": null, "achieved_n": null, "reconveyed_n": null, "closed_n": null, "reconveyance_rate_pct": null, "in_progress_n": null, "at_risk_n": null, "at_risk_pct": null, "tax_delinquent_pct": null, "median_days_to_compliance": null}}, {"type": "Feature", "geometry": {"bbox": [-82.976029, 42.383696, -82.947699, 42.397021], "type": "Polygon", "coordinates": [[[-82.976029, 42.389288], [-82.968089, 42.392124], [-82.967045, 42.3925], [-82.964136, 42.393545], [-82.960111, 42.394995], [-82.954492, 42.397021], [-82.953257, 42.395585], [-82.947699, 42.3873], [-82.954271, 42.386263], [-82.957212, 42.385765], [-82.958788, 42.385386], [-82.963066, 42.384343], [-82.965192, 42.383836], [-82.966659, 42.383756000000005], [-82.967843, 42.383696], [-82.968399, 42.384458], [-82.968509, 42.384589], [-82.97116, 42.387454], [-82.976029, 42.389288]]]}, "properties": {"GEOID": "26163502700", "tract_name": "5027", "total_n_nonNAP": 101, "achieved_n": 49, "reconveyed_n": 25, "closed_n": 74, "reconveyance_rate_pct": 33.8, "in_progress_n": 27, "at_risk_n": 7, "at_risk_pct": 25.9, "tax_delinquent_pct": 55.6, "median_days_to_compliance": 676}}, {"type": "Feature", "geometry": {"bbox": [-83.246395, 42.123996, -83.241477, 42.13878], "type": "Polygon", "coordinates": [[[-83.246395, 42.138402], [-83.24174, 42.13878], [-83.241477, 42.124355], [-83.24617700000002, 42.123996], [-83.24625, 42.130135], [-83.246395, 42.138402]]]}, "properties": {"GEOID": "26163982900", "tract_name": "9829", "total_n_nonNAP": null, "achieved_n": null, "reconveyed_n": null, "closed_n": null, "reconveyance_rate_pct": null, "in_progress_n": null, "at_risk_n": null, "at_risk_pct": null, "tax_delinquent_pct": null, "median_days_to_compliance": null}}, {"type": "Feature", "geometry": {"bbox": [-83.192425, 42.30000700000001, -83.1686, 42.31633], "type": "Polygon", "coordinates": [[[-83.192425, 42.312953], [-83.18345, 42.314235], [-83.175674, 42.315317], [-83.1686, 42.31633], [-83.17325800000002, 42.310758], [-83.183093, 42.30000700000001], [-83.187256, 42.305625], [-83.187748, 42.306449], [-83.192425, 42.312953]]]}, "properties": {"GEOID": "26163983700", "tract_name": "9837", "total_n_nonNAP": null, "achieved_n": null, "reconveyed_n": null, "closed_n": null, "reconveyance_rate_pct": null, "in_progress_n": null, "at_risk_n": null, "at_risk_pct": null, "tax_delinquent_pct": null, "median_days_to_compliance": null}}, {"type": "Feature", "geometry": {"bbox": [-83.544295, 42.251534, -83.503346, 42.263377], "type": "Polygon", "coordinates": [[[-83.544046, 42.256132], [-83.543728, 42.262462], [-83.524266, 42.26292300000001], [-83.506355, 42.263377], [-83.505188, 42.263376], [-83.503346, 42.258344], [-83.544295, 42.251534], [-83.544046, 42.256132]]]}, "properties": {"GEOID": "26163588101", "tract_name": "5881.01", "total_n_nonNAP": null, "achieved_n": null, "reconveyed_n": null, "closed_n": null, "reconveyance_rate_pct": null, "in_progress_n": null, "at_risk_n": null, "at_risk_pct": null, "tax_delinquent_pct": null, "median_days_to_compliance": null}}, {"type": "Feature", "geometry": {"bbox": [-83.423191, 42.153651, -83.393249, 42.179458], "type": "Polygon", "coordinates": [[[-83.423191, 42.179439], [-83.419317, 42.179458], [-83.416746, 42.174047], [-83.415615, 42.170036], [-83.41596400000002, 42.168716], [-83.41458000000002, 42.165699], [-83.411331, 42.164849], [-83.410049, 42.163669], [-83.399397, 42.16145600000001], [-83.399497, 42.16045], [-83.39803, 42.158543], [-83.393249, 42.156578], [-83.394426, 42.155603], [-83.394388, 42.153715], [-83.395696, 42.15473], [-83.397483, 42.153811], [-83.398985, 42.154155], [-83.402196, 42.153651], [-83.404486, 42.15565000000001], [-83.404083, 42.156453], [-83.40862, 42.15722], [-83.414449, 42.162846], [-83.417595, 42.164433], [-83.419959, 42.164783], [-83.420102, 42.166369], [-83.422803, 42.168463], [-83.42307600000001, 42.176654], [-83.423191, 42.179439]]]}, "properties": {"GEOID": "26163986400", "tract_name": "9864", "total_n_nonNAP": null, "achieved_n": null, "reconveyed_n": null, "closed_n": null, "reconveyance_rate_pct": null, "in_progress_n": null, "at_risk_n": null, "at_risk_pct": null, "tax_delinquent_pct": null, "median_days_to_compliance": null}}, {"type": "Feature", "geometry": {"bbox": [-83.510094, 42.36499100000001, -83.480216, 42.382782], "type": "Polygon", "coordinates": [[[-83.510094, 42.382175], [-83.486869, 42.382782], [-83.486495, 42.37619], [-83.480457, 42.374872], [-83.480216, 42.371525], [-83.484624, 42.371841], [-83.488965, 42.370415], [-83.492493, 42.369154], [-83.50374400000001, 42.365174], [-83.504578, 42.36507], [-83.509036, 42.36499100000001], [-83.51008, 42.377552], [-83.510094, 42.382175]]]}, "properties": {"GEOID": "26163562300", "tract_name": "5623", "total_n_nonNAP": null, "achieved_n": null, "reconveyed_n": null, "closed_n": null, "reconveyance_rate_pct": null, "in_progress_n": null, "at_risk_n": null, "at_risk_pct": null, "tax_delinquent_pct": null, "median_days_to_compliance": null}}, {"type": "Feature", "geometry": {"bbox": [-83.189514, 42.14041, -83.164756, 42.17085900000001], "type": "Polygon", "coordinates": [[[-83.18764800000001, 42.144072], [-83.187797, 42.148468], [-83.188096, 42.155853], [-83.188325, 42.16229], [-83.188714, 42.170374], [-83.178967, 42.170566], [-83.164756, 42.17085900000001], [-83.165438, 42.169191], [-83.16554, 42.162579], [-83.16777, 42.155989], [-83.168178, 42.155423], [-83.170421, 42.152267], [-83.172607, 42.149328000000004], [-83.174556, 42.14041], [-83.177975, 42.140857], [-83.182459, 42.141334], [-83.183953, 42.141373], [-83.189514, 42.141307], [-83.18764800000001, 42.144072]]]}, "properties": {"GEOID": "26163594000", "tract_name": "5940", "total_n_nonNAP": null, "achieved_n": null, "reconveyed_n": null, "closed_n": null, "reconveyance_rate_pct": null, "in_progress_n": null, "at_risk_n": null, "at_risk_pct": null, "tax_delinquent_pct": null, "median_days_to_compliance": null}}, {"type": "Feature", "geometry": {"bbox": [-83.470087, 42.371809, -83.430832, 42.396067], "type": "Polygon", "coordinates": [[[-83.470053, 42.391072], [-83.468868, 42.396067], [-83.467612, 42.396003], [-83.46145600000001, 42.395732], [-83.449931, 42.395452000000006], [-83.438836, 42.395812], [-83.431809, 42.395985], [-83.431529, 42.388834], [-83.431423, 42.385895], [-83.430832, 42.371809], [-83.436708, 42.372904], [-83.445663, 42.374551], [-83.45276, 42.375817], [-83.453115, 42.374823], [-83.455826, 42.376339], [-83.456045, 42.384451], [-83.465791, 42.384198], [-83.465639, 42.380759], [-83.466465, 42.380792], [-83.470028, 42.389543], [-83.470087, 42.390023], [-83.470053, 42.391072]]]}, "properties": {"GEOID": "26163561600", "tract_name": "5616", "total_n_nonNAP": null, "achieved_n": null, "reconveyed_n": null, "closed_n": null, "reconveyance_rate_pct": null, "in_progress_n": null, "at_risk_n": null, "at_risk_pct": null, "tax_delinquent_pct": null, "median_days_to_compliance": null}}, {"type": "Feature", "geometry": {"bbox": [-83.19938500000002, 42.239305, -83.17729700000001, 42.252466], "type": "Polygon", "coordinates": [[[-83.19938500000002, 42.239445], [-83.195682, 42.242642], [-83.191607, 42.247039], [-83.19132500000002, 42.247036], [-83.187913, 42.249823], [-83.185235, 42.252466], [-83.17729700000001, 42.250117], [-83.179843, 42.245489], [-83.18051, 42.244249], [-83.180334, 42.239762], [-83.18712800000002, 42.239591], [-83.19492600000001, 42.239409], [-83.198831, 42.239305], [-83.19938500000002, 42.239445]]]}, "properties": {"GEOID": "26163577400", "tract_name": "5774", "total_n_nonNAP": null, "achieved_n": null, "reconveyed_n": null, "closed_n": null, "reconveyance_rate_pct": null, "in_progress_n": null, "at_risk_n": null, "at_risk_pct": null, "tax_delinquent_pct": null, "median_days_to_compliance": null}}, {"type": "Feature", "geometry": {"bbox": [-83.17729700000001, 42.245019, -83.157763, 42.262281], "type": "Polygon", "coordinates": [[[-83.17729700000001, 42.250117], [-83.172445, 42.256055], [-83.167264, 42.262281], [-83.166432, 42.259675], [-83.164477, 42.258227], [-83.163061, 42.257245], [-83.161052, 42.25496], [-83.161635, 42.254253], [-83.158936, 42.252988], [-83.157763, 42.251525], [-83.1583, 42.24914400000001], [-83.159075, 42.247934], [-83.159522, 42.245019], [-83.167347, 42.247286], [-83.169946, 42.248077], [-83.176313, 42.250014], [-83.17729700000001, 42.250117]]]}, "properties": {"GEOID": "26163577000", "tract_name": "5770", "total_n_nonNAP": null, "achieved_n": null, "reconveyed_n": null, "closed_n": null, "reconveyance_rate_pct": null, "in_progress_n": null, "at_risk_n": null, "at_risk_pct": null, "tax_delinquent_pct": null, "median_days_to_compliance": null}}, {"type": "Feature", "geometry": {"bbox": [-83.17687, 42.127276, -83.1314636964272, 42.202915], "type": "Polygon", "coordinates": [[[-83.175435, 42.1318], [-83.175146, 42.136244000000005], [-83.174985, 42.138713], [-83.174556, 42.14041], [-83.172607, 42.149328000000004], [-83.170421, 42.152267], [-83.168178, 42.155423], [-83.16777, 42.155989], [-83.16554, 42.162579], [-83.165438, 42.169191], [-83.164756, 42.17085900000001], [-83.16345, 42.173794], [-83.153632, 42.185416], [-83.15442, 42.185409], [-83.150517, 42.19260800000001], [-83.148844, 42.19260400000001], [-83.146965, 42.199139], [-83.143236, 42.202618], [-83.137779, 42.202915], [-83.1314636964272, 42.202771242328], [-83.134384, 42.174621], [-83.132946830909, 42.1699310950831], [-83.141274, 42.169962], [-83.143835, 42.168152], [-83.146516, 42.165468], [-83.14978400000001, 42.159667], [-83.150389, 42.156671], [-83.152328, 42.151567], [-83.155441, 42.144052], [-83.155085, 42.139788], [-83.156032, 42.138069], [-83.16334100000002, 42.13198], [-83.170984, 42.128005], [-83.172025, 42.127673], [-83.17223, 42.127276], [-83.17687, 42.12744], [-83.175435, 42.1318]]]}, "properties": {"GEOID": "26163596300", "tract_name": "5963", "total_n_nonNAP": null, "achieved_n": null, "reconveyed_n": null, "closed_n": null, "reconveyance_rate_pct": null, "in_progress_n": null, "at_risk_n": null, "at_risk_pct": null, "tax_delinquent_pct": null, "median_days_to_compliance": null}}, {"type": "Feature", "geometry": {"bbox": [-83.130105, 42.35183, -83.110799, 42.361146], "type": "Polygon", "coordinates": [[[-83.130105, 42.358152000000004], [-83.124471, 42.360293], [-83.122227, 42.361146], [-83.110799, 42.356125], [-83.112482, 42.355685], [-83.119351, 42.353074], [-83.122661, 42.35183], [-83.125659, 42.351882], [-83.130105, 42.358152000000004]]]}, "properties": {"GEOID": "26163533600", "tract_name": "5336", "total_n_nonNAP": 297, "achieved_n": 182, "reconveyed_n": 50, "closed_n": 232, "reconveyance_rate_pct": 21.6, "in_progress_n": 65, "at_risk_n": 16, "at_risk_pct": 24.6, "tax_delinquent_pct": 60.0, "median_days_to_compliance": 680.5}}, {"type": "Feature", "geometry": {"bbox": [-83.108507, 42.367284, -83.095342, 42.376441], "type": "Polygon", "coordinates": [[[-83.108507, 42.373031], [-83.10289, 42.375122], [-83.09931300000001, 42.376441], [-83.098808, 42.37593], [-83.095342, 42.370766], [-83.09554200000001, 42.370693], [-83.099143, 42.369372000000006], [-83.104635, 42.367284], [-83.108507, 42.373031]]]}, "properties": {"GEOID": "26163533100", "tract_name": "5331", "total_n_nonNAP": 62, "achieved_n": 42, "reconveyed_n": 15, "closed_n": 57, "reconveyance_rate_pct": 26.3, "in_progress_n": 5, "at_risk_n": 3, "at_risk_pct": 60.0, "tax_delinquent_pct": 40.0, "median_days_to_compliance": 863.0}}, {"type": "Feature", "geometry": {"bbox": [-83.086363, 42.35906000000001, -83.068815, 42.377169], "type": "Polygon", "coordinates": [[[-83.086363, 42.374053], [-83.07794, 42.377169], [-83.07655, 42.375106], [-83.073387, 42.370351], [-83.068815, 42.363601], [-83.070143, 42.36292], [-83.076031, 42.35906000000001], [-83.081802, 42.367197], [-83.084964, 42.37203], [-83.085977, 42.373655], [-83.086363, 42.374053]]]}, "properties": {"GEOID": "26163533900", "tract_name": "5339", "total_n_nonNAP": 2, "achieved_n": 1, "reconveyed_n": 0, "closed_n": 1, "reconveyance_rate_pct": 0.0, "in_progress_n": 1, "at_risk_n": 0, "at_risk_pct": 0.0, "tax_delinquent_pct": 100.0, "median_days_to_compliance": 589}}, {"type": "Feature", "geometry": {"bbox": [-83.13440100000001, 42.389743, -83.12203, 42.398567], "type": "Polygon", "coordinates": [[[-83.13440100000001, 42.39537], [-83.125753, 42.398567], [-83.125385, 42.398015], [-83.123587, 42.395336], [-83.12203, 42.393019], [-83.127442, 42.391012], [-83.130873, 42.389743], [-83.132441, 42.392081], [-83.13383800000001, 42.394165], [-83.13440100000001, 42.39537]]]}, "properties": {"GEOID": "26163531600", "tract_name": "5316", "total_n_nonNAP": 50, "achieved_n": 31, "reconveyed_n": 13, "closed_n": 44, "reconveyance_rate_pct": 29.5, "in_progress_n": 6, "at_risk_n": 2, "at_risk_pct": 33.3, "tax_delinquent_pct": 33.3, "median_days_to_compliance": 756}}, {"type": "Feature", "geometry": {"bbox": [-82.95621000000001, 42.434404, -82.941283, 42.45023], "type": "Polygon", "coordinates": [[[-82.95621000000001, 42.450048], [-82.955483, 42.450063], [-82.946055, 42.450228], [-82.94299500000001, 42.450199], [-82.941283, 42.45023], [-82.945577, 42.44487], [-82.946396, 42.443685], [-82.946879, 42.442922], [-82.948031, 42.441373], [-82.951802, 42.436373], [-82.952328, 42.435667], [-82.953192, 42.434404], [-82.95368, 42.434779], [-82.955372, 42.435468], [-82.95577600000001, 42.43558], [-82.956002, 42.442863], [-82.95621000000001, 42.450048]]]}, "properties": {"GEOID": "26163500100", "tract_name": "5001", "total_n_nonNAP": 73, "achieved_n": 47, "reconveyed_n": 17, "closed_n": 64, "reconveyance_rate_pct": 26.6, "in_progress_n": 9, "at_risk_n": 2, "at_risk_pct": 22.2, "tax_delinquent_pct": 55.6, "median_days_to_compliance": 456}}, {"type": "Feature", "geometry": {"bbox": [-83.331577, 42.333014, -83.311805, 42.340636], "type": "Polygon", "coordinates": [[[-83.331577, 42.339984], [-83.32779700000002, 42.340084000000004], [-83.31218, 42.340636], [-83.312002, 42.336952], [-83.311805, 42.333284], [-83.32159, 42.333153], [-83.331257, 42.333014], [-83.331415, 42.336469], [-83.331577, 42.339984]]]}, "properties": {"GEOID": "26163569100", "tract_name": "5691", "total_n_nonNAP": null, "achieved_n": null, "reconveyed_n": null, "closed_n": null, "reconveyance_rate_pct": null, "in_progress_n": null, "at_risk_n": null, "at_risk_pct": null, "tax_delinquent_pct": null, "median_days_to_compliance": null}}, {"type": "Feature", "geometry": {"bbox": [-83.171449, 42.199621, -83.15838, 42.214005], "type": "Polygon", "coordinates": [[[-83.171449, 42.213854], [-83.167572, 42.213897], [-83.15838, 42.214005], [-83.160511, 42.207427], [-83.162935, 42.199758], [-83.170651, 42.199621], [-83.171167, 42.207123], [-83.171449, 42.213854]]]}, "properties": {"GEOID": "26163580600", "tract_name": "5806", "total_n_nonNAP": null, "achieved_n": null, "reconveyed_n": null, "closed_n": null, "reconveyance_rate_pct": null, "in_progress_n": null, "at_risk_n": null, "at_risk_pct": null, "tax_delinquent_pct": null, "median_days_to_compliance": null}}, {"type": "Feature", "geometry": {"bbox": [-83.274343, 42.341416, -83.264045, 42.357055], "type": "Polygon", "coordinates": [[[-83.274343, 42.356887], [-83.265987, 42.357046], [-83.265656, 42.357055], [-83.265144, 42.35173], [-83.264864, 42.34893], [-83.26425, 42.342795], [-83.264045, 42.341691], [-83.273124, 42.341416], [-83.273439, 42.346192], [-83.273815, 42.351469], [-83.274343, 42.356887]]]}, "properties": {"GEOID": "26163571700", "tract_name": "5717", "total_n_nonNAP": null, "achieved_n": null, "reconveyed_n": null, "closed_n": null, "reconveyance_rate_pct": null, "in_progress_n": null, "at_risk_n": null, "at_risk_pct": null, "tax_delinquent_pct": null, "median_days_to_compliance": null}}, {"type": "Feature", "geometry": {"bbox": [-83.232344, 42.033339, -83.186657, 42.082418], "type": "MultiPolygon", "coordinates": [[[[-83.191591, 42.035369], [-83.189927, 42.035987], [-83.188977, 42.034928], [-83.189214, 42.033339], [-83.190997, 42.033428], [-83.191591, 42.035369]]], [[[-83.229103, 42.08144], [-83.214532, 42.081895], [-83.210596, 42.082069], [-83.195843, 42.082418], [-83.192477, 42.07954], [-83.1901743818573, 42.0777655865067], [-83.19104, 42.077441], [-83.192165, 42.065985], [-83.18866, 42.055558], [-83.186695, 42.051968], [-83.186657, 42.047704], [-83.187602, 42.044309000000005], [-83.195394, 42.039871], [-83.199842, 42.03895], [-83.210017, 42.043678], [-83.213112, 42.043286], [-83.2127952709633, 42.0419930600246], [-83.214211, 42.042577], [-83.217739, 42.044686], [-83.218683, 42.048133], [-83.219674, 42.04912], [-83.22317600000001, 42.048514000000004], [-83.225464, 42.049104], [-83.226238, 42.067249], [-83.226716, 42.077869], [-83.232344, 42.077764], [-83.229103, 42.08144]]]]}, "properties": {"GEOID": "26163592000", "tract_name": "5920", "total_n_nonNAP": null, "achieved_n": null, "reconveyed_n": null, "closed_n": null, "reconveyance_rate_pct": null, "in_progress_n": null, "at_risk_n": null, "at_risk_pct": null, "tax_delinquent_pct": null, "median_days_to_compliance": null}}, {"type": "Feature", "geometry": {"bbox": [-83.269989, 42.048326, -83.225464, 42.083887], "type": "Polygon", "coordinates": [[[-83.268776, 42.074281], [-83.268531, 42.074242], [-83.268209, 42.075428], [-83.268151, 42.075765000000004], [-83.267938, 42.076212], [-83.265434, 42.07554300000001], [-83.265564, 42.08065800000001], [-83.261126, 42.080704000000004], [-83.261187, 42.083708], [-83.257125, 42.083887], [-83.25583, 42.083738], [-83.251484, 42.081968], [-83.249841, 42.080976], [-83.244002, 42.081066], [-83.24352, 42.081074], [-83.229402, 42.081433], [-83.229103, 42.08144], [-83.232344, 42.077764], [-83.226716, 42.077869], [-83.226238, 42.067249], [-83.225464, 42.049104], [-83.225644, 42.049127], [-83.229087, 42.048326], [-83.230433, 42.048678], [-83.230645, 42.049504], [-83.228958, 42.052926], [-83.229302, 42.054855], [-83.232312, 42.054857], [-83.233335, 42.056136], [-83.233364, 42.057878], [-83.23439300000001, 42.059025], [-83.236655, 42.057933], [-83.239103, 42.059814], [-83.240911, 42.059766], [-83.243171, 42.061510000000006], [-83.24861, 42.060627], [-83.250008, 42.063458], [-83.251996, 42.064153000000005], [-83.254548, 42.063962], [-83.251541, 42.067652], [-83.252355, 42.068379], [-83.254075, 42.068013], [-83.254878, 42.068657], [-83.255299, 42.070778], [-83.25761500000002, 42.073684], [-83.259843, 42.074246], [-83.260629, 42.072923], [-83.262615, 42.072737], [-83.264314, 42.069283], [-83.266295, 42.068663], [-83.267598, 42.069084], [-83.269989, 42.071388000000006], [-83.268776, 42.074281]]]}, "properties": {"GEOID": "26163598000", "tract_name": "5980", "total_n_nonNAP": null, "achieved_n": null, "reconveyed_n": null, "closed_n": null, "reconveyance_rate_pct": null, "in_progress_n": null, "at_risk_n": null, "at_risk_pct": null, "tax_delinquent_pct": null, "median_days_to_compliance": null}}, {"type": "Feature", "geometry": {"bbox": [-83.121787, 42.37015, -83.108798, 42.37961], "type": "Polygon", "coordinates": [[[-83.121787, 42.376273], [-83.112799, 42.37961], [-83.112286, 42.378799], [-83.108798, 42.373471], [-83.114358, 42.37138], [-83.117631, 42.37015], [-83.121787, 42.376273]]]}, "properties": {"GEOID": "26163531100", "tract_name": "5311", "total_n_nonNAP": 52, "achieved_n": 23, "reconveyed_n": 17, "closed_n": 40, "reconveyance_rate_pct": 42.5, "in_progress_n": 12, "at_risk_n": 2, "at_risk_pct": 16.7, "tax_delinquent_pct": 58.3, "median_days_to_compliance": 530}}, {"type": "Feature", "geometry": {"bbox": [-83.139221, 42.36453, -83.125833, 42.380454], "type": "Polygon", "coordinates": [[[-83.139221, 42.378818], [-83.134917, 42.380454], [-83.133152, 42.377853], [-83.13051, 42.373957], [-83.125833, 42.367057], [-83.130597, 42.365261], [-83.131168, 42.36453], [-83.138751, 42.367398], [-83.138908, 42.371332], [-83.138999, 42.373515], [-83.139109, 42.37614], [-83.139221, 42.378818]]]}, "properties": {"GEOID": "26163530800", "tract_name": "5308", "total_n_nonNAP": 155, "achieved_n": 95, "reconveyed_n": 30, "closed_n": 125, "reconveyance_rate_pct": 24.0, "in_progress_n": 30, "at_risk_n": 12, "at_risk_pct": 40.0, "tax_delinquent_pct": 43.3, "median_days_to_compliance": 601}}, {"type": "Feature", "geometry": {"bbox": [-83.148431, 42.344638, -83.130381, 42.352072], "type": "Polygon", "coordinates": [[[-83.147545, 42.349918], [-83.147736, 42.351916], [-83.143905, 42.351992], [-83.142798, 42.352014], [-83.139997, 42.35207], [-83.135703, 42.352072], [-83.130381, 42.344638], [-83.136171, 42.344961], [-83.137789, 42.344927], [-83.13951, 42.344888], [-83.145862, 42.344747], [-83.148431, 42.344688], [-83.147545, 42.349918]]]}, "properties": {"GEOID": "26163526500", "tract_name": "5265", "total_n_nonNAP": 215, "achieved_n": 173, "reconveyed_n": 16, "closed_n": 189, "reconveyance_rate_pct": 8.5, "in_progress_n": 26, "at_risk_n": 6, "at_risk_pct": 23.1, "tax_delinquent_pct": 46.2, "median_days_to_compliance": 629}}, {"type": "Feature", "geometry": {"bbox": [-83.150901, 42.331258, -83.138412, 42.344747], "type": "Polygon", "coordinates": [[[-83.149788, 42.340295], [-83.148431, 42.344688], [-83.145862, 42.344747], [-83.145169, 42.341335], [-83.143628, 42.339228], [-83.143467, 42.339291], [-83.140744, 42.335507], [-83.138412, 42.332315], [-83.145036, 42.331258], [-83.146426, 42.333213], [-83.149257, 42.337027], [-83.150901, 42.33886900000001], [-83.149788, 42.340295]]]}, "properties": {"GEOID": "26163526200", "tract_name": "5262", "total_n_nonNAP": 40, "achieved_n": 35, "reconveyed_n": 4, "closed_n": 39, "reconveyance_rate_pct": 10.3, "in_progress_n": 1, "at_risk_n": 0, "at_risk_pct": 0.0, "tax_delinquent_pct": 0.0, "median_days_to_compliance": 524}}, {"type": "Feature", "geometry": {"bbox": [-83.413442, 42.396371, -83.391617, 42.411161], "type": "Polygon", "coordinates": [[[-83.413442, 42.41072], [-83.404205, 42.411056], [-83.393898, 42.411161], [-83.393743, 42.408098], [-83.392913, 42.403938], [-83.391932, 42.402912], [-83.391617, 42.39691], [-83.392904, 42.396874], [-83.402944, 42.396617], [-83.412744, 42.396371], [-83.412988, 42.401378], [-83.413068, 42.403029], [-83.413087, 42.403413], [-83.413442, 42.41072]]]}, "properties": {"GEOID": "26163557500", "tract_name": "5575", "total_n_nonNAP": null, "achieved_n": null, "reconveyed_n": null, "closed_n": null, "reconveyance_rate_pct": null, "in_progress_n": null, "at_risk_n": null, "at_risk_pct": null, "tax_delinquent_pct": null, "median_days_to_compliance": null}}, {"type": "Feature", "geometry": {"bbox": [-83.11644, 42.406352, -83.101051, 42.417749], "type": "Polygon", "coordinates": [[[-83.11644, 42.417579], [-83.105293, 42.417749], [-83.101051, 42.411427], [-83.104457, 42.410063], [-83.10815, 42.406726], [-83.108837, 42.406352], [-83.11644, 42.417579]]]}, "properties": {"GEOID": "26163553100", "tract_name": "5531", "total_n_nonNAP": null, "achieved_n": null, "reconveyed_n": null, "closed_n": null, "reconveyance_rate_pct": null, "in_progress_n": null, "at_risk_n": null, "at_risk_pct": null, "tax_delinquent_pct": null, "median_days_to_compliance": null}}, {"type": "Feature", "geometry": {"bbox": [-83.07119200000001, 42.38977500000001, -83.055787, 42.399806], "type": "Polygon", "coordinates": [[[-83.07119200000001, 42.395605], [-83.068272, 42.396705], [-83.064815, 42.397978], [-83.059842, 42.399806], [-83.058028, 42.397112], [-83.055787, 42.393694], [-83.058005, 42.392867], [-83.061937, 42.39041], [-83.062487, 42.391243], [-83.066452, 42.38977500000001], [-83.069134, 42.393056], [-83.069272, 42.393232], [-83.07119200000001, 42.395605]]]}, "properties": {"GEOID": "26163552200", "tract_name": "5522", "total_n_nonNAP": null, "achieved_n": null, "reconveyed_n": null, "closed_n": null, "reconveyance_rate_pct": null, "in_progress_n": null, "at_risk_n": null, "at_risk_pct": null, "tax_delinquent_pct": null, "median_days_to_compliance": null}}, {"type": "Feature", "geometry": {"bbox": [-82.951802, 42.426062, -82.925597, 42.441373], "type": "Polygon", "coordinates": [[[-82.951802, 42.436373], [-82.948031, 42.441373], [-82.94784, 42.441266], [-82.936513, 42.436628], [-82.938333, 42.434091], [-82.925597, 42.428818], [-82.927656, 42.426062], [-82.932195, 42.427968], [-82.937382, 42.43009], [-82.940416, 42.431329], [-82.943612, 42.432637], [-82.947855, 42.434373], [-82.951357, 42.435809], [-82.951603, 42.436297], [-82.951802, 42.436373]]]}, "properties": {"GEOID": "26163551600", "tract_name": "5516", "total_n_nonNAP": null, "achieved_n": null, "reconveyed_n": null, "closed_n": null, "reconveyance_rate_pct": null, "in_progress_n": null, "at_risk_n": null, "at_risk_pct": null, "tax_delinquent_pct": null, "median_days_to_compliance": null}}, {"type": "Feature", "geometry": {"bbox": [-82.927656, 42.421354, -82.910722, 42.450772], "type": "Polygon", "coordinates": [[[-82.927656, 42.426062], [-82.925597, 42.428818], [-82.922913, 42.433152], [-82.921045, 42.43702], [-82.919555, 42.44039], [-82.917412, 42.44585], [-82.916697, 42.448285], [-82.917391, 42.450718], [-82.914608, 42.450731], [-82.910722, 42.450772], [-82.91292300000002, 42.444803], [-82.913808, 42.43861], [-82.914015, 42.436888], [-82.914896, 42.430507], [-82.916147, 42.43099], [-82.922035, 42.433485], [-82.922281, 42.432943], [-82.923023, 42.431848], [-82.916173, 42.429034], [-82.916529, 42.428566], [-82.918532, 42.42599500000001], [-82.91585, 42.424896], [-82.916095, 42.423114], [-82.916327, 42.421354], [-82.917992, 42.422012], [-82.927151, 42.425789], [-82.927656, 42.426062]]]}, "properties": {"GEOID": "26163551300", "tract_name": "5513", "total_n_nonNAP": null, "achieved_n": null, "reconveyed_n": null, "closed_n": null, "reconveyance_rate_pct": null, "in_progress_n": null, "at_risk_n": null, "at_risk_pct": null, "tax_delinquent_pct": null, "median_days_to_compliance": null}}, {"type": "Feature", "geometry": {"bbox": [-83.124856, 42.332485, -83.103753, 42.346607], "type": "Polygon", "coordinates": [[[-83.124856, 42.337325], [-83.12, 42.339313], [-83.118361, 42.340323], [-83.115125, 42.343028], [-83.112929, 42.344702], [-83.111164, 42.345771], [-83.109434, 42.346607], [-83.103753, 42.338977], [-83.110566, 42.336653], [-83.111796, 42.336223], [-83.121338, 42.332485], [-83.124856, 42.337325]]]}, "properties": {"GEOID": "26163525400", "tract_name": "5254", "total_n_nonNAP": 42, "achieved_n": 33, "reconveyed_n": 5, "closed_n": 38, "reconveyance_rate_pct": 13.2, "in_progress_n": 4, "at_risk_n": 1, "at_risk_pct": 25.0, "tax_delinquent_pct": 25.0, "median_days_to_compliance": 881}}, {"type": "Feature", "geometry": {"bbox": [-83.250219, 42.248873, -83.230864, 42.263878000000005], "type": "Polygon", "coordinates": [[[-83.250219, 42.25928100000001], [-83.231607, 42.263878000000005], [-83.231223, 42.256396], [-83.230981, 42.251571], [-83.230864, 42.249209], [-83.236851, 42.249109], [-83.242815, 42.249001], [-83.250037, 42.248873], [-83.250115, 42.256054], [-83.250219, 42.25928100000001]]]}, "properties": {"GEOID": "26163583400", "tract_name": "5834", "total_n_nonNAP": null, "achieved_n": null, "reconveyed_n": null, "closed_n": null, "reconveyance_rate_pct": null, "in_progress_n": null, "at_risk_n": null, "at_risk_pct": null, "tax_delinquent_pct": null, "median_days_to_compliance": null}}, {"type": "Feature", "geometry": {"bbox": [-83.194929, 42.312953, -83.162683, 42.324981], "type": "Polygon", "coordinates": [[[-83.194929, 42.316427], [-83.189694, 42.318187], [-83.186794, 42.31902600000001], [-83.185471, 42.319409], [-83.17942000000001, 42.321162], [-83.178621, 42.321393], [-83.175947, 42.322167], [-83.17236, 42.323214], [-83.166255, 42.324981], [-83.166171, 42.32245], [-83.162683, 42.317236], [-83.1686, 42.31633], [-83.175674, 42.315317], [-83.18345, 42.314235], [-83.192425, 42.312953], [-83.194929, 42.316427]]]}, "properties": {"GEOID": "26163574100", "tract_name": "5741", "total_n_nonNAP": null, "achieved_n": null, "reconveyed_n": null, "closed_n": null, "reconveyance_rate_pct": null, "in_progress_n": null, "at_risk_n": null, "at_risk_pct": null, "tax_delinquent_pct": null, "median_days_to_compliance": null}}, {"type": "Feature", "geometry": {"bbox": [-83.287102, 42.312186, -83.27176, 42.327061], "type": "Polygon", "coordinates": [[[-83.287102, 42.326688], [-83.282209, 42.32679], [-83.2724, 42.327061], [-83.272056, 42.319795], [-83.27176, 42.312581], [-83.279589, 42.312368], [-83.281506, 42.312327], [-83.28638, 42.312186], [-83.286771, 42.319474], [-83.287102, 42.326688]]]}, "properties": {"GEOID": "26163574700", "tract_name": "5747", "total_n_nonNAP": null, "achieved_n": null, "reconveyed_n": null, "closed_n": null, "reconveyance_rate_pct": null, "in_progress_n": null, "at_risk_n": null, "at_risk_pct": null, "tax_delinquent_pct": null, "median_days_to_compliance": null}}, {"type": "Feature", "geometry": {"bbox": [-83.263365, 42.303849, -83.21476, 42.332377], "type": "Polygon", "coordinates": [[[-83.263186, 42.309415], [-83.261733, 42.311575], [-83.256134, 42.318358], [-83.257257, 42.320031], [-83.261553, 42.325545], [-83.261669, 42.327044], [-83.248496, 42.327362], [-83.245762, 42.32751], [-83.241939, 42.32821200000001], [-83.241102, 42.328398], [-83.239996, 42.32877], [-83.234981, 42.32983], [-83.23245, 42.33087], [-83.227707, 42.332377], [-83.225226, 42.328812], [-83.22502900000002, 42.328815], [-83.21558500000002, 42.328941], [-83.214819, 42.311014], [-83.21476, 42.309747], [-83.222102, 42.308682], [-83.224699, 42.310917], [-83.230727, 42.310234], [-83.232014, 42.311249], [-83.232937, 42.309062], [-83.234841, 42.30896], [-83.235762, 42.309788], [-83.23744, 42.30842], [-83.240383, 42.309317], [-83.240423, 42.311943], [-83.242306, 42.312683], [-83.243022, 42.311767], [-83.246084, 42.310997], [-83.24729, 42.309782], [-83.250115, 42.31075], [-83.252163, 42.309759], [-83.252641, 42.308503], [-83.253937, 42.307946], [-83.258443, 42.307523], [-83.259172, 42.305667], [-83.263365, 42.303849], [-83.263186, 42.309415]]]}, "properties": {"GEOID": "26163579900", "tract_name": "5799", "total_n_nonNAP": null, "achieved_n": null, "reconveyed_n": null, "closed_n": null, "reconveyance_rate_pct": null, "in_progress_n": null, "at_risk_n": null, "at_risk_pct": null, "tax_delinquent_pct": null, "median_days_to_compliance": null}}, {"type": "Feature", "geometry": {"bbox": [-83.372184, 42.360331, -83.352135, 42.368709], "type": "Polygon", "coordinates": [[[-83.372184, 42.368248], [-83.366255, 42.368374], [-83.362372, 42.368467], [-83.352462, 42.368709], [-83.352245, 42.363885], [-83.352135, 42.361473], [-83.362088, 42.361233], [-83.368659, 42.361087], [-83.37179, 42.360331], [-83.371948, 42.363426], [-83.372184, 42.368248]]]}, "properties": {"GEOID": "26163558700", "tract_name": "5587", "total_n_nonNAP": null, "achieved_n": null, "reconveyed_n": null, "closed_n": null, "reconveyance_rate_pct": null, "in_progress_n": null, "at_risk_n": null, "at_risk_pct": null, "tax_delinquent_pct": null, "median_days_to_compliance": null}}, {"type": "Feature", "geometry": {"bbox": [-83.388669, 42.295544, -83.371132, 42.310079], "type": "Polygon", "coordinates": [[[-83.388669, 42.309962], [-83.378893, 42.310052], [-83.3778, 42.310079], [-83.374668, 42.30914700000001], [-83.374468, 42.302972], [-83.371503, 42.303015], [-83.371132, 42.295866], [-83.378394, 42.295747], [-83.388134, 42.295544], [-83.388401, 42.302298], [-83.388669, 42.309962]]]}, "properties": {"GEOID": "26163568400", "tract_name": "5684", "total_n_nonNAP": null, "achieved_n": null, "reconveyed_n": null, "closed_n": null, "reconveyance_rate_pct": null, "in_progress_n": null, "at_risk_n": null, "at_risk_pct": null, "tax_delinquent_pct": null, "median_days_to_compliance": null}}, {"type": "Feature", "geometry": {"bbox": [-83.269498, 42.226467, -83.254281, 42.241438], "type": "Polygon", "coordinates": [[[-83.269498, 42.240966], [-83.26468000000001, 42.241093], [-83.254815, 42.241438], [-83.254484, 42.234047], [-83.254458, 42.233317], [-83.254281, 42.226902], [-83.268939, 42.226467], [-83.269207, 42.232817], [-83.269498, 42.240966]]]}, "properties": {"GEOID": "26163583900", "tract_name": "5839", "total_n_nonNAP": null, "achieved_n": null, "reconveyed_n": null, "closed_n": null, "reconveyance_rate_pct": null, "in_progress_n": null, "at_risk_n": null, "at_risk_pct": null, "tax_delinquent_pct": null, "median_days_to_compliance": null}}, {"type": "Feature", "geometry": {"bbox": [-83.308056, 42.224893, -83.268939, 42.240966], "type": "Polygon", "coordinates": [[[-83.308056, 42.239288], [-83.28884600000002, 42.24041], [-83.279298, 42.240598], [-83.269498, 42.240966], [-83.269207, 42.232817], [-83.268939, 42.226467], [-83.27914, 42.226206], [-83.288306, 42.22596], [-83.307539, 42.224893], [-83.308056, 42.239288]]]}, "properties": {"GEOID": "26163583800", "tract_name": "5838", "total_n_nonNAP": null, "achieved_n": null, "reconveyed_n": null, "closed_n": null, "reconveyance_rate_pct": null, "in_progress_n": null, "at_risk_n": null, "at_risk_pct": null, "tax_delinquent_pct": null, "median_days_to_compliance": null}}, {"type": "Feature", "geometry": {"bbox": [-83.296471, 42.399578, -83.275725, 42.414252], "type": "Polygon", "coordinates": [[[-83.296471, 42.413999], [-83.286698, 42.414252], [-83.286463, 42.407], [-83.27668100000001, 42.407278], [-83.275941, 42.407281000000005], [-83.275725, 42.400096], [-83.276465, 42.400074], [-83.28604, 42.399812], [-83.288612, 42.399752], [-83.295883, 42.399578], [-83.296176, 42.406438], [-83.296471, 42.413999]]]}, "properties": {"GEOID": "26163554500", "tract_name": "5545", "total_n_nonNAP": null, "achieved_n": null, "reconveyed_n": null, "closed_n": null, "reconveyance_rate_pct": null, "in_progress_n": null, "at_risk_n": null, "at_risk_pct": null, "tax_delinquent_pct": null, "median_days_to_compliance": null}}, {"type": "Feature", "geometry": {"bbox": [-83.316825, 42.428548, -83.287341, 42.442683], "type": "Polygon", "coordinates": [[[-83.316825, 42.442033], [-83.31207200000001, 42.442121], [-83.297426, 42.442488], [-83.287803, 42.442683], [-83.28777, 42.442524], [-83.287527, 42.434882], [-83.287341, 42.428554], [-83.288138, 42.428548], [-83.297157, 42.43218], [-83.307976, 42.43653], [-83.311868, 42.438091], [-83.316745, 42.440052], [-83.316825, 42.442033]]]}, "properties": {"GEOID": "26163554100", "tract_name": "5541", "total_n_nonNAP": null, "achieved_n": null, "reconveyed_n": null, "closed_n": null, "reconveyance_rate_pct": null, "in_progress_n": null, "at_risk_n": null, "at_risk_pct": null, "tax_delinquent_pct": null, "median_days_to_compliance": null}}, {"type": "Feature", "geometry": {"bbox": [-83.198422, 42.386515, -83.178715, 42.394824], "type": "Polygon", "coordinates": [[[-83.198422, 42.394273], [-83.193522, 42.394404], [-83.188616, 42.394537], [-83.184224, 42.394666], [-83.1788, 42.394824], [-83.178715, 42.392699], [-83.182177, 42.390092], [-83.183109, 42.386515], [-83.183902, 42.386833], [-83.185421, 42.387444], [-83.188379, 42.388634], [-83.198365, 42.392657], [-83.198422, 42.394273]]]}, "properties": {"GEOID": "26163537800", "tract_name": "5378", "total_n_nonNAP": 94, "achieved_n": 50, "reconveyed_n": 19, "closed_n": 69, "reconveyance_rate_pct": 27.5, "in_progress_n": 25, "at_risk_n": 11, "at_risk_pct": 44.0, "tax_delinquent_pct": 76.0, "median_days_to_compliance": 806.0}}, {"type": "Feature", "geometry": {"bbox": [-83.198365, 42.379232, -83.18301500000001, 42.392657], "type": "Polygon", "coordinates": [[[-83.198365, 42.392657], [-83.188379, 42.388634], [-83.185421, 42.387444], [-83.183902, 42.386833], [-83.183109, 42.386515], [-83.18301500000001, 42.38418600000001], [-83.183056, 42.382274], [-83.188129, 42.380664], [-83.192147, 42.379368], [-83.198044, 42.379232], [-83.19817, 42.387052], [-83.198342, 42.39175], [-83.198365, 42.392657]]]}, "properties": {"GEOID": "26163537300", "tract_name": "5373", "total_n_nonNAP": 177, "achieved_n": 101, "reconveyed_n": 39, "closed_n": 140, "reconveyance_rate_pct": 27.9, "in_progress_n": 37, "at_risk_n": 11, "at_risk_pct": 29.7, "tax_delinquent_pct": 48.6, "median_days_to_compliance": 769}}, {"type": "Feature", "geometry": {"bbox": [-83.170004, 42.402229, -83.159688, 42.414418], "type": "Polygon", "coordinates": [[[-83.170004, 42.414418], [-83.166002, 42.410647], [-83.16189, 42.406414000000005], [-83.159824, 42.405324], [-83.159688, 42.402515], [-83.169402, 42.402229], [-83.169587, 42.405863], [-83.169768, 42.409535], [-83.170004, 42.414418]]]}, "properties": {"GEOID": "26163536800", "tract_name": "5368", "total_n_nonNAP": 43, "achieved_n": 36, "reconveyed_n": 3, "closed_n": 39, "reconveyance_rate_pct": 7.7, "in_progress_n": 4, "at_risk_n": 1, "at_risk_pct": 25.0, "tax_delinquent_pct": 75.0, "median_days_to_compliance": 632.0}}, {"type": "Feature", "geometry": {"bbox": [-83.149202, 42.381033, -83.139317, 42.395418], "type": "Polygon", "coordinates": [[[-83.149202, 42.389686], [-83.148131, 42.391264], [-83.148983, 42.395332], [-83.139938, 42.395418], [-83.139846, 42.393312], [-83.139668, 42.389348], [-83.13954, 42.386493], [-83.139431, 42.383889], [-83.139317, 42.381185], [-83.146637, 42.381033], [-83.147314, 42.382006], [-83.14903, 42.38344], [-83.149169, 42.386174], [-83.149202, 42.389686]]]}, "properties": {"GEOID": "26163536500", "tract_name": "5365", "total_n_nonNAP": 55, "achieved_n": 35, "reconveyed_n": 10, "closed_n": 45, "reconveyance_rate_pct": 22.2, "in_progress_n": 10, "at_risk_n": 3, "at_risk_pct": 30.0, "tax_delinquent_pct": 40.0, "median_days_to_compliance": 840}}, {"type": "Feature", "geometry": {"bbox": [-82.983607, 42.412158, -82.971097, 42.420658], "type": "Polygon", "coordinates": [[[-82.983607, 42.420453], [-82.97974, 42.420545], [-82.974821, 42.420658], [-82.974414, 42.42011], [-82.972228, 42.416761], [-82.971097, 42.414994], [-82.976536, 42.413137], [-82.979356, 42.412158], [-82.98045, 42.413884], [-82.983589, 42.418746], [-82.983607, 42.420453]]]}, "properties": {"GEOID": "26163504000", "tract_name": "5040", "total_n_nonNAP": 79, "achieved_n": 48, "reconveyed_n": 13, "closed_n": 61, "reconveyance_rate_pct": 21.3, "in_progress_n": 18, "at_risk_n": 6, "at_risk_pct": 33.3, "tax_delinquent_pct": 83.3, "median_days_to_compliance": 548.5}}, {"type": "Feature", "geometry": {"bbox": [-83.004692, 42.427228, -82.977696, 42.435077], "type": "Polygon", "coordinates": [[[-83.004692, 42.434426], [-82.993634, 42.43473], [-82.985125, 42.434917], [-82.977696, 42.435077], [-82.981674, 42.429044], [-82.982549, 42.427715], [-82.984824, 42.427673], [-82.993374, 42.427472], [-83.004318, 42.427228], [-83.004692, 42.434426]]]}, "properties": {"GEOID": "26163503500", "tract_name": "5035", "total_n_nonNAP": 331, "achieved_n": 183, "reconveyed_n": 64, "closed_n": 247, "reconveyance_rate_pct": 25.9, "in_progress_n": 84, "at_risk_n": 25, "at_risk_pct": 29.8, "tax_delinquent_pct": 54.8, "median_days_to_compliance": 582}}, {"type": "Feature", "geometry": {"bbox": [-82.954492, 42.3873, -82.939416, 42.399875], "type": "Polygon", "coordinates": [[[-82.954492, 42.397021], [-82.946729, 42.399875], [-82.94348, 42.394938], [-82.939416, 42.388771], [-82.946644, 42.387469], [-82.947699, 42.3873], [-82.953257, 42.395585], [-82.954492, 42.397021]]]}, "properties": {"GEOID": "26163502000", "tract_name": "5020", "total_n_nonNAP": 46, "achieved_n": 33, "reconveyed_n": 8, "closed_n": 41, "reconveyance_rate_pct": 19.5, "in_progress_n": 5, "at_risk_n": 2, "at_risk_pct": 40.0, "tax_delinquent_pct": 40.0, "median_days_to_compliance": 722}}, {"type": "Feature", "geometry": {"bbox": [-83.270634, 42.269141, -83.250606, 42.28215], "type": "Polygon", "coordinates": [[[-83.270634, 42.281736], [-83.260901, 42.281993], [-83.256054, 42.28207100000001], [-83.251129, 42.28215], [-83.250914, 42.276737], [-83.250778, 42.273387], [-83.250606, 42.269487], [-83.270134, 42.269141], [-83.270204, 42.272745], [-83.270394, 42.276323], [-83.270634, 42.281736]]]}, "properties": {"GEOID": "26163572700", "tract_name": "5727", "total_n_nonNAP": null, "achieved_n": null, "reconveyed_n": null, "closed_n": null, "reconveyance_rate_pct": null, "in_progress_n": null, "at_risk_n": null, "at_risk_pct": null, "tax_delinquent_pct": null, "median_days_to_compliance": null}}, {"type": "Feature", "geometry": {"bbox": [-83.180649, 42.199461, -83.170651, 42.213854], "type": "Polygon", "coordinates": [[[-83.180649, 42.213778], [-83.171449, 42.213854], [-83.171167, 42.207123], [-83.170651, 42.199621], [-83.172725, 42.199571], [-83.18003, 42.199461], [-83.180303, 42.206522], [-83.180324, 42.207058], [-83.180649, 42.213778]]]}, "properties": {"GEOID": "26163580500", "tract_name": "5805", "total_n_nonNAP": null, "achieved_n": null, "reconveyed_n": null, "closed_n": null, "reconveyance_rate_pct": null, "in_progress_n": null, "at_risk_n": null, "at_risk_pct": null, "tax_delinquent_pct": null, "median_days_to_compliance": null}}, {"type": "Feature", "geometry": {"bbox": [-83.181011, 42.213778, -83.167572, 42.223324], "type": "Polygon", "coordinates": [[[-83.181011, 42.222903], [-83.177009, 42.221335], [-83.174433, 42.221199], [-83.171144, 42.222536], [-83.170636, 42.222874], [-83.168872, 42.223324], [-83.167908, 42.223248], [-83.167762, 42.219298], [-83.167572, 42.213897], [-83.171449, 42.213854], [-83.180649, 42.213778], [-83.180805, 42.217403], [-83.180942, 42.221081], [-83.181011, 42.222903]]]}, "properties": {"GEOID": "26163580400", "tract_name": "5804", "total_n_nonNAP": null, "achieved_n": null, "reconveyed_n": null, "closed_n": null, "reconveyance_rate_pct": null, "in_progress_n": null, "at_risk_n": null, "at_risk_pct": null, "tax_delinquent_pct": null, "median_days_to_compliance": null}}, {"type": "Feature", "geometry": {"bbox": [-83.182474, 42.351181, -83.167727, 42.365998], "type": "Polygon", "coordinates": [[[-83.182474, 42.365688000000006], [-83.177724, 42.365793], [-83.1765, 42.36581700000001], [-83.172814, 42.365896], [-83.167928, 42.365998], [-83.167727, 42.358734], [-83.172626, 42.358643], [-83.175049, 42.358596], [-83.17629, 42.358573], [-83.177496, 42.358547], [-83.177184, 42.351284], [-83.181934, 42.351181], [-83.182145, 42.356066], [-83.182207, 42.35845200000001], [-83.182474, 42.365688000000006]]]}, "properties": {"GEOID": "26163535000", "tract_name": "5350", "total_n_nonNAP": 95, "achieved_n": 76, "reconveyed_n": 12, "closed_n": 88, "reconveyance_rate_pct": 13.6, "in_progress_n": 7, "at_risk_n": 4, "at_risk_pct": 57.1, "tax_delinquent_pct": 28.6, "median_days_to_compliance": 523.0}}, {"type": "Feature", "geometry": {"bbox": [-83.158209, 42.351716, -83.149617, 42.366343], "type": "Polygon", "coordinates": [[[-83.158209, 42.366194], [-83.15122, 42.366316], [-83.14991300000001, 42.366343], [-83.149617, 42.359123], [-83.150059, 42.359114], [-83.149623, 42.351877], [-83.152635, 42.351816], [-83.157525, 42.351716], [-83.157963, 42.358887], [-83.158209, 42.366194]]]}, "properties": {"GEOID": "26163534700", "tract_name": "5347", "total_n_nonNAP": 69, "achieved_n": 56, "reconveyed_n": 6, "closed_n": 62, "reconveyance_rate_pct": 9.7, "in_progress_n": 7, "at_risk_n": 4, "at_risk_pct": 57.1, "tax_delinquent_pct": 71.4, "median_days_to_compliance": 699.0}}, {"type": "Feature", "geometry": {"bbox": [-82.94858000000002, 42.40199200000001, -82.92983, 42.417333], "type": "Polygon", "coordinates": [[[-82.94858000000002, 42.409064], [-82.943396, 42.412935], [-82.939229, 42.416057], [-82.93722800000002, 42.417333], [-82.933005, 42.410924], [-82.92983, 42.406075], [-82.935237, 42.404093], [-82.940957, 42.40199200000001], [-82.94412700000001, 42.40685], [-82.946009, 42.409729], [-82.948214, 42.409091], [-82.94858000000002, 42.409064]]]}, "properties": {"GEOID": "26163501400", "tract_name": "5014", "total_n_nonNAP": 75, "achieved_n": 57, "reconveyed_n": 16, "closed_n": 73, "reconveyance_rate_pct": 21.9, "in_progress_n": 2, "at_risk_n": 0, "at_risk_pct": 0.0, "tax_delinquent_pct": 0.0, "median_days_to_compliance": 515.5}}, {"type": "Feature", "geometry": {"bbox": [-82.96495400000002, 42.403822, -82.952274, 42.420815], "type": "Polygon", "coordinates": [[[-82.96495400000002, 42.418842], [-82.963458, 42.420815], [-82.962416, 42.420801], [-82.95748, 42.418765], [-82.952274, 42.41661], [-82.956743, 42.411369], [-82.956342, 42.407073], [-82.955612, 42.406468], [-82.960054, 42.405133], [-82.960329, 42.405048], [-82.964298, 42.403822], [-82.964589, 42.404663], [-82.964776, 42.414802], [-82.964859, 42.416666], [-82.96495400000002, 42.418842]]]}, "properties": {"GEOID": "26163501100", "tract_name": "5011", "total_n_nonNAP": 93, "achieved_n": 75, "reconveyed_n": 13, "closed_n": 88, "reconveyance_rate_pct": 14.8, "in_progress_n": 5, "at_risk_n": 1, "at_risk_pct": 20.0, "tax_delinquent_pct": 40.0, "median_days_to_compliance": 617}}, {"type": "Feature", "geometry": {"bbox": [-83.29427, 42.346192, -83.273439, 42.356887], "type": "Polygon", "coordinates": [[[-83.29427, 42.356377], [-83.285579, 42.356596], [-83.28500100000001, 42.356611], [-83.274827, 42.356873], [-83.274343, 42.356887], [-83.273815, 42.351469], [-83.273439, 42.346192], [-83.273885, 42.346362], [-83.278509, 42.347874], [-83.284845, 42.347435], [-83.288404, 42.34748], [-83.291348, 42.35051], [-83.293572, 42.35127], [-83.29427, 42.356377]]]}, "properties": {"GEOID": "26163571800", "tract_name": "5718", "total_n_nonNAP": null, "achieved_n": null, "reconveyed_n": null, "closed_n": null, "reconveyance_rate_pct": null, "in_progress_n": null, "at_risk_n": null, "at_risk_pct": null, "tax_delinquent_pct": null, "median_days_to_compliance": null}}, {"type": "Feature", "geometry": {"bbox": [-83.348095, 42.23685, -83.308177, 42.26823], "type": "Polygon", "coordinates": [[[-83.348095, 42.267463], [-83.341389, 42.267601000000006], [-83.328622, 42.267842], [-83.30899900000001, 42.26823], [-83.308751, 42.260989], [-83.308283, 42.247102], [-83.308177, 42.2449], [-83.327852, 42.240048], [-83.34084000000001, 42.23685], [-83.341717, 42.238818], [-83.343218, 42.241703], [-83.347855, 42.245233], [-83.347788, 42.252858], [-83.348014, 42.260043], [-83.348095, 42.267463]]]}, "properties": {"GEOID": "26163585500", "tract_name": "5855", "total_n_nonNAP": null, "achieved_n": null, "reconveyed_n": null, "closed_n": null, "reconveyance_rate_pct": null, "in_progress_n": null, "at_risk_n": null, "at_risk_pct": null, "tax_delinquent_pct": null, "median_days_to_compliance": null}}, {"type": "Feature", "geometry": {"bbox": [-83.277561, 42.414535, -83.257478, 42.42917], "type": "Polygon", "coordinates": [[[-83.277561, 42.428939], [-83.274117, 42.429022], [-83.267857, 42.42917], [-83.258292, 42.42912], [-83.258104, 42.42131400000001], [-83.257643, 42.416489], [-83.257478, 42.414736], [-83.262283, 42.414744], [-83.264795, 42.414801], [-83.26632, 42.414727], [-83.276967, 42.414535], [-83.277233, 42.421724], [-83.277378, 42.42456], [-83.277561, 42.428939]]]}, "properties": {"GEOID": "26163541400", "tract_name": "5414", "total_n_nonNAP": 34, "achieved_n": 23, "reconveyed_n": 6, "closed_n": 29, "reconveyance_rate_pct": 20.7, "in_progress_n": 5, "at_risk_n": 0, "at_risk_pct": 0.0, "tax_delinquent_pct": 60.0, "median_days_to_compliance": 547}}, {"type": "Feature", "geometry": {"bbox": [-83.249824, 42.414887, -83.238206, 42.429572], "type": "Polygon", "coordinates": [[[-83.249824, 42.429309], [-83.24426, 42.429442], [-83.238866, 42.429572], [-83.238526, 42.422367], [-83.238388, 42.419264], [-83.238206, 42.415183], [-83.243576, 42.41503], [-83.248952, 42.414887], [-83.2492, 42.418939], [-83.2495, 42.424251], [-83.249824, 42.429309]]]}, "properties": {"GEOID": "26163541100", "tract_name": "5411", "total_n_nonNAP": 97, "achieved_n": 66, "reconveyed_n": 13, "closed_n": 79, "reconveyance_rate_pct": 16.5, "in_progress_n": 18, "at_risk_n": 6, "at_risk_pct": 33.3, "tax_delinquent_pct": 61.1, "median_days_to_compliance": 505.5}}, {"type": "Feature", "geometry": {"bbox": [-83.239136, 42.429572, -83.219233, 42.437237], "type": "Polygon", "coordinates": [[[-83.239136, 42.436772], [-83.228125, 42.437112], [-83.225717, 42.43711], [-83.21954, 42.437237], [-83.219233, 42.43002], [-83.227774, 42.429864], [-83.229786, 42.429823], [-83.238866, 42.429572], [-83.238994, 42.433172], [-83.239136, 42.436772]]]}, "properties": {"GEOID": "26163540700", "tract_name": "5407", "total_n_nonNAP": 36, "achieved_n": 29, "reconveyed_n": 5, "closed_n": 34, "reconveyance_rate_pct": 14.7, "in_progress_n": 2, "at_risk_n": 1, "at_risk_pct": 50.0, "tax_delinquent_pct": 100.0, "median_days_to_compliance": 560}}, {"type": "Feature", "geometry": {"bbox": [-83.218958, 42.415553, -83.199316, 42.423155], "type": "Polygon", "coordinates": [[[-83.218958, 42.422785], [-83.212347, 42.422911], [-83.207137, 42.42301], [-83.199588, 42.423155], [-83.199316, 42.415983], [-83.206882, 42.415807], [-83.209034, 42.415763], [-83.218712, 42.415553], [-83.218958, 42.422785]]]}, "properties": {"GEOID": "26163540400", "tract_name": "5404", "total_n_nonNAP": 46, "achieved_n": 31, "reconveyed_n": 7, "closed_n": 38, "reconveyance_rate_pct": 18.4, "in_progress_n": 8, "at_risk_n": 3, "at_risk_pct": 37.5, "tax_delinquent_pct": 87.5, "median_days_to_compliance": 516}}, {"type": "Feature", "geometry": {"bbox": [-83.058779, 42.397427, -83.037889, 42.411973], "type": "Polygon", "coordinates": [[[-83.058779, 42.411507], [-83.047514, 42.411775], [-83.038125, 42.411973], [-83.038036, 42.409288], [-83.040274, 42.406291], [-83.038074, 42.404319], [-83.037889, 42.401634], [-83.038759, 42.401783], [-83.042468, 42.397427], [-83.042534, 42.404443], [-83.047257, 42.40446], [-83.054023, 42.40444], [-83.056917, 42.40875200000001], [-83.057071, 42.408981], [-83.05856, 42.411185], [-83.058779, 42.411507]]]}, "properties": {"GEOID": "26163510600", "tract_name": "5106", "total_n_nonNAP": 41, "achieved_n": 40, "reconveyed_n": 0, "closed_n": 40, "reconveyance_rate_pct": 0.0, "in_progress_n": 1, "at_risk_n": 0, "at_risk_pct": 0.0, "tax_delinquent_pct": 0.0, "median_days_to_compliance": 477.5}}, {"type": "Feature", "geometry": {"bbox": [-83.254815, 42.226902, -83.229843, 42.242044], "type": "Polygon", "coordinates": [[[-83.254815, 42.241438], [-83.249823, 42.241663], [-83.243651, 42.2418], [-83.230504, 42.242044], [-83.229902, 42.228622], [-83.229843, 42.227545], [-83.240127, 42.227332], [-83.254281, 42.226902], [-83.254458, 42.233317], [-83.254484, 42.234047], [-83.254815, 42.241438]]]}, "properties": {"GEOID": "26163584000", "tract_name": "5840", "total_n_nonNAP": null, "achieved_n": null, "reconveyed_n": null, "closed_n": null, "reconveyance_rate_pct": null, "in_progress_n": null, "at_risk_n": null, "at_risk_pct": null, "tax_delinquent_pct": null, "median_days_to_compliance": null}}, {"type": "Feature", "geometry": {"bbox": [-83.428283, 42.300145, -83.407762, 42.30958], "type": "Polygon", "coordinates": [[[-83.428283, 42.308981], [-83.422993, 42.30915], [-83.412995, 42.309436], [-83.408083, 42.30958], [-83.407762, 42.301233], [-83.410048, 42.302057], [-83.413689, 42.302131], [-83.413694, 42.300779], [-83.420308, 42.30064], [-83.422628, 42.300145], [-83.42468, 42.30026900000001], [-83.427931, 42.300203], [-83.428283, 42.308981]]]}, "properties": {"GEOID": "26163565600", "tract_name": "5656", "total_n_nonNAP": null, "achieved_n": null, "reconveyed_n": null, "closed_n": null, "reconveyance_rate_pct": null, "in_progress_n": null, "at_risk_n": null, "at_risk_pct": null, "tax_delinquent_pct": null, "median_days_to_compliance": null}}, {"type": "Feature", "geometry": {"bbox": [-83.330687, 42.31124, -83.310867, 42.317113], "type": "Polygon", "coordinates": [[[-83.330687, 42.31664200000001], [-83.321029, 42.316879], [-83.311088, 42.317113], [-83.310867, 42.311709], [-83.320857, 42.311427], [-83.330535, 42.31124], [-83.330687, 42.31664200000001]]]}, "properties": {"GEOID": "26163569900", "tract_name": "5699", "total_n_nonNAP": null, "achieved_n": null, "reconveyed_n": null, "closed_n": null, "reconveyance_rate_pct": null, "in_progress_n": null, "at_risk_n": null, "at_risk_pct": null, "tax_delinquent_pct": null, "median_days_to_compliance": null}}, {"type": "Feature", "geometry": {"bbox": [-83.487323, 42.271703, -83.441751, 42.293876], "type": "Polygon", "coordinates": [[[-83.487293, 42.27323], [-83.485673, 42.276808], [-83.486117, 42.285574], [-83.486126, 42.285757000000004], [-83.486259, 42.2886], [-83.486522, 42.292924], [-83.47674700000002, 42.293079], [-83.466816, 42.293308], [-83.463431, 42.293392], [-83.457077, 42.293571], [-83.447643, 42.293757], [-83.443885, 42.293876], [-83.444181, 42.288492], [-83.443813, 42.286611], [-83.443011, 42.284226], [-83.441947, 42.281196], [-83.441751, 42.280053], [-83.452462, 42.277574], [-83.456454, 42.277061], [-83.466057, 42.275994], [-83.475833, 42.274831], [-83.487323, 42.271703], [-83.487293, 42.27323]]]}, "properties": {"GEOID": "26163564800", "tract_name": "5648", "total_n_nonNAP": null, "achieved_n": null, "reconveyed_n": null, "closed_n": null, "reconveyance_rate_pct": null, "in_progress_n": null, "at_risk_n": null, "at_risk_pct": null, "tax_delinquent_pct": null, "median_days_to_compliance": null}}, {"type": "Feature", "geometry": {"bbox": [-83.224201, 42.256031, -83.184696, 42.276299], "type": "Polygon", "coordinates": [[[-83.224201, 42.267281], [-83.216536, 42.268552], [-83.210949, 42.270669], [-83.207439, 42.272773], [-83.203987, 42.276299], [-83.203411, 42.27613600000001], [-83.200756, 42.275319], [-83.20126, 42.274675], [-83.195132, 42.272487], [-83.191988, 42.27105], [-83.190836, 42.27024], [-83.184696, 42.270641], [-83.188454, 42.266163], [-83.190065, 42.264233], [-83.192245, 42.26162], [-83.194558, 42.258798], [-83.196851, 42.256031], [-83.201212, 42.257354], [-83.206533, 42.258969], [-83.212736, 42.260938], [-83.219088, 42.262873], [-83.220371, 42.26367], [-83.223236, 42.266091], [-83.224077, 42.26701], [-83.224201, 42.267281]]]}, "properties": {"GEOID": "26163576100", "tract_name": "5761", "total_n_nonNAP": null, "achieved_n": null, "reconveyed_n": null, "closed_n": null, "reconveyance_rate_pct": null, "in_progress_n": null, "at_risk_n": null, "at_risk_pct": null, "tax_delinquent_pct": null, "median_days_to_compliance": null}}, {"type": "Feature", "geometry": {"bbox": [-83.194093, 42.213666, -83.180649, 42.221085], "type": "Polygon", "coordinates": [[[-83.194093, 42.221034], [-83.188401, 42.221085], [-83.180942, 42.221081], [-83.180805, 42.217403], [-83.180649, 42.213778], [-83.185619, 42.213728], [-83.18808200000001, 42.213711], [-83.193971, 42.213666], [-83.193788, 42.214168], [-83.194093, 42.221034]]]}, "properties": {"GEOID": "26163581500", "tract_name": "5815", "total_n_nonNAP": null, "achieved_n": null, "reconveyed_n": null, "closed_n": null, "reconveyance_rate_pct": null, "in_progress_n": null, "at_risk_n": null, "at_risk_pct": null, "tax_delinquent_pct": null, "median_days_to_compliance": null}}, {"type": "Feature", "geometry": {"bbox": [-83.267756, 42.183466, -83.228123, 42.19867], "type": "Polygon", "coordinates": [[[-83.267756, 42.197569], [-83.258074, 42.197783], [-83.248151, 42.198035], [-83.23344100000001, 42.198509], [-83.228713, 42.19867], [-83.228123, 42.184279], [-83.232954, 42.184183], [-83.244034, 42.183963], [-83.257464, 42.183674], [-83.267242, 42.183466], [-83.267371, 42.188837], [-83.26674, 42.192883], [-83.266966, 42.194333], [-83.267575, 42.195815], [-83.267756, 42.197569]]]}, "properties": {"GEOID": "26163584600", "tract_name": "5846", "total_n_nonNAP": null, "achieved_n": null, "reconveyed_n": null, "closed_n": null, "reconveyance_rate_pct": null, "in_progress_n": null, "at_risk_n": null, "at_risk_pct": null, "tax_delinquent_pct": null, "median_days_to_compliance": null}}, {"type": "Feature", "geometry": {"bbox": [-83.141917, 42.260504, -83.125853, 42.274451], "type": "Polygon", "coordinates": [[[-83.138255, 42.271885], [-83.138533, 42.274451], [-83.134303, 42.273368], [-83.1344, 42.273038], [-83.12985400000001, 42.270965], [-83.125853, 42.269151], [-83.129791, 42.264783], [-83.131157, 42.263155], [-83.133401, 42.260504], [-83.134562, 42.261035], [-83.137547, 42.26166500000001], [-83.141917, 42.26257], [-83.138255, 42.271885]]]}, "properties": {"GEOID": "26163579200", "tract_name": "5792", "total_n_nonNAP": null, "achieved_n": null, "reconveyed_n": null, "closed_n": null, "reconveyance_rate_pct": null, "in_progress_n": null, "at_risk_n": null, "at_risk_pct": null, "tax_delinquent_pct": null, "median_days_to_compliance": null}}, {"type": "Feature", "geometry": {"bbox": [-83.486918, 42.220413, -83.424446, 42.264919], "type": "Polygon", "coordinates": [[[-83.486918, 42.263899], [-83.469117, 42.264221], [-83.469111, 42.264088], [-83.466314, 42.264275], [-83.440986, 42.264919], [-83.440603, 42.256532], [-83.425698, 42.256439], [-83.425415, 42.24934], [-83.424953, 42.235639], [-83.424747, 42.229452], [-83.424446, 42.220724], [-83.43996600000001, 42.220413], [-83.440343, 42.222587], [-83.444378, 42.225235], [-83.444889, 42.226963], [-83.445088, 42.234581], [-83.44538700000001, 42.23458800000001], [-83.454784, 42.234536], [-83.466117, 42.234313], [-83.475614, 42.234236], [-83.485997, 42.233898], [-83.486194, 42.241218], [-83.486378, 42.248556], [-83.486918, 42.263899]]]}, "properties": {"GEOID": "26163587900", "tract_name": "5879", "total_n_nonNAP": null, "achieved_n": null, "reconveyed_n": null, "closed_n": null, "reconveyance_rate_pct": null, "in_progress_n": null, "at_risk_n": null, "at_risk_pct": null, "tax_delinquent_pct": null, "median_days_to_compliance": null}}, {"type": "Feature", "geometry": {"bbox": [-83.487915, 42.31472, -83.458381, 42.322613], "type": "Polygon", "coordinates": [[[-83.487915, 42.321968], [-83.484276, 42.322031], [-83.478164, 42.322161], [-83.468354, 42.322298], [-83.458642, 42.322613], [-83.458562, 42.320894], [-83.458381, 42.317006], [-83.462063, 42.315292], [-83.467944, 42.315045], [-83.477796, 42.314888], [-83.487544, 42.31472], [-83.487735, 42.318545], [-83.487915, 42.321968]]]}, "properties": {"GEOID": "26163564200", "tract_name": "5642", "total_n_nonNAP": null, "achieved_n": null, "reconveyed_n": null, "closed_n": null, "reconveyance_rate_pct": null, "in_progress_n": null, "at_risk_n": null, "at_risk_pct": null, "tax_delinquent_pct": null, "median_days_to_compliance": null}}, {"type": "Feature", "geometry": {"bbox": [-83.3778, 42.295866, -83.363833, 42.310401], "type": "Polygon", "coordinates": [[[-83.3778, 42.310079], [-83.374081, 42.310166], [-83.364342, 42.310401], [-83.364121, 42.303204], [-83.363984, 42.299632], [-83.363833, 42.296012], [-83.371132, 42.295866], [-83.371503, 42.303015], [-83.374468, 42.302972], [-83.374668, 42.30914700000001], [-83.3778, 42.310079]]]}, "properties": {"GEOID": "26163565900", "tract_name": "5659", "total_n_nonNAP": null, "achieved_n": null, "reconveyed_n": null, "closed_n": null, "reconveyance_rate_pct": null, "in_progress_n": null, "at_risk_n": null, "at_risk_pct": null, "tax_delinquent_pct": null, "median_days_to_compliance": null}}, {"type": "Feature", "geometry": {"bbox": [-83.295138, 42.363569, -83.275219, 42.378428], "type": "Polygon", "coordinates": [[[-83.295138, 42.377934], [-83.275309, 42.378428], [-83.275429, 42.371181], [-83.275219, 42.364077], [-83.284905, 42.363828], [-83.286102, 42.363797], [-83.294642, 42.363569], [-83.294905, 42.370791], [-83.295035, 42.373807], [-83.295138, 42.377934]]]}, "properties": {"GEOID": "26163555300", "tract_name": "5553", "total_n_nonNAP": null, "achieved_n": null, "reconveyed_n": null, "closed_n": null, "reconveyance_rate_pct": null, "in_progress_n": null, "at_risk_n": null, "at_risk_pct": null, "tax_delinquent_pct": null, "median_days_to_compliance": null}}, {"type": "Feature", "geometry": {"bbox": [-83.185706, 42.074824, -83.119228, 42.137556], "type": "Polygon", "coordinates": [[[-83.185025, 42.100413], [-83.181272, 42.108378], [-83.17922, 42.112658], [-83.17687, 42.12744], [-83.17223, 42.127276], [-83.159335, 42.126831], [-83.141106, 42.126204], [-83.140129, 42.126659], [-83.137933, 42.128014], [-83.125304, 42.137556], [-83.121279, 42.130974], [-83.119228, 42.125263], [-83.12127, 42.117454], [-83.124992, 42.108543], [-83.127526, 42.104968], [-83.13202000000001, 42.090166], [-83.142583, 42.090761], [-83.145632, 42.088887], [-83.152413, 42.088985], [-83.154459, 42.086074], [-83.158182, 42.085705], [-83.161408, 42.089858], [-83.1631427648086, 42.0896438220952], [-83.168236, 42.089015], [-83.172791, 42.087161], [-83.172028, 42.082498], [-83.169374, 42.076433], [-83.170534, 42.074824], [-83.173097, 42.075288], [-83.178078, 42.082355], [-83.182364, 42.08338], [-83.1830677855994, 42.0825510268276], [-83.183458, 42.090585], [-83.183891, 42.091796], [-83.185706, 42.096874], [-83.185025, 42.100413]]]}, "properties": {"GEOID": "26163596100", "tract_name": "5961", "total_n_nonNAP": null, "achieved_n": null, "reconveyed_n": null, "closed_n": null, "reconveyance_rate_pct": null, "in_progress_n": null, "at_risk_n": null, "at_risk_pct": null, "tax_delinquent_pct": null, "median_days_to_compliance": null}}, {"type": "Feature", "geometry": {"bbox": [-83.261669, 42.327044, -83.234981, 42.343086], "type": "Polygon", "coordinates": [[[-83.261526, 42.336184], [-83.260188, 42.338178000000006], [-83.259641, 42.338898], [-83.258208, 42.339654], [-83.252477, 42.340193], [-83.252167, 42.342034000000005], [-83.243721, 42.342949], [-83.242505, 42.343005], [-83.237846, 42.343086], [-83.237568, 42.335736], [-83.235105, 42.335834], [-83.234981, 42.32983], [-83.239996, 42.32877], [-83.241102, 42.328398], [-83.241939, 42.32821200000001], [-83.245762, 42.32751], [-83.248496, 42.327362], [-83.261669, 42.327044], [-83.261526, 42.336184]]]}, "properties": {"GEOID": "26163571500", "tract_name": "5715", "total_n_nonNAP": null, "achieved_n": null, "reconveyed_n": null, "closed_n": null, "reconveyance_rate_pct": null, "in_progress_n": null, "at_risk_n": null, "at_risk_pct": null, "tax_delinquent_pct": null, "median_days_to_compliance": null}}, {"type": "Feature", "geometry": {"bbox": [-83.458642, 42.308126, -83.442875, 42.323118], "type": "Polygon", "coordinates": [[[-83.458642, 42.322613], [-83.443534, 42.323118], [-83.442875, 42.308602], [-83.448288, 42.308423], [-83.457958, 42.308126], [-83.458225, 42.313722], [-83.458381, 42.317006], [-83.458562, 42.320894], [-83.458642, 42.322613]]]}, "properties": {"GEOID": "26163564100", "tract_name": "5641", "total_n_nonNAP": null, "achieved_n": null, "reconveyed_n": null, "closed_n": null, "reconveyance_rate_pct": null, "in_progress_n": null, "at_risk_n": null, "at_risk_pct": null, "tax_delinquent_pct": null, "median_days_to_compliance": null}}, {"type": "Feature", "geometry": {"bbox": [-83.171265, 42.438433, -83.161227, 42.44579400000001], "type": "Polygon", "coordinates": [[[-83.171265, 42.445545], [-83.161516, 42.44579400000001], [-83.161227, 42.438854], [-83.165671, 42.438919], [-83.170992, 42.438433], [-83.171265, 42.445545]]]}, "properties": {"GEOID": "26163539100", "tract_name": "5391", "total_n_nonNAP": 26, "achieved_n": 19, "reconveyed_n": 3, "closed_n": 22, "reconveyance_rate_pct": 13.6, "in_progress_n": 4, "at_risk_n": 1, "at_risk_pct": 25.0, "tax_delinquent_pct": 50.0, "median_days_to_compliance": 854}}, {"type": "Feature", "geometry": {"bbox": [-83.160984, 42.424176, -83.141168, 42.431606], "type": "Polygon", "coordinates": [[[-83.160984, 42.431347], [-83.156622, 42.431388], [-83.15185800000002, 42.431413], [-83.150684, 42.431427], [-83.146967, 42.431493], [-83.141503, 42.431606], [-83.141168, 42.424398], [-83.146632, 42.424337], [-83.151572, 42.424283], [-83.156361, 42.424228], [-83.160719, 42.424176], [-83.160984, 42.431347]]]}, "properties": {"GEOID": "26163538600", "tract_name": "5386", "total_n_nonNAP": 24, "achieved_n": 21, "reconveyed_n": 3, "closed_n": 24, "reconveyance_rate_pct": 12.5, "in_progress_n": 0, "at_risk_n": 0, "at_risk_pct": null, "tax_delinquent_pct": null, "median_days_to_compliance": 419.5}}, {"type": "Feature", "geometry": {"bbox": [-83.160719, 42.416932, -83.140836, 42.424398], "type": "Polygon", "coordinates": [[[-83.160719, 42.424176], [-83.156361, 42.424228], [-83.151572, 42.424283], [-83.146632, 42.424337], [-83.141168, 42.424398], [-83.140836, 42.417147], [-83.146204, 42.41713], [-83.14631600000001, 42.41713], [-83.15116600000002, 42.417098], [-83.15596, 42.417011], [-83.160324, 42.416932], [-83.160719, 42.424176]]]}, "properties": {"GEOID": "26163538500", "tract_name": "5385", "total_n_nonNAP": 40, "achieved_n": 32, "reconveyed_n": 7, "closed_n": 39, "reconveyance_rate_pct": 17.9, "in_progress_n": 1, "at_risk_n": 0, "at_risk_pct": 0.0, "tax_delinquent_pct": 0.0, "median_days_to_compliance": 549}}, {"type": "Feature", "geometry": {"bbox": [-83.068614, 42.418653, -83.038339, 42.426403], "type": "Polygon", "coordinates": [[[-83.068614, 42.425834], [-83.062706, 42.425901], [-83.053025, 42.426091], [-83.046782, 42.42622], [-83.043482, 42.426289], [-83.038639, 42.426403], [-83.038339, 42.419169], [-83.047718, 42.418968], [-83.06361100000001, 42.418653], [-83.067153, 42.423789], [-83.068614, 42.425834]]]}, "properties": {"GEOID": "26163506400", "tract_name": "5064", "total_n_nonNAP": 161, "achieved_n": 95, "reconveyed_n": 23, "closed_n": 118, "reconveyance_rate_pct": 19.5, "in_progress_n": 43, "at_risk_n": 9, "at_risk_pct": 20.9, "tax_delinquent_pct": 46.5, "median_days_to_compliance": 627}}, {"type": "Feature", "geometry": {"bbox": [-83.013717, 42.404909, -82.995098, 42.420245], "type": "Polygon", "coordinates": [[[-83.013717, 42.419681], [-83.007688, 42.419865], [-83.004649, 42.419937], [-83.004022, 42.419936], [-83.003159, 42.420245], [-82.999998, 42.415324], [-82.995729, 42.408807], [-82.995098, 42.408576], [-82.996448, 42.406515], [-82.997504, 42.404909], [-83.00738, 42.412725], [-83.011331, 42.417298], [-83.013717, 42.419681]]]}, "properties": {"GEOID": "26163505200", "tract_name": "5052", "total_n_nonNAP": 109, "achieved_n": 59, "reconveyed_n": 24, "closed_n": 83, "reconveyance_rate_pct": 28.9, "in_progress_n": 26, "at_risk_n": 5, "at_risk_pct": 19.2, "tax_delinquent_pct": 50.0, "median_days_to_compliance": 573}}, {"type": "Feature", "geometry": {"bbox": [-83.295883, 42.385069, -83.275208, 42.400096], "type": "Polygon", "coordinates": [[[-83.295883, 42.399578], [-83.288612, 42.399752], [-83.28604, 42.399812], [-83.276465, 42.400074], [-83.275725, 42.400096], [-83.275208, 42.385468], [-83.275914, 42.385452], [-83.285684, 42.385247], [-83.29539500000001, 42.385069], [-83.295549, 42.391382], [-83.29557, 42.392107], [-83.295883, 42.399578]]]}, "properties": {"GEOID": "26163554800", "tract_name": "5548", "total_n_nonNAP": null, "achieved_n": null, "reconveyed_n": null, "closed_n": null, "reconveyance_rate_pct": null, "in_progress_n": null, "at_risk_n": null, "at_risk_pct": null, "tax_delinquent_pct": null, "median_days_to_compliance": null}}, {"type": "Feature", "geometry": {"bbox": [-83.136578, 42.301283, -83.120507, 42.312636], "type": "Polygon", "coordinates": [[[-83.136578, 42.305326], [-83.134855, 42.306006], [-83.136039, 42.307853], [-83.132564, 42.309262], [-83.127468, 42.311336], [-83.124314, 42.312636], [-83.120507, 42.307316], [-83.123408, 42.30615900000001], [-83.128854, 42.303865], [-83.128704, 42.303647], [-83.13477, 42.301283], [-83.136527, 42.30381], [-83.136578, 42.305326]]]}, "properties": {"GEOID": "26163524200", "tract_name": "5242", "total_n_nonNAP": 22, "achieved_n": 20, "reconveyed_n": 2, "closed_n": 22, "reconveyance_rate_pct": 9.1, "in_progress_n": 0, "at_risk_n": 0, "at_risk_pct": null, "tax_delinquent_pct": null, "median_days_to_compliance": 720.0}}, {"type": "Feature", "geometry": {"bbox": [-83.097907, 42.313672, -83.084469, 42.325914], "type": "Polygon", "coordinates": [[[-83.097907, 42.323161], [-83.091481, 42.325914], [-83.089615, 42.323287], [-83.089233, 42.322861], [-83.084469, 42.316559000000005], [-83.085162, 42.316094], [-83.091092, 42.313672], [-83.093131, 42.316495], [-83.095838, 42.320274], [-83.097907, 42.323161]]]}, "properties": {"GEOID": "26163523400", "tract_name": "5234", "total_n_nonNAP": 4, "achieved_n": 3, "reconveyed_n": 1, "closed_n": 4, "reconveyance_rate_pct": 25.0, "in_progress_n": 0, "at_risk_n": 0, "at_risk_pct": null, "tax_delinquent_pct": null, "median_days_to_compliance": 714}}, {"type": "Feature", "geometry": {"bbox": [-83.386204, 42.338933, -83.365508, 42.353804], "type": "Polygon", "coordinates": [[[-83.386204, 42.353481], [-83.372017, 42.353804], [-83.372246, 42.352189], [-83.372182, 42.350973], [-83.37197, 42.349652], [-83.37141, 42.348648], [-83.36784, 42.345691], [-83.365807, 42.34521], [-83.365627, 42.341805], [-83.365508, 42.339338], [-83.370254, 42.339249], [-83.372998, 42.339191], [-83.381053, 42.339019], [-83.384972, 42.338933], [-83.385221, 42.343657], [-83.385311, 42.345244], [-83.385654, 42.34933], [-83.38583, 42.350748], [-83.386079, 42.351839], [-83.386204, 42.353481]]]}, "properties": {"GEOID": "26163567400", "tract_name": "5674", "total_n_nonNAP": null, "achieved_n": null, "reconveyed_n": null, "closed_n": null, "reconveyance_rate_pct": null, "in_progress_n": null, "at_risk_n": null, "at_risk_pct": null, "tax_delinquent_pct": null, "median_days_to_compliance": null}}, {"type": "Feature", "geometry": {"bbox": [-82.910651, 42.405575977437, -82.881519, 42.426282], "type": "Polygon", "coordinates": [[[-82.910427, 42.419023], [-82.90966, 42.426052], [-82.909629, 42.426282], [-82.890018, 42.418274], [-82.8833451151186, 42.4155542566644], [-82.88587, 42.408317], [-82.881519, 42.406591], [-82.8819989606691, 42.405575977437], [-82.88966400000001, 42.408463], [-82.892015, 42.409423], [-82.900165, 42.412785], [-82.906801, 42.415491], [-82.910651, 42.417117], [-82.910427, 42.419023]]]}, "properties": {"GEOID": "26163550800", "tract_name": "5508", "total_n_nonNAP": null, "achieved_n": null, "reconveyed_n": null, "closed_n": null, "reconveyance_rate_pct": null, "in_progress_n": null, "at_risk_n": null, "at_risk_pct": null, "tax_delinquent_pct": null, "median_days_to_compliance": null}}, {"type": "Feature", "geometry": {"bbox": [-82.905993, 42.384430337897, -82.8819989606691, 42.409423], "type": "Polygon", "coordinates": [[[-82.905993, 42.393791], [-82.90205800000001, 42.39595], [-82.899327, 42.399552], [-82.892015, 42.409423], [-82.88966400000001, 42.408463], [-82.8819989606691, 42.405575977437], [-82.882181, 42.405191], [-82.88266, 42.404878], [-82.886543, 42.405576], [-82.88722, 42.402844], [-82.888603, 42.397993], [-82.890179, 42.395014], [-82.894013, 42.389437], [-82.898413, 42.385437], [-82.9000147770521, 42.384430337897], [-82.903077, 42.389339], [-82.905993, 42.393791]]]}, "properties": {"GEOID": "26163550600", "tract_name": "5506", "total_n_nonNAP": null, "achieved_n": null, "reconveyed_n": null, "closed_n": null, "reconveyance_rate_pct": null, "in_progress_n": null, "at_risk_n": null, "at_risk_pct": null, "tax_delinquent_pct": null, "median_days_to_compliance": null}}, {"type": "Feature", "geometry": {"bbox": [-82.93891, 42.3585266625874, -82.9117550584205, 42.381526], "type": "Polygon", "coordinates": [[[-82.93891, 42.37514], [-82.930838, 42.37799], [-82.92718, 42.37869], [-82.91560900000002, 42.380729], [-82.913632, 42.381526], [-82.912736, 42.38087], [-82.9117550584205, 42.379297204779], [-82.915114, 42.378137], [-82.919114, 42.374437], [-82.918542, 42.373006], [-82.920022, 42.372058], [-82.9223616543543, 42.3690887707584], [-82.923545, 42.367587], [-82.924551, 42.362329], [-82.92878900000001, 42.360205], [-82.9287724228718, 42.3597883009571], [-82.9287524850816, 42.3592871249964], [-82.9287222323536, 42.3585266625874], [-82.930697, 42.361525], [-82.930354, 42.36214], [-82.934977, 42.369075], [-82.93891, 42.37514]]]}, "properties": {"GEOID": "26163550100", "tract_name": "5501", "total_n_nonNAP": null, "achieved_n": null, "reconveyed_n": null, "closed_n": null, "reconveyance_rate_pct": null, "in_progress_n": null, "at_risk_n": null, "at_risk_pct": null, "tax_delinquent_pct": null, "median_days_to_compliance": null}}, {"type": "Feature", "geometry": {"bbox": [-83.095562, 42.341862, -83.071052, 42.35906000000001], "type": "Polygon", "coordinates": [[[-83.093718, 42.351795], [-83.085116, 42.354498], [-83.08248, 42.35537500000001], [-83.080993, 42.356037], [-83.076031, 42.35906000000001], [-83.073476, 42.353928], [-83.073396, 42.35377], [-83.072088, 42.351623], [-83.071052, 42.3498], [-83.074668, 42.348629], [-83.0711, 42.342409], [-83.072578, 42.341949], [-83.072857, 42.341862], [-83.073005, 42.342121000000006], [-83.082475, 42.34594], [-83.085515, 42.347164], [-83.089352, 42.348713], [-83.095562, 42.351227], [-83.093718, 42.351795]]]}, "properties": {"GEOID": "26163521900", "tract_name": "5219", "total_n_nonNAP": 2, "achieved_n": 2, "reconveyed_n": 0, "closed_n": 2, "reconveyance_rate_pct": 0.0, "in_progress_n": 0, "at_risk_n": 0, "at_risk_pct": null, "tax_delinquent_pct": null, "median_days_to_compliance": 383.0}}, {"type": "Feature", "geometry": {"bbox": [-83.064266, 42.331586, -83.04708, 42.339986], "type": "Polygon", "coordinates": [[[-83.064266, 42.335438], [-83.059948, 42.33639], [-83.059421, 42.3366], [-83.058524, 42.337008000000004], [-83.056069, 42.33859], [-83.05291000000001, 42.339986], [-83.05089, 42.336981], [-83.048746, 42.334089], [-83.047844, 42.332927], [-83.04708, 42.332117], [-83.048249, 42.331653], [-83.052663, 42.331673], [-83.06118500000001, 42.331586], [-83.061655, 42.332003], [-83.064187, 42.335275], [-83.064266, 42.335438]]]}, "properties": {"GEOID": "26163520700", "tract_name": "5207", "total_n_nonNAP": null, "achieved_n": null, "reconveyed_n": null, "closed_n": null, "reconveyance_rate_pct": null, "in_progress_n": null, "at_risk_n": null, "at_risk_pct": null, "tax_delinquent_pct": null, "median_days_to_compliance": null}}, {"type": "Feature", "geometry": {"bbox": [-83.348659, 42.267463, -83.30899900000001, 42.286], "type": "Polygon", "coordinates": [[[-83.348659, 42.284375], [-83.338986, 42.286], [-83.338736, 42.279723], [-83.338574, 42.275031], [-83.3376, 42.27496500000001], [-83.328751, 42.275106], [-83.309311, 42.275505], [-83.30899900000001, 42.26823], [-83.328622, 42.267842], [-83.341389, 42.267601000000006], [-83.348095, 42.267463], [-83.348199, 42.274689], [-83.348659, 42.284375]]]}, "properties": {"GEOID": "26163567000", "tract_name": "5670", "total_n_nonNAP": null, "achieved_n": null, "reconveyed_n": null, "closed_n": null, "reconveyance_rate_pct": null, "in_progress_n": null, "at_risk_n": null, "at_risk_pct": null, "tax_delinquent_pct": null, "median_days_to_compliance": null}}, {"type": "Feature", "geometry": {"bbox": [-83.035904, 42.339035, -83.024947, 42.349866], "type": "Polygon", "coordinates": [[[-83.034858, 42.348569], [-83.03324, 42.348678], [-83.030311, 42.349866], [-83.028622, 42.347956], [-83.026382, 42.347156], [-83.02564, 42.345998], [-83.025942, 42.345026], [-83.026525, 42.344258], [-83.026405, 42.34359], [-83.024947, 42.34137900000001], [-83.030395, 42.339035], [-83.032951, 42.34269], [-83.034732, 42.345362], [-83.035904, 42.347216], [-83.034858, 42.348569]]]}, "properties": {"GEOID": "26163516900", "tract_name": "5169", "total_n_nonNAP": null, "achieved_n": null, "reconveyed_n": null, "closed_n": null, "reconveyance_rate_pct": null, "in_progress_n": null, "at_risk_n": null, "at_risk_pct": null, "tax_delinquent_pct": null, "median_days_to_compliance": null}}, {"type": "Feature", "geometry": {"bbox": [-83.004153, 42.35195300000001, -82.988993, 42.36971400000001], "type": "Polygon", "coordinates": [[[-83.004153, 42.367761], [-82.999297, 42.36971400000001], [-82.993108, 42.361087], [-82.988993, 42.355379], [-82.989604, 42.35490000000001], [-82.994025, 42.35195300000001], [-82.994911, 42.353726], [-82.998603, 42.358909], [-82.997938, 42.359172], [-83.001147, 42.363588], [-83.004153, 42.367761]]]}, "properties": {"GEOID": "26163515400", "tract_name": "5154", "total_n_nonNAP": 7, "achieved_n": 6, "reconveyed_n": 0, "closed_n": 6, "reconveyance_rate_pct": 0.0, "in_progress_n": 1, "at_risk_n": 0, "at_risk_pct": 0.0, "tax_delinquent_pct": 100.0, "median_days_to_compliance": 600.0}}, {"type": "Feature", "geometry": {"bbox": [-83.018738, 42.364348, -82.999297, 42.378681], "type": "Polygon", "coordinates": [[[-83.017866, 42.374041], [-83.012615, 42.375968], [-83.005789, 42.378681], [-82.999297, 42.36971400000001], [-83.004153, 42.367761], [-83.006106, 42.366978], [-83.01324, 42.364348], [-83.018738, 42.372728], [-83.017866, 42.374041]]]}, "properties": {"GEOID": "26163516000", "tract_name": "5160", "total_n_nonNAP": 78, "achieved_n": 46, "reconveyed_n": 12, "closed_n": 58, "reconveyance_rate_pct": 20.7, "in_progress_n": 20, "at_risk_n": 5, "at_risk_pct": 25.0, "tax_delinquent_pct": 55.0, "median_days_to_compliance": 750.5}}, {"type": "Feature", "geometry": {"bbox": [-83.17223, 42.126204, -83.125304, 42.169962], "type": "Polygon", "coordinates": [[[-83.172025, 42.127673], [-83.170984, 42.128005], [-83.16334100000002, 42.13198], [-83.156032, 42.138069], [-83.155085, 42.139788], [-83.155441, 42.144052], [-83.152328, 42.151567], [-83.150389, 42.156671], [-83.14978400000001, 42.159667], [-83.146516, 42.165468], [-83.143835, 42.168152], [-83.141274, 42.169962], [-83.132946830909, 42.1699310950831], [-83.13051, 42.161979], [-83.1280662236051, 42.1505144685184], [-83.125304, 42.137556], [-83.137933, 42.128014], [-83.140129, 42.126659], [-83.141106, 42.126204], [-83.159335, 42.126831], [-83.17223, 42.127276], [-83.172025, 42.127673]]]}, "properties": {"GEOID": "26163596200", "tract_name": "5962", "total_n_nonNAP": null, "achieved_n": null, "reconveyed_n": null, "closed_n": null, "reconveyance_rate_pct": null, "in_progress_n": null, "at_risk_n": null, "at_risk_pct": null, "tax_delinquent_pct": null, "median_days_to_compliance": null}}, {"type": "Feature", "geometry": {"bbox": [-83.479281, 42.351235, -83.430038, 42.359714], "type": "Polygon", "coordinates": [[[-83.479281, 42.358502], [-83.469534, 42.358751], [-83.459683, 42.358959], [-83.444987, 42.359316], [-83.436143, 42.359556], [-83.43033, 42.359714], [-83.430038, 42.352465], [-83.435295, 42.352325], [-83.437658, 42.352262], [-83.444633, 42.352089], [-83.459314, 42.351727], [-83.46908400000001, 42.3515], [-83.478996, 42.351235], [-83.479281, 42.358502]]]}, "properties": {"GEOID": "26163562900", "tract_name": "5629", "total_n_nonNAP": null, "achieved_n": null, "reconveyed_n": null, "closed_n": null, "reconveyance_rate_pct": null, "in_progress_n": null, "at_risk_n": null, "at_risk_pct": null, "tax_delinquent_pct": null, "median_days_to_compliance": null}}, {"type": "Feature", "geometry": {"bbox": [-83.50828300000002, 42.320891, -83.487915, 42.350944], "type": "Polygon", "coordinates": [[[-83.50828300000002, 42.350486], [-83.489157, 42.350944], [-83.48883800000002, 42.341726], [-83.48799, 42.340684], [-83.488522, 42.339746], [-83.488672, 42.336584], [-83.488312, 42.329283], [-83.487915, 42.321968], [-83.507227, 42.320891], [-83.507609, 42.328673], [-83.508019, 42.335929], [-83.508139, 42.34153], [-83.50828300000002, 42.350486]]]}, "properties": {"GEOID": "26163563500", "tract_name": "5635", "total_n_nonNAP": null, "achieved_n": null, "reconveyed_n": null, "closed_n": null, "reconveyance_rate_pct": null, "in_progress_n": null, "at_risk_n": null, "at_risk_pct": null, "tax_delinquent_pct": null, "median_days_to_compliance": null}}, {"type": "Feature", "geometry": {"bbox": [-83.261105, 42.378718, -83.23655900000001, 42.385616], "type": "Polygon", "coordinates": [[[-83.261105, 42.378875], [-83.260626, 42.38327600000001], [-83.258386, 42.383546], [-83.256142, 42.38381], [-83.256192, 42.385616], [-83.246592, 42.38561], [-83.243626, 42.385305], [-83.242107, 42.384741], [-83.241026, 42.384094], [-83.236653, 42.380462], [-83.23655900000001, 42.378718], [-83.238349, 42.378999], [-83.246411, 42.378981], [-83.261104, 42.378822], [-83.261105, 42.378875]]]}, "properties": {"GEOID": "26163543900", "tract_name": "5439", "total_n_nonNAP": 53, "achieved_n": 28, "reconveyed_n": 10, "closed_n": 38, "reconveyance_rate_pct": 26.3, "in_progress_n": 15, "at_risk_n": 6, "at_risk_pct": 40.0, "tax_delinquent_pct": 60.0, "median_days_to_compliance": 603.5}}, {"type": "Feature", "geometry": {"bbox": [-83.21871300000001, 42.401121, -83.19869500000001, 42.408753000000004], "type": "Polygon", "coordinates": [[[-83.218532, 42.408332], [-83.20875, 42.408542], [-83.199017, 42.408753000000004], [-83.19869500000001, 42.401513], [-83.20293700000002, 42.40141], [-83.208411, 42.401292], [-83.218386, 42.401121], [-83.21871300000001, 42.408328], [-83.218532, 42.408332]]]}, "properties": {"GEOID": "26163542200", "tract_name": "5422", "total_n_nonNAP": 54, "achieved_n": 47, "reconveyed_n": 3, "closed_n": 50, "reconveyance_rate_pct": 6.0, "in_progress_n": 4, "at_risk_n": 0, "at_risk_pct": 0.0, "tax_delinquent_pct": 0.0, "median_days_to_compliance": 456}}, {"type": "Feature", "geometry": {"bbox": [-82.99412, 42.365637, -82.973625, 42.379145], "type": "Polygon", "coordinates": [[[-82.99412, 42.372046], [-82.98653800000001, 42.375525], [-82.978571, 42.379145], [-82.973625, 42.371581000000006], [-82.981675, 42.368667], [-82.989499, 42.365637], [-82.99412, 42.372046]]]}, "properties": {"GEOID": "26163513900", "tract_name": "5139", "total_n_nonNAP": 76, "achieved_n": 30, "reconveyed_n": 22, "closed_n": 52, "reconveyance_rate_pct": 42.3, "in_progress_n": 24, "at_risk_n": 7, "at_risk_pct": 29.2, "tax_delinquent_pct": 45.8, "median_days_to_compliance": 672.5}}, {"type": "Feature", "geometry": {"bbox": [-82.957867, 42.3549764856513, -82.928716, 42.36934], "type": "Polygon", "coordinates": [[[-82.956646, 42.364712], [-82.954809, 42.361902], [-82.95286900000002, 42.360614], [-82.94654, 42.36306], [-82.942203, 42.364881], [-82.943286, 42.366521], [-82.944775, 42.368977], [-82.943763, 42.36934], [-82.941919, 42.366536], [-82.94069800000001, 42.36698], [-82.936474, 42.360557], [-82.932007, 42.36217800000001], [-82.930697, 42.361525], [-82.9287222323536, 42.3585266625874], [-82.928716, 42.35837], [-82.932593, 42.357185], [-82.9529754360034, 42.3549764856513], [-82.957867, 42.364272], [-82.956646, 42.364712]]]}, "properties": {"GEOID": "26163513300", "tract_name": "5133", "total_n_nonNAP": 23, "achieved_n": 19, "reconveyed_n": 3, "closed_n": 22, "reconveyance_rate_pct": 13.6, "in_progress_n": 1, "at_risk_n": 0, "at_risk_pct": 0.0, "tax_delinquent_pct": 0.0, "median_days_to_compliance": 593}}, {"type": "Feature", "geometry": {"bbox": [-83.382099, 42.266724, -83.36257, 42.281928], "type": "Polygon", "coordinates": [[[-83.382099, 42.267661], [-83.377201, 42.26786], [-83.37743, 42.274027], [-83.377977, 42.274017], [-83.378226, 42.279392], [-83.372866, 42.280286], [-83.363194, 42.281928], [-83.362918, 42.274348], [-83.36257, 42.267132], [-83.372233, 42.266923], [-83.382084, 42.266724], [-83.382099, 42.267661]]]}, "properties": {"GEOID": "26163566800", "tract_name": "5668", "total_n_nonNAP": null, "achieved_n": null, "reconveyed_n": null, "closed_n": null, "reconveyance_rate_pct": null, "in_progress_n": null, "at_risk_n": null, "at_risk_pct": null, "tax_delinquent_pct": null, "median_days_to_compliance": null}}, {"type": "Feature", "geometry": {"bbox": [-83.339928, 42.286, -83.32928, 42.31124], "type": "Polygon", "coordinates": [[[-83.339928, 42.310986], [-83.330535, 42.31124], [-83.330131, 42.304025], [-83.329828, 42.299194], [-83.329432, 42.29108200000001], [-83.32928, 42.287687], [-83.338986, 42.286], [-83.339684, 42.303822000000004], [-83.339928, 42.310986]]]}, "properties": {"GEOID": "26163570500", "tract_name": "5705", "total_n_nonNAP": null, "achieved_n": null, "reconveyed_n": null, "closed_n": null, "reconveyance_rate_pct": null, "in_progress_n": null, "at_risk_n": null, "at_risk_pct": null, "tax_delinquent_pct": null, "median_days_to_compliance": null}}, {"type": "Feature", "geometry": {"bbox": [-83.172061, 42.405324, -83.159824, 42.416932], "type": "Polygon", "coordinates": [[[-83.170129, 42.416656], [-83.160324, 42.416932], [-83.160113, 42.412146], [-83.16000400000001, 42.409707000000004], [-83.159824, 42.405324], [-83.16189, 42.406414000000005], [-83.166002, 42.410647], [-83.170004, 42.414418], [-83.172061, 42.416641], [-83.170129, 42.416656]]]}, "properties": {"GEOID": "26163536200", "tract_name": "5362", "total_n_nonNAP": 17, "achieved_n": 16, "reconveyed_n": 1, "closed_n": 17, "reconveyance_rate_pct": 5.9, "in_progress_n": 0, "at_risk_n": 0, "at_risk_pct": null, "tax_delinquent_pct": null, "median_days_to_compliance": 434.5}}, {"type": "Feature", "geometry": {"bbox": [-83.506484, 42.285168, -83.486259, 42.307403], "type": "Polygon", "coordinates": [[[-83.506484, 42.306951], [-83.487166, 42.307403], [-83.486805, 42.300179], [-83.486522, 42.292924], [-83.486259, 42.2886], [-83.492617, 42.286384], [-83.492828, 42.285614], [-83.494216, 42.285513], [-83.494479, 42.28549300000001], [-83.505503, 42.285168], [-83.505654, 42.288753], [-83.505852, 42.293457], [-83.506008, 42.296117], [-83.506135, 42.299768], [-83.506484, 42.306951]]]}, "properties": {"GEOID": "26163564502", "tract_name": "5645.02", "total_n_nonNAP": null, "achieved_n": null, "reconveyed_n": null, "closed_n": null, "reconveyance_rate_pct": null, "in_progress_n": null, "at_risk_n": null, "at_risk_pct": null, "tax_delinquent_pct": null, "median_days_to_compliance": null}}, {"type": "Feature", "geometry": {"bbox": [-82.997504, 42.396638, -82.982159, 42.409304], "type": "Polygon", "coordinates": [[[-82.997504, 42.404909], [-82.996448, 42.406515], [-82.993413, 42.407272], [-82.987563, 42.409304], [-82.987447, 42.409122], [-82.986957, 42.408349], [-82.986384, 42.40739], [-82.98518900000002, 42.405482], [-82.983111, 42.402201], [-82.982159, 42.399484], [-82.984402, 42.398821], [-82.985244, 42.398103], [-82.987766, 42.396638], [-82.989321, 42.397179], [-82.994762, 42.402745], [-82.997245, 42.40471], [-82.997504, 42.404909]]]}, "properties": {"GEOID": "26163504400", "tract_name": "5044", "total_n_nonNAP": 134, "achieved_n": 67, "reconveyed_n": 27, "closed_n": 94, "reconveyance_rate_pct": 28.7, "in_progress_n": 40, "at_risk_n": 13, "at_risk_pct": 32.5, "tax_delinquent_pct": 47.5, "median_days_to_compliance": 640}}, {"type": "Feature", "geometry": {"bbox": [-83.499014, 42.190057, -83.47237400000002, 42.214156], "type": "Polygon", "coordinates": [[[-83.499014, 42.202297], [-83.496612, 42.201706], [-83.494598, 42.20235300000001], [-83.49586000000001, 42.203056], [-83.49575, 42.205105], [-83.496311, 42.210474], [-83.494443, 42.210406], [-83.493327, 42.211748], [-83.49277700000002, 42.211499], [-83.492712, 42.21163], [-83.485642, 42.209408], [-83.482934, 42.209027000000006], [-83.478477, 42.214156], [-83.473196, 42.213853], [-83.472383, 42.211975], [-83.473167, 42.207296], [-83.47237400000002, 42.205333], [-83.47779100000001, 42.204094], [-83.477729, 42.203408], [-83.475116, 42.202971], [-83.473862, 42.190206], [-83.478168, 42.190128], [-83.479244, 42.191365], [-83.479261, 42.190111], [-83.48244, 42.190057], [-83.483863, 42.192155], [-83.485047, 42.198914], [-83.482302, 42.199283], [-83.482337, 42.20106], [-83.4851, 42.201003], [-83.48715100000001, 42.200159], [-83.485081, 42.200165], [-83.485054, 42.199242], [-83.488658, 42.199234], [-83.489762, 42.198535], [-83.489839, 42.200033], [-83.494375, 42.197173], [-83.498675, 42.197183], [-83.499014, 42.202297]]]}, "properties": {"GEOID": "26163587000", "tract_name": "5870", "total_n_nonNAP": null, "achieved_n": null, "reconveyed_n": null, "closed_n": null, "reconveyance_rate_pct": null, "in_progress_n": null, "at_risk_n": null, "at_risk_pct": null, "tax_delinquent_pct": null, "median_days_to_compliance": null}}, {"type": "Feature", "geometry": {"bbox": [-83.057919, 42.361004, -83.046634, 42.372049], "type": "Polygon", "coordinates": [[[-83.057919, 42.368497], [-83.053909, 42.371249], [-83.052261, 42.372049], [-83.046634, 42.36358], [-83.054365, 42.361004], [-83.057919, 42.368497]]]}, "properties": {"GEOID": "26163985900", "tract_name": "9859", "total_n_nonNAP": null, "achieved_n": null, "reconveyed_n": null, "closed_n": null, "reconveyance_rate_pct": null, "in_progress_n": null, "at_risk_n": null, "at_risk_pct": null, "tax_delinquent_pct": null, "median_days_to_compliance": null}}, {"type": "Feature", "geometry": {"bbox": [-83.110908, 42.307768, -83.097156, 42.320932], "type": "Polygon", "coordinates": [[[-83.110908, 42.318149], [-83.104078, 42.320932], [-83.101832, 42.317819], [-83.099074, 42.313984], [-83.097156, 42.311316000000005], [-83.100759, 42.309717], [-83.104295, 42.307768], [-83.107447, 42.312111], [-83.109978, 42.315614], [-83.109894, 42.316516], [-83.110908, 42.318149]]]}, "properties": {"GEOID": "26163523200", "tract_name": "5232", "total_n_nonNAP": 8, "achieved_n": 8, "reconveyed_n": 0, "closed_n": 8, "reconveyance_rate_pct": 0.0, "in_progress_n": 0, "at_risk_n": 0, "at_risk_pct": null, "tax_delinquent_pct": null, "median_days_to_compliance": 834.5}}, {"type": "Feature", "geometry": {"bbox": [-83.257118, 42.40029, -83.24268, 42.407781], "type": "Polygon", "coordinates": [[[-83.257118, 42.407468], [-83.249625, 42.407652], [-83.242947, 42.407781], [-83.24268, 42.400586], [-83.25683300000001, 42.40029], [-83.257118, 42.407468]]]}, "properties": {"GEOID": "26163543500", "tract_name": "5435", "total_n_nonNAP": 123, "achieved_n": 64, "reconveyed_n": 25, "closed_n": 89, "reconveyance_rate_pct": 28.1, "in_progress_n": 34, "at_risk_n": 12, "at_risk_pct": 35.3, "tax_delinquent_pct": 41.2, "median_days_to_compliance": 625.5}}, {"type": "Feature", "geometry": {"bbox": [-82.934634, 42.37869, -82.913632, 42.394829], "type": "Polygon", "coordinates": [[[-82.933431, 42.390501], [-82.927795, 42.392733], [-82.926671, 42.393182], [-82.922399, 42.394829], [-82.918711, 42.389231], [-82.913632, 42.381526], [-82.91560900000002, 42.380729], [-82.92718, 42.37869], [-82.93116, 42.384765], [-82.934634, 42.39007900000001], [-82.933431, 42.390501]]]}, "properties": {"GEOID": "26163550300", "tract_name": "5503", "total_n_nonNAP": null, "achieved_n": null, "reconveyed_n": null, "closed_n": null, "reconveyance_rate_pct": null, "in_progress_n": null, "at_risk_n": null, "at_risk_pct": null, "tax_delinquent_pct": null, "median_days_to_compliance": null}}, {"type": "Feature", "geometry": {"bbox": [-83.066145, 42.316857, -83.0408411326315, 42.332147], "type": "Polygon", "coordinates": [[[-83.066145, 42.321664], [-83.059481, 42.323831], [-83.061659, 42.32457300000001], [-83.06426400000001, 42.327889], [-83.060516, 42.329507], [-83.061888, 42.331549], [-83.061415, 42.331576], [-83.06118500000001, 42.331586], [-83.052663, 42.331673], [-83.048249, 42.331653], [-83.04708, 42.332117], [-83.046349, 42.332147], [-83.046214, 42.331048], [-83.042708, 42.326707], [-83.042826, 42.326671], [-83.0408411326315, 42.3240110496774], [-83.050098, 42.32110600000001], [-83.063637, 42.316857], [-83.065338, 42.319541], [-83.065573, 42.320025], [-83.066145, 42.321664]]]}, "properties": {"GEOID": "26163520800", "tract_name": "5208", "total_n_nonNAP": null, "achieved_n": null, "reconveyed_n": null, "closed_n": null, "reconveyance_rate_pct": null, "in_progress_n": null, "at_risk_n": null, "at_risk_pct": null, "tax_delinquent_pct": null, "median_days_to_compliance": null}}, {"type": "Feature", "geometry": {"bbox": [-83.134917, 42.367057, -83.117631, 42.383604], "type": "Polygon", "coordinates": [[[-83.134917, 42.380454], [-83.131195, 42.381864], [-83.126743, 42.383604], [-83.125108, 42.381181], [-83.124986, 42.381001], [-83.123448, 42.37872500000001], [-83.122254, 42.37696], [-83.121787, 42.376273], [-83.117631, 42.37015], [-83.12159, 42.368659], [-83.125833, 42.367057], [-83.13051, 42.373957], [-83.133152, 42.377853], [-83.134917, 42.380454]]]}, "properties": {"GEOID": "26163530900", "tract_name": "5309", "total_n_nonNAP": 209, "achieved_n": 89, "reconveyed_n": 54, "closed_n": 143, "reconveyance_rate_pct": 37.8, "in_progress_n": 66, "at_risk_n": 21, "at_risk_pct": 31.8, "tax_delinquent_pct": 69.7, "median_days_to_compliance": 673}}, {"type": "Feature", "geometry": {"bbox": [-83.273124, 42.326993, -83.252167, 42.342034000000005], "type": "Polygon", "coordinates": [[[-83.273124, 42.341416], [-83.264045, 42.341691], [-83.253623, 42.341893], [-83.252167, 42.342034000000005], [-83.252477, 42.340193], [-83.258208, 42.339654], [-83.259641, 42.338898], [-83.260188, 42.338178000000006], [-83.261526, 42.336184], [-83.261669, 42.327044], [-83.26472, 42.327149], [-83.268728, 42.327024], [-83.271157, 42.326993], [-83.2724, 42.327061], [-83.272786, 42.33422], [-83.272959, 42.337836], [-83.273124, 42.341416]]]}, "properties": {"GEOID": "26163571600", "tract_name": "5716", "total_n_nonNAP": null, "achieved_n": null, "reconveyed_n": null, "closed_n": null, "reconveyance_rate_pct": null, "in_progress_n": null, "at_risk_n": null, "at_risk_pct": null, "tax_delinquent_pct": null, "median_days_to_compliance": null}}, {"type": "Feature", "geometry": {"bbox": [-83.002079, 42.342614, -82.97202, 42.363058], "type": "Polygon", "coordinates": [[[-83.00042, 42.347868], [-82.994326, 42.351757], [-82.994025, 42.35195300000001], [-82.989604, 42.35490000000001], [-82.988993, 42.355379], [-82.984589, 42.358817], [-82.978884, 42.363058], [-82.973363, 42.355328], [-82.97202, 42.353359], [-82.977584, 42.350082], [-82.998566, 42.342614], [-83.002079, 42.347158], [-83.00042, 42.347868]]]}, "properties": {"GEOID": "26163515700", "tract_name": "5157", "total_n_nonNAP": 1, "achieved_n": 1, "reconveyed_n": 0, "closed_n": 1, "reconveyance_rate_pct": 0.0, "in_progress_n": 0, "at_risk_n": 0, "at_risk_pct": null, "tax_delinquent_pct": null, "median_days_to_compliance": 1014}}, {"type": "Feature", "geometry": {"bbox": [-83.008207, 42.33158814811, -82.953909, 42.353359], "type": "Polygon", "coordinates": [[[-83.008207, 42.335346], [-82.998566, 42.342614], [-82.977584, 42.350082], [-82.97202, 42.353359], [-82.96659308811171, 42.3528870205329], [-82.96705, 42.3524], [-82.962684, 42.349655], [-82.954311, 42.34891], [-82.953909, 42.34692600000001], [-82.959763, 42.34003], [-82.988619, 42.332439], [-83.0080353929919, 42.33158814811], [-83.008207, 42.335346]]]}, "properties": {"GEOID": "26163985500", "tract_name": "9855", "total_n_nonNAP": null, "achieved_n": null, "reconveyed_n": null, "closed_n": null, "reconveyance_rate_pct": null, "in_progress_n": null, "at_risk_n": null, "at_risk_pct": null, "tax_delinquent_pct": null, "median_days_to_compliance": null}}, {"type": "Feature", "geometry": {"bbox": [-83.092487, 42.3084160358432, -83.073211, 42.328136], "type": "Polygon", "coordinates": [[[-83.092487, 42.32734], [-83.086101, 42.328136], [-83.080869, 42.327895], [-83.074717, 42.326434], [-83.076038, 42.32604], [-83.073211, 42.321035], [-83.073494, 42.3195], [-83.077978, 42.317571], [-83.075635, 42.31434900000001], [-83.073484720076, 42.3110303355601], [-83.078207, 42.308565], [-83.0783907869466, 42.3084160358432], [-83.080346, 42.311143], [-83.081432, 42.312658], [-83.082851, 42.314641], [-83.084469, 42.316559000000005], [-83.089233, 42.322861], [-83.089615, 42.323287], [-83.091481, 42.325914], [-83.092487, 42.32734]]]}, "properties": {"GEOID": "26163521100", "tract_name": "5211", "total_n_nonNAP": 6, "achieved_n": 6, "reconveyed_n": 0, "closed_n": 6, "reconveyance_rate_pct": 0.0, "in_progress_n": 0, "at_risk_n": 0, "at_risk_pct": null, "tax_delinquent_pct": null, "median_days_to_compliance": 1047.0}}, {"type": "Feature", "geometry": {"bbox": [-83.086576, 42.326434, -83.060516, 42.335438], "type": "Polygon", "coordinates": [[[-83.086491, 42.330169], [-83.085186, 42.332029], [-83.08397, 42.332621], [-83.0823, 42.33293], [-83.07716800000001, 42.332529], [-83.075463, 42.332742], [-83.068662, 42.334477], [-83.064266, 42.335438], [-83.064187, 42.335275], [-83.061655, 42.332003], [-83.06118500000001, 42.331586], [-83.061415, 42.331576], [-83.061888, 42.331549], [-83.060516, 42.329507], [-83.06426400000001, 42.327889], [-83.069189, 42.326845], [-83.069822, 42.327955], [-83.074717, 42.326434], [-83.080869, 42.327895], [-83.086101, 42.328136], [-83.086576, 42.329493], [-83.086491, 42.330169]]]}, "properties": {"GEOID": "26163521400", "tract_name": "5214", "total_n_nonNAP": null, "achieved_n": null, "reconveyed_n": null, "closed_n": null, "reconveyance_rate_pct": null, "in_progress_n": null, "at_risk_n": null, "at_risk_pct": null, "tax_delinquent_pct": null, "median_days_to_compliance": null}}, {"type": "Feature", "geometry": {"bbox": [-83.041344, 42.335795000000005, -83.030395, 42.347216], "type": "Polygon", "coordinates": [[[-83.041344, 42.340161], [-83.035904, 42.347216], [-83.034732, 42.345362], [-83.032951, 42.34269], [-83.030395, 42.339035], [-83.032877, 42.337966], [-83.03783000000001, 42.335795000000005], [-83.038844, 42.337378], [-83.040083, 42.339093], [-83.041344, 42.340161]]]}, "properties": {"GEOID": "26163517000", "tract_name": "5170", "total_n_nonNAP": null, "achieved_n": null, "reconveyed_n": null, "closed_n": null, "reconveyance_rate_pct": null, "in_progress_n": null, "at_risk_n": null, "at_risk_pct": null, "tax_delinquent_pct": null, "median_days_to_compliance": null}}, {"type": "Feature", "geometry": {"bbox": [-83.15668, 42.31963, -83.131368, 42.332315], "type": "Polygon", "coordinates": [[[-83.15668, 42.328731], [-83.150949, 42.330049], [-83.145036, 42.331258], [-83.138412, 42.332315], [-83.137597, 42.331102], [-83.132121, 42.32343], [-83.131368, 42.322383], [-83.135028, 42.321448], [-83.137602, 42.321], [-83.147038, 42.31963], [-83.153209, 42.328087], [-83.156551, 42.32724], [-83.15668, 42.328731]]]}, "properties": {"GEOID": "26163526000", "tract_name": "5260", "total_n_nonNAP": 9, "achieved_n": 8, "reconveyed_n": 1, "closed_n": 9, "reconveyance_rate_pct": 11.1, "in_progress_n": 0, "at_risk_n": 0, "at_risk_pct": null, "tax_delinquent_pct": null, "median_days_to_compliance": 454.0}}, {"type": "Feature", "geometry": {"bbox": [-83.15142600000001, 42.351877, -83.135703, 42.373468], "type": "Polygon", "coordinates": [[[-83.15142600000001, 42.371367], [-83.15072, 42.373468], [-83.14497100000001, 42.371153], [-83.143197, 42.3693], [-83.138751, 42.367398], [-83.138592, 42.363977], [-83.13839300000001, 42.35937], [-83.138258, 42.356328], [-83.138182, 42.355511], [-83.135703, 42.352072], [-83.139997, 42.35207], [-83.142798, 42.352014], [-83.143905, 42.351992], [-83.147736, 42.351916], [-83.149623, 42.351877], [-83.150059, 42.359114], [-83.149617, 42.359123], [-83.14991300000001, 42.366343], [-83.15122, 42.366316], [-83.15142600000001, 42.371367]]]}, "properties": {"GEOID": "26163534800", "tract_name": "5348", "total_n_nonNAP": 208, "achieved_n": 165, "reconveyed_n": 20, "closed_n": 185, "reconveyance_rate_pct": 10.8, "in_progress_n": 23, "at_risk_n": 5, "at_risk_pct": 21.7, "tax_delinquent_pct": 39.1, "median_days_to_compliance": 678}}, {"type": "Feature", "geometry": {"bbox": [-83.12976000000002, 42.340323, -83.098991, 42.356125], "type": "Polygon", "coordinates": [[[-83.125659, 42.351882], [-83.122661, 42.35183], [-83.119351, 42.353074], [-83.112482, 42.355685], [-83.110799, 42.356125], [-83.103828, 42.353533], [-83.102094, 42.352653], [-83.100549, 42.351644], [-83.098991, 42.350137000000004], [-83.109434, 42.346607], [-83.111164, 42.345771], [-83.112929, 42.344702], [-83.115125, 42.343028], [-83.118361, 42.340323], [-83.120643, 42.34351], [-83.123377, 42.34242100000001], [-83.124861, 42.34448], [-83.12976000000002, 42.35196], [-83.125659, 42.351882]]]}, "properties": {"GEOID": "26163527900", "tract_name": "5279", "total_n_nonNAP": 253, "achieved_n": 181, "reconveyed_n": 28, "closed_n": 209, "reconveyance_rate_pct": 13.4, "in_progress_n": 44, "at_risk_n": 9, "at_risk_pct": 20.5, "tax_delinquent_pct": 52.3, "median_days_to_compliance": 722}}, {"type": "Feature", "geometry": {"bbox": [-83.023962, 42.355026, -83.008858, 42.372728], "type": "Polygon", "coordinates": [[[-83.023962, 42.364836], [-83.018738, 42.372728], [-83.01324, 42.364348], [-83.010434, 42.360109], [-83.008858, 42.357718000000006], [-83.013347, 42.356097], [-83.017474, 42.355026], [-83.021613, 42.361291], [-83.023962, 42.364836]]]}, "properties": {"GEOID": "26163519300", "tract_name": "5193", "total_n_nonNAP": 50, "achieved_n": 34, "reconveyed_n": 11, "closed_n": 45, "reconveyance_rate_pct": 24.4, "in_progress_n": 5, "at_risk_n": 2, "at_risk_pct": 40.0, "tax_delinquent_pct": 60.0, "median_days_to_compliance": 883.5}}, {"type": "Feature", "geometry": {"bbox": [-83.30432300000001, 42.093443, -83.255333, 42.116516], "type": "Polygon", "coordinates": [[[-83.30432300000001, 42.115992], [-83.290168, 42.116205], [-83.280612, 42.116322], [-83.265396, 42.116494], [-83.25649, 42.116511], [-83.255526, 42.116516], [-83.255472, 42.114939], [-83.255333, 42.10922], [-83.256683, 42.109194], [-83.260193, 42.109145], [-83.259871, 42.09481], [-83.275102, 42.094566], [-83.27718, 42.094534], [-83.288451, 42.094386], [-83.289618, 42.093443], [-83.293735, 42.096298], [-83.29526800000001, 42.094243], [-83.303606, 42.094245], [-83.303885, 42.094241], [-83.303939, 42.096291], [-83.304183, 42.104075], [-83.30419, 42.107305000000004], [-83.30432300000001, 42.115992]]]}, "properties": {"GEOID": "26163599001", "tract_name": "5990.01", "total_n_nonNAP": null, "achieved_n": null, "reconveyed_n": null, "closed_n": null, "reconveyance_rate_pct": null, "in_progress_n": null, "at_risk_n": null, "at_risk_pct": null, "tax_delinquent_pct": null, "median_days_to_compliance": null}}, {"type": "Feature", "geometry": {"bbox": [-83.201234, 42.112213, -83.17687, 42.135965], "type": "Polygon", "coordinates": [[[-83.201234, 42.112213], [-83.189351, 42.125292], [-83.188482, 42.126787], [-83.197182, 42.126733], [-83.188759, 42.135965], [-83.185296, 42.135171], [-83.186927, 42.130372], [-83.185415, 42.130112], [-83.185566, 42.127939], [-83.17687, 42.12744], [-83.17922, 42.112658], [-83.193243, 42.11236900000001], [-83.201234, 42.112213]]]}, "properties": {"GEOID": "26163982301", "tract_name": "9823.01", "total_n_nonNAP": null, "achieved_n": null, "reconveyed_n": null, "closed_n": null, "reconveyance_rate_pct": null, "in_progress_n": null, "at_risk_n": null, "at_risk_pct": null, "tax_delinquent_pct": null, "median_days_to_compliance": null}}, {"type": "Feature", "geometry": {"bbox": [-83.383279, 42.115698, -83.351401, 42.150123], "type": "Polygon", "coordinates": [[[-83.383279, 42.150123], [-83.370703, 42.149962], [-83.37187, 42.146473], [-83.371022, 42.145937], [-83.366626, 42.145235], [-83.36610100000001, 42.143855], [-83.364586, 42.144539], [-83.36406400000001, 42.143531], [-83.365025, 42.140853], [-83.367253, 42.139863], [-83.367603, 42.137886], [-83.366274, 42.138255], [-83.36666, 42.134792], [-83.36498, 42.133128], [-83.363087, 42.132579], [-83.361043, 42.13146], [-83.360092, 42.128936], [-83.36054, 42.12462], [-83.358242, 42.122477], [-83.356162, 42.122535], [-83.354322, 42.124411], [-83.351635, 42.123018], [-83.351401, 42.119506], [-83.35644, 42.11775], [-83.35664, 42.11626], [-83.35808600000001, 42.115698], [-83.358312, 42.116413], [-83.36172200000001, 42.116847], [-83.377778, 42.116741], [-83.378431, 42.119556], [-83.380448, 42.124698], [-83.381339, 42.127933], [-83.381692, 42.13723900000001], [-83.382314, 42.143172], [-83.38264700000002, 42.147672], [-83.383279, 42.150123]]]}, "properties": {"GEOID": "26163986200", "tract_name": "9862", "total_n_nonNAP": null, "achieved_n": null, "reconveyed_n": null, "closed_n": null, "reconveyance_rate_pct": null, "in_progress_n": null, "at_risk_n": null, "at_risk_pct": null, "tax_delinquent_pct": null, "median_days_to_compliance": null}}, {"type": "Feature", "geometry": {"bbox": [-83.306262, 42.181282, -83.286823, 42.197027000000006], "type": "Polygon", "coordinates": [[[-83.306262, 42.188343], [-83.298686, 42.188579000000004], [-83.296195, 42.18918600000001], [-83.295445, 42.189245], [-83.295492, 42.191093], [-83.295611, 42.196795], [-83.287217, 42.197027000000006], [-83.286964, 42.189838], [-83.286823, 42.182535], [-83.295785, 42.18194], [-83.296795, 42.181873], [-83.306022, 42.181282], [-83.306259, 42.18811], [-83.306262, 42.188343]]]}, "properties": {"GEOID": "26163584802", "tract_name": "5848.02", "total_n_nonNAP": null, "achieved_n": null, "reconveyed_n": null, "closed_n": null, "reconveyance_rate_pct": null, "in_progress_n": null, "at_risk_n": null, "at_risk_pct": null, "tax_delinquent_pct": null, "median_days_to_compliance": null}}, {"type": "Feature", "geometry": {"bbox": [-83.268489, 42.197569, -83.228713, 42.213078], "type": "Polygon", "coordinates": [[[-83.268489, 42.211978], [-83.25393, 42.212388], [-83.248496, 42.212565], [-83.24836, 42.212569], [-83.22919700000001, 42.213078], [-83.228995, 42.207896], [-83.228905, 42.205869], [-83.228713, 42.19867], [-83.23344100000001, 42.198509], [-83.248151, 42.198035], [-83.248399, 42.20552], [-83.255696, 42.20511], [-83.25796, 42.202307], [-83.258174, 42.201804], [-83.258074, 42.197783], [-83.267756, 42.197569], [-83.268206, 42.203107], [-83.268489, 42.211978]]]}, "properties": {"GEOID": "26163584501", "tract_name": "5845.01", "total_n_nonNAP": null, "achieved_n": null, "reconveyed_n": null, "closed_n": null, "reconveyance_rate_pct": null, "in_progress_n": null, "at_risk_n": null, "at_risk_pct": null, "tax_delinquent_pct": null, "median_days_to_compliance": null}}, {"type": "Feature", "geometry": {"bbox": [-83.206917, 42.283831, -83.184205, 42.30097], "type": "Polygon", "coordinates": [[[-83.205497, 42.29163], [-83.204772, 42.292925], [-83.20472000000001, 42.296146], [-83.206197, 42.298412], [-83.206028, 42.298478], [-83.200714, 42.300524], [-83.199592, 42.30097], [-83.188994, 42.295128], [-83.187588, 42.295], [-83.184205, 42.294949], [-83.18820700000002, 42.290117], [-83.193414, 42.283831], [-83.206917, 42.289947], [-83.205497, 42.29163]]]}, "properties": {"GEOID": "26163981901", "tract_name": "9819.01", "total_n_nonNAP": null, "achieved_n": null, "reconveyed_n": null, "closed_n": null, "reconveyance_rate_pct": null, "in_progress_n": null, "at_risk_n": null, "at_risk_pct": null, "tax_delinquent_pct": null, "median_days_to_compliance": null}}, {"type": "Feature", "geometry": {"bbox": [-83.265656, 42.341691, -83.253623, 42.357073], "type": "Polygon", "coordinates": [[[-83.265246, 42.357065], [-83.26499, 42.357073], [-83.264777, 42.35507200000001], [-83.262796, 42.354987], [-83.256272, 42.349392], [-83.254247, 42.347611], [-83.253623, 42.341893], [-83.264045, 42.341691], [-83.26425, 42.342795], [-83.264864, 42.34893], [-83.265144, 42.35173], [-83.265656, 42.357055], [-83.265246, 42.357065]]]}, "properties": {"GEOID": "26163546201", "tract_name": "5462.01", "total_n_nonNAP": 8, "achieved_n": 8, "reconveyed_n": 0, "closed_n": 8, "reconveyance_rate_pct": 0.0, "in_progress_n": 0, "at_risk_n": 0, "at_risk_pct": null, "tax_delinquent_pct": null, "median_days_to_compliance": 394.0}}, {"type": "Feature", "geometry": {"bbox": [-83.246411, 42.364559, -83.236039, 42.378999], "type": "Polygon", "coordinates": [[[-83.246411, 42.378981], [-83.238349, 42.378999], [-83.23655900000001, 42.378718], [-83.236257, 42.371891], [-83.236039, 42.364704], [-83.240995, 42.364622], [-83.245947, 42.364559], [-83.246228, 42.371829], [-83.246411, 42.378981]]]}, "properties": {"GEOID": "26163547000", "tract_name": "5470", "total_n_nonNAP": 38, "achieved_n": 27, "reconveyed_n": 5, "closed_n": 32, "reconveyance_rate_pct": 15.6, "in_progress_n": 6, "at_risk_n": 2, "at_risk_pct": 33.3, "tax_delinquent_pct": 50.0, "median_days_to_compliance": 538}}, {"type": "Feature", "geometry": {"bbox": [-83.044356, 42.379279, -83.020176, 42.419506], "type": "Polygon", "coordinates": [[[-83.042302, 42.390214], [-83.04237500000002, 42.393127], [-83.042468, 42.397427], [-83.038759, 42.401783], [-83.037889, 42.401634], [-83.038074, 42.404319], [-83.040274, 42.406291], [-83.038036, 42.409288], [-83.038125, 42.411973], [-83.038216, 42.415572], [-83.038339, 42.419169], [-83.023713, 42.419506], [-83.023, 42.40095300000001], [-83.02269, 42.393428], [-83.022681, 42.393224], [-83.022395, 42.389468], [-83.020176, 42.386277], [-83.021752, 42.38583], [-83.026359, 42.384908], [-83.029624, 42.383702], [-83.033876, 42.379279], [-83.034676, 42.379867], [-83.039167, 42.385984], [-83.044356, 42.390181], [-83.042302, 42.390214]]]}, "properties": {"GEOID": "26163505800", "tract_name": "5058", "total_n_nonNAP": 137, "achieved_n": 113, "reconveyed_n": 5, "closed_n": 118, "reconveyance_rate_pct": 4.2, "in_progress_n": 19, "at_risk_n": 5, "at_risk_pct": 26.3, "tax_delinquent_pct": 36.8, "median_days_to_compliance": 587}}, {"type": "Feature", "geometry": {"bbox": [-83.510997, 42.394073, -83.468868, 42.410652], "type": "Polygon", "coordinates": [[[-83.510997, 42.408649], [-83.492069, 42.409993], [-83.482297, 42.410275], [-83.472762, 42.410538], [-83.471927, 42.410652], [-83.469752, 42.405153], [-83.47104, 42.400947], [-83.46913, 42.399638], [-83.468868, 42.396067], [-83.469562, 42.396103000000004], [-83.481593, 42.395722], [-83.491528, 42.395437], [-83.510254, 42.394073], [-83.510555, 42.401401], [-83.510997, 42.408649]]]}, "properties": {"GEOID": "26163561302", "tract_name": "5613.02", "total_n_nonNAP": null, "achieved_n": null, "reconveyed_n": null, "closed_n": null, "reconveyance_rate_pct": null, "in_progress_n": null, "at_risk_n": null, "at_risk_pct": null, "tax_delinquent_pct": null, "median_days_to_compliance": null}}, {"type": "Feature", "geometry": {"bbox": [-83.143851, 42.305252, -83.124314, 42.318909], "type": "Polygon", "coordinates": [[[-83.143851, 42.318659], [-83.141639, 42.318909], [-83.137882, 42.313904], [-83.134594, 42.31648], [-83.131582, 42.317021], [-83.128734, 42.317368], [-83.127584, 42.317154], [-83.124314, 42.312636], [-83.127468, 42.311336], [-83.132564, 42.309262], [-83.136039, 42.307853], [-83.142438, 42.305252], [-83.139717, 42.308662], [-83.14078, 42.311008], [-83.143448, 42.31469], [-83.141954, 42.315205], [-83.143851, 42.318659]]]}, "properties": {"GEOID": "26163524101", "tract_name": "5241.01", "total_n_nonNAP": 26, "achieved_n": 22, "reconveyed_n": 2, "closed_n": 24, "reconveyance_rate_pct": 8.3, "in_progress_n": 2, "at_risk_n": 0, "at_risk_pct": 0.0, "tax_delinquent_pct": 0.0, "median_days_to_compliance": 711.0}}, {"type": "Feature", "geometry": {"bbox": [-83.102278, 42.379716, -83.081738, 42.393102], "type": "Polygon", "coordinates": [[[-83.102278, 42.388084], [-83.097727, 42.389843], [-83.088665, 42.393102], [-83.085636, 42.388605], [-83.081738, 42.382815], [-83.090225, 42.379716], [-83.092342, 42.38159], [-83.098701, 42.383864], [-83.099555, 42.384482], [-83.100401, 42.385317], [-83.102278, 42.388084]]]}, "properties": {"GEOID": "26163532100", "tract_name": "5321", "total_n_nonNAP": 51, "achieved_n": 41, "reconveyed_n": 9, "closed_n": 50, "reconveyance_rate_pct": 18.0, "in_progress_n": 1, "at_risk_n": 0, "at_risk_pct": 0.0, "tax_delinquent_pct": 100.0, "median_days_to_compliance": 779.5}}, {"type": "Feature", "geometry": {"bbox": [-83.474448, 42.428069, -83.457085, 42.438103], "type": "Polygon", "coordinates": [[[-83.474448, 42.435887], [-83.473957, 42.437652], [-83.47388700000002, 42.437654], [-83.464412, 42.437978], [-83.46021, 42.438103], [-83.460547, 42.437102], [-83.459302, 42.435396], [-83.457085, 42.434323], [-83.457877, 42.432198], [-83.46298, 42.43175], [-83.464534, 42.430731], [-83.46355, 42.429063], [-83.464707, 42.428069], [-83.469668, 42.428466], [-83.469436, 42.430362], [-83.470688, 42.430337], [-83.474156, 42.430382], [-83.474448, 42.435887]]]}, "properties": {"GEOID": "26163560201", "tract_name": "5602.01", "total_n_nonNAP": null, "achieved_n": null, "reconveyed_n": null, "closed_n": null, "reconveyance_rate_pct": null, "in_progress_n": null, "at_risk_n": null, "at_risk_pct": null, "tax_delinquent_pct": null, "median_days_to_compliance": null}}, {"type": "Feature", "geometry": {"bbox": [-83.444181, 42.268729, -83.42679, 42.308981], "type": "Polygon", "coordinates": [[[-83.443885, 42.293876], [-83.442896, 42.304291], [-83.442875, 42.308602], [-83.436095, 42.308758], [-83.428283, 42.308981], [-83.427931, 42.300203], [-83.42770500000002, 42.294586], [-83.427436, 42.287465], [-83.427112, 42.279204], [-83.42679, 42.271163], [-83.441138, 42.268729], [-83.441751, 42.280053], [-83.441947, 42.281196], [-83.443011, 42.284226], [-83.443813, 42.286611], [-83.444181, 42.288492], [-83.443885, 42.293876]]]}, "properties": {"GEOID": "26163565001", "tract_name": "5650.01", "total_n_nonNAP": null, "achieved_n": null, "reconveyed_n": null, "closed_n": null, "reconveyance_rate_pct": null, "in_progress_n": null, "at_risk_n": null, "at_risk_pct": null, "tax_delinquent_pct": null, "median_days_to_compliance": null}}, {"type": "Feature", "geometry": {"bbox": [-83.35808600000001, 42.095031, -83.303939, 42.117333], "type": "Polygon", "coordinates": [[[-83.35808600000001, 42.115698], [-83.35664, 42.11626], [-83.354211, 42.114484], [-83.351267, 42.114263], [-83.34632, 42.11529], [-83.343893, 42.116923], [-83.34197, 42.117333], [-83.34027500000002, 42.116673], [-83.33936, 42.114467], [-83.339969, 42.11244], [-83.336802, 42.109954], [-83.333369, 42.109335], [-83.329821, 42.11035], [-83.328041, 42.111782], [-83.325014, 42.112308], [-83.322928, 42.111236], [-83.323988, 42.109563], [-83.322878, 42.109092], [-83.320234, 42.110483], [-83.318152, 42.108982], [-83.317985, 42.107827], [-83.317123, 42.106794], [-83.316672, 42.106691], [-83.316008, 42.106402], [-83.315362, 42.106565], [-83.314523, 42.106832], [-83.313004, 42.106807], [-83.313082, 42.10725], [-83.313145, 42.107472], [-83.311855, 42.107818], [-83.310705, 42.107943], [-83.310073, 42.107906], [-83.309779, 42.107244], [-83.309534, 42.106281], [-83.304183, 42.104075], [-83.303939, 42.096291], [-83.306795, 42.095031], [-83.308877, 42.097407], [-83.312281, 42.098458], [-83.318447, 42.101534], [-83.32988, 42.10192], [-83.334701, 42.102987], [-83.336886, 42.102485], [-83.345539, 42.102196], [-83.356813, 42.102529], [-83.357418, 42.106573], [-83.356808, 42.107501], [-83.35808600000001, 42.115698]]]}, "properties": {"GEOID": "26163986100", "tract_name": "9861", "total_n_nonNAP": null, "achieved_n": null, "reconveyed_n": null, "closed_n": null, "reconveyance_rate_pct": null, "in_progress_n": null, "at_risk_n": null, "at_risk_pct": null, "tax_delinquent_pct": null, "median_days_to_compliance": null}}, {"type": "Feature", "geometry": {"bbox": [-83.287217, 42.182535, -83.26674, 42.197569], "type": "Polygon", "coordinates": [[[-83.287217, 42.197027000000006], [-83.28232, 42.197163], [-83.267756, 42.197569], [-83.267575, 42.195815], [-83.266966, 42.194333], [-83.26674, 42.192883], [-83.267371, 42.188837], [-83.267242, 42.183466], [-83.286823, 42.182535], [-83.286964, 42.189838], [-83.287217, 42.197027000000006]]]}, "properties": {"GEOID": "26163584700", "tract_name": "5847", "total_n_nonNAP": null, "achieved_n": null, "reconveyed_n": null, "closed_n": null, "reconveyance_rate_pct": null, "in_progress_n": null, "at_risk_n": null, "at_risk_pct": null, "tax_delinquent_pct": null, "median_days_to_compliance": null}}, {"type": "Feature", "geometry": {"bbox": [-83.177496, 42.351284, -83.157525, 42.358887], "type": "Polygon", "coordinates": [[[-83.177496, 42.358547], [-83.17629, 42.358573], [-83.175049, 42.358596], [-83.172626, 42.358643], [-83.167727, 42.358734], [-83.164097, 42.358716], [-83.157963, 42.358887], [-83.157525, 42.351716], [-83.167393, 42.351499], [-83.177184, 42.351284], [-83.177496, 42.358547]]]}, "properties": {"GEOID": "26163535600", "tract_name": "5356", "total_n_nonNAP": 19, "achieved_n": 18, "reconveyed_n": 1, "closed_n": 19, "reconveyance_rate_pct": 5.3, "in_progress_n": 0, "at_risk_n": 0, "at_risk_pct": null, "tax_delinquent_pct": null, "median_days_to_compliance": 411.0}}, {"type": "Feature", "geometry": {"bbox": [-83.161635, 42.234228, -83.14726600000002, 42.255192], "type": "Polygon", "coordinates": [[[-83.161052, 42.25496], [-83.160859, 42.255192], [-83.15966200000001, 42.254326], [-83.158826, 42.253839], [-83.155754, 42.252213], [-83.151102, 42.250409], [-83.149132, 42.249639], [-83.14726600000002, 42.249143], [-83.149326, 42.242497], [-83.151837, 42.234642], [-83.155203, 42.234228], [-83.155671, 42.234233], [-83.160933, 42.23623], [-83.16124, 42.237234], [-83.160493, 42.239454], [-83.15905200000002, 42.243155], [-83.159522, 42.245019], [-83.159075, 42.247934], [-83.1583, 42.24914400000001], [-83.157763, 42.251525], [-83.158936, 42.252988], [-83.161635, 42.254253], [-83.161052, 42.25496]]]}, "properties": {"GEOID": "26163579700", "tract_name": "5797", "total_n_nonNAP": null, "achieved_n": null, "reconveyed_n": null, "closed_n": null, "reconveyance_rate_pct": null, "in_progress_n": null, "at_risk_n": null, "at_risk_pct": null, "tax_delinquent_pct": null, "median_days_to_compliance": null}}, {"type": "Feature", "geometry": {"bbox": [-83.181483, 42.221199, -83.16484, 42.229292], "type": "Polygon", "coordinates": [[[-83.181483, 42.225337], [-83.181086, 42.228869], [-83.174227, 42.229048], [-83.166863, 42.229267], [-83.16484, 42.229292], [-83.165286, 42.226563], [-83.168872, 42.223324], [-83.170636, 42.222874], [-83.171144, 42.222536], [-83.174433, 42.221199], [-83.177009, 42.221335], [-83.181011, 42.222903], [-83.181464, 42.223071], [-83.181483, 42.225337]]]}, "properties": {"GEOID": "26163578000", "tract_name": "5780", "total_n_nonNAP": null, "achieved_n": null, "reconveyed_n": null, "closed_n": null, "reconveyance_rate_pct": null, "in_progress_n": null, "at_risk_n": null, "at_risk_pct": null, "tax_delinquent_pct": null, "median_days_to_compliance": null}}, {"type": "Feature", "geometry": {"bbox": [-83.090225, 42.374053, -83.07794, 42.382815], "type": "Polygon", "coordinates": [[[-83.090225, 42.379716], [-83.081738, 42.382815], [-83.080593, 42.381113], [-83.07794, 42.377169], [-83.086363, 42.374053], [-83.090225, 42.379716]]]}, "properties": {"GEOID": "26163532400", "tract_name": "5324", "total_n_nonNAP": 23, "achieved_n": 14, "reconveyed_n": 7, "closed_n": 21, "reconveyance_rate_pct": 33.3, "in_progress_n": 2, "at_risk_n": 0, "at_risk_pct": 0.0, "tax_delinquent_pct": 0.0, "median_days_to_compliance": 718.0}}, {"type": "Feature", "geometry": {"bbox": [-83.479152, 42.410652, -83.432424, 42.424934], "type": "Polygon", "coordinates": [[[-83.479152, 42.424193], [-83.474005, 42.42434900000001], [-83.473331, 42.424295], [-83.462637, 42.423709], [-83.459838, 42.423754], [-83.452312, 42.423897], [-83.445294, 42.424105], [-83.433085, 42.424934], [-83.432736, 42.418045], [-83.432424, 42.410658], [-83.44650300000002, 42.411064], [-83.451887, 42.411076], [-83.454569, 42.411009], [-83.460911, 42.410838], [-83.467139, 42.411808], [-83.468729, 42.411463], [-83.471927, 42.410652], [-83.472955, 42.413826], [-83.47664, 42.415091], [-83.477917, 42.416036], [-83.478289, 42.421734], [-83.479152, 42.424193]]]}, "properties": {"GEOID": "26163560300", "tract_name": "5603", "total_n_nonNAP": null, "achieved_n": null, "reconveyed_n": null, "closed_n": null, "reconveyance_rate_pct": null, "in_progress_n": null, "at_risk_n": null, "at_risk_pct": null, "tax_delinquent_pct": null, "median_days_to_compliance": null}}, {"type": "Feature", "geometry": {"bbox": [-83.466465, 42.36452, -83.445521, 42.384451], "type": "Polygon", "coordinates": [[[-83.465639, 42.380759], [-83.465791, 42.384198], [-83.456045, 42.384451], [-83.455826, 42.376339], [-83.453115, 42.374823], [-83.45276, 42.375817], [-83.445663, 42.374551], [-83.445521, 42.371745], [-83.449682, 42.371624000000004], [-83.449735, 42.370754], [-83.452559, 42.37101], [-83.452533, 42.368592], [-83.455847, 42.369606], [-83.456153, 42.370942], [-83.457647, 42.371431], [-83.457436, 42.364528], [-83.458366, 42.36452], [-83.460067, 42.36655], [-83.461179, 42.368277], [-83.464001, 42.374818], [-83.466465, 42.380792], [-83.465639, 42.380759]]]}, "properties": {"GEOID": "26163562500", "tract_name": "5625", "total_n_nonNAP": null, "achieved_n": null, "reconveyed_n": null, "closed_n": null, "reconveyance_rate_pct": null, "in_progress_n": null, "at_risk_n": null, "at_risk_pct": null, "tax_delinquent_pct": null, "median_days_to_compliance": null}}, {"type": "Feature", "geometry": {"bbox": [-83.064284, 42.399806, -83.052675, 42.408981], "type": "Polygon", "coordinates": [[[-83.062927, 42.406834], [-83.060696, 42.407651], [-83.057071, 42.408981], [-83.056917, 42.40875200000001], [-83.054023, 42.40444], [-83.052675, 42.402435], [-83.056316, 42.401095], [-83.059842, 42.399806], [-83.061642, 42.402369], [-83.064284, 42.406334], [-83.062927, 42.406834]]]}, "properties": {"GEOID": "26163552000", "tract_name": "5520", "total_n_nonNAP": null, "achieved_n": null, "reconveyed_n": null, "closed_n": null, "reconveyance_rate_pct": null, "in_progress_n": null, "at_risk_n": null, "at_risk_pct": null, "tax_delinquent_pct": null, "median_days_to_compliance": null}}, {"type": "Feature", "geometry": {"bbox": [-83.547548, 42.320317, -83.507227, 42.350486], "type": "Polygon", "coordinates": [[[-83.547548, 42.349217], [-83.541562, 42.34954], [-83.540117, 42.34978], [-83.539139, 42.349673], [-83.52815, 42.350043], [-83.50828300000002, 42.350486], [-83.508139, 42.34153], [-83.508019, 42.335929], [-83.507609, 42.328673], [-83.507227, 42.320891], [-83.527115, 42.320848000000005], [-83.546152, 42.320317], [-83.546481, 42.327576], [-83.547548, 42.349217]]]}, "properties": {"GEOID": "26163564401", "tract_name": "5644.01", "total_n_nonNAP": null, "achieved_n": null, "reconveyed_n": null, "closed_n": null, "reconveyance_rate_pct": null, "in_progress_n": null, "at_risk_n": null, "at_risk_pct": null, "tax_delinquent_pct": null, "median_days_to_compliance": null}}, {"type": "Feature", "geometry": {"bbox": [-82.922399, 42.379297204779, -82.9058707756708, 42.398926], "type": "Polygon", "coordinates": [[[-82.921867, 42.395172], [-82.919118, 42.398926], [-82.913872, 42.390967], [-82.908925, 42.383448], [-82.907649, 42.383971], [-82.9058707756708, 42.3813296822145], [-82.9117550584205, 42.379297204779], [-82.912736, 42.38087], [-82.913632, 42.381526], [-82.918711, 42.389231], [-82.922399, 42.394829], [-82.921867, 42.395172]]]}, "properties": {"GEOID": "26163550400", "tract_name": "5504", "total_n_nonNAP": null, "achieved_n": null, "reconveyed_n": null, "closed_n": null, "reconveyance_rate_pct": null, "in_progress_n": null, "at_risk_n": null, "at_risk_pct": null, "tax_delinquent_pct": null, "median_days_to_compliance": null}}, {"type": "Feature", "geometry": {"bbox": [-83.235953, 42.350334, -83.216446, 42.357845], "type": "Polygon", "coordinates": [[[-83.235953, 42.357573], [-83.226212, 42.357709], [-83.216581, 42.357845], [-83.216446, 42.350616], [-83.225932, 42.350473], [-83.235652, 42.350334], [-83.235953, 42.357573]]]}, "properties": {"GEOID": "26163546000", "tract_name": "5460", "total_n_nonNAP": 76, "achieved_n": 59, "reconveyed_n": 6, "closed_n": 65, "reconveyance_rate_pct": 9.2, "in_progress_n": 11, "at_risk_n": 2, "at_risk_pct": 18.2, "tax_delinquent_pct": 36.4, "median_days_to_compliance": 518}}, {"type": "Feature", "geometry": {"bbox": [-83.068815, 42.356785, -83.054241, 42.368497], "type": "Polygon", "coordinates": [[[-83.066768, 42.364598], [-83.063257, 42.36611], [-83.060086, 42.367338], [-83.058144, 42.368369], [-83.057919, 42.368497], [-83.054365, 42.361004], [-83.054241, 42.36083500000001], [-83.058689, 42.359204], [-83.062088, 42.357591], [-83.064287, 42.356785], [-83.068815, 42.363601], [-83.066768, 42.364598]]]}, "properties": {"GEOID": "26163518000", "tract_name": "5180", "total_n_nonNAP": null, "achieved_n": null, "reconveyed_n": null, "closed_n": null, "reconveyance_rate_pct": null, "in_progress_n": null, "at_risk_n": null, "at_risk_pct": null, "tax_delinquent_pct": null, "median_days_to_compliance": null}}, {"type": "Feature", "geometry": {"bbox": [-83.242947, 42.39341, -83.232358, 42.408041], "type": "Polygon", "coordinates": [[[-83.242947, 42.407781], [-83.237743, 42.407896], [-83.236547, 42.408041], [-83.232589, 42.406449], [-83.232883, 42.406007], [-83.232611, 42.400771], [-83.232358, 42.395825], [-83.237231, 42.395796], [-83.237138, 42.393478], [-83.240277, 42.39341], [-83.240562, 42.40062], [-83.24268, 42.400586], [-83.242947, 42.407781]]]}, "properties": {"GEOID": "26163543400", "tract_name": "5434", "total_n_nonNAP": 37, "achieved_n": 29, "reconveyed_n": 4, "closed_n": 33, "reconveyance_rate_pct": 12.1, "in_progress_n": 4, "at_risk_n": 1, "at_risk_pct": 25.0, "tax_delinquent_pct": 25.0, "median_days_to_compliance": 602}}, {"type": "Feature", "geometry": {"bbox": [-83.216931, 42.372257, -83.19756, 42.379232], "type": "Polygon", "coordinates": [[[-83.216931, 42.378803], [-83.208637, 42.378986], [-83.198044, 42.379232], [-83.197991, 42.378243], [-83.197757, 42.377056], [-83.19756, 42.37256], [-83.20232900000002, 42.372495], [-83.205978, 42.372455], [-83.214434, 42.372294], [-83.216585, 42.372257], [-83.216873, 42.378245], [-83.216931, 42.378803]]]}, "properties": {"GEOID": "26163545100", "tract_name": "5451", "total_n_nonNAP": 119, "achieved_n": 66, "reconveyed_n": 31, "closed_n": 97, "reconveyance_rate_pct": 32.0, "in_progress_n": 22, "at_risk_n": 5, "at_risk_pct": 22.7, "tax_delinquent_pct": 50.0, "median_days_to_compliance": 578.0}}, {"type": "Feature", "geometry": {"bbox": [-83.205683, 42.199067, -83.193152, 42.212716], "type": "Polygon", "coordinates": [[[-83.205683, 42.202734], [-83.204651, 42.204568], [-83.202525, 42.206338], [-83.194881, 42.212716], [-83.193847, 42.212009], [-83.193372, 42.206517], [-83.193152, 42.199264], [-83.19962, 42.199154], [-83.202878, 42.19910500000001], [-83.205533, 42.199067], [-83.205683, 42.202734]]]}, "properties": {"GEOID": "26163581800", "tract_name": "5818", "total_n_nonNAP": null, "achieved_n": null, "reconveyed_n": null, "closed_n": null, "reconveyance_rate_pct": null, "in_progress_n": null, "at_risk_n": null, "at_risk_pct": null, "tax_delinquent_pct": null, "median_days_to_compliance": null}}, {"type": "Feature", "geometry": {"bbox": [-83.482797, 42.086879, -83.420622, 42.176654], "type": "Polygon", "coordinates": [[[-83.482797, 42.175547], [-83.46186, 42.175892], [-83.43520600000001, 42.176367], [-83.42307600000001, 42.176654], [-83.422803, 42.168463], [-83.422275, 42.154247], [-83.422062, 42.146595], [-83.421482, 42.124465], [-83.421263, 42.11713], [-83.420761, 42.093568], [-83.420622, 42.087777], [-83.479967, 42.086879], [-83.479117, 42.088829], [-83.479457, 42.101429], [-83.481023, 42.116149], [-83.481091, 42.120752], [-83.481194, 42.123395], [-83.48213, 42.145158], [-83.482797, 42.175547]]]}, "properties": {"GEOID": "26163589300", "tract_name": "5893", "total_n_nonNAP": null, "achieved_n": null, "reconveyed_n": null, "closed_n": null, "reconveyance_rate_pct": null, "in_progress_n": null, "at_risk_n": null, "at_risk_pct": null, "tax_delinquent_pct": null, "median_days_to_compliance": null}}, {"type": "Feature", "geometry": {"bbox": [-83.258292, 42.414736, -83.248952, 42.429309], "type": "Polygon", "coordinates": [[[-83.258292, 42.42912], [-83.249824, 42.429309], [-83.2495, 42.424251], [-83.2492, 42.418939], [-83.248952, 42.414887], [-83.253365, 42.414813], [-83.257478, 42.414736], [-83.257643, 42.416489], [-83.258104, 42.42131400000001], [-83.258292, 42.42912]]]}, "properties": {"GEOID": "26163541200", "tract_name": "5412", "total_n_nonNAP": 48, "achieved_n": 35, "reconveyed_n": 8, "closed_n": 43, "reconveyance_rate_pct": 18.6, "in_progress_n": 5, "at_risk_n": 1, "at_risk_pct": 20.0, "tax_delinquent_pct": 20.0, "median_days_to_compliance": 470}}, {"type": "Feature", "geometry": {"bbox": [-83.082457, 42.418432, -83.06361100000001, 42.423789], "type": "Polygon", "coordinates": [[[-83.082457, 42.423301], [-83.068061, 42.423466], [-83.067153, 42.423789], [-83.06361100000001, 42.418653], [-83.08225, 42.418432], [-83.082457, 42.423301]]]}, "properties": {"GEOID": "26163507200", "tract_name": "5072", "total_n_nonNAP": 135, "achieved_n": 73, "reconveyed_n": 28, "closed_n": 101, "reconveyance_rate_pct": 27.7, "in_progress_n": 34, "at_risk_n": 14, "at_risk_pct": 41.2, "tax_delinquent_pct": 50.0, "median_days_to_compliance": 635}}, {"type": "Feature", "geometry": {"bbox": [-83.21355400000002, 42.24262, -83.196851, 42.258969], "type": "Polygon", "coordinates": [[[-83.21355400000002, 42.246584], [-83.212689, 42.24814800000001], [-83.206533, 42.258969], [-83.201212, 42.257354], [-83.196851, 42.256031], [-83.20268300000001, 42.245926], [-83.20283, 42.245728], [-83.203834, 42.245488], [-83.204691, 42.243998], [-83.204641, 42.243001], [-83.213321, 42.24262], [-83.21355400000002, 42.246584]]]}, "properties": {"GEOID": "26163576500", "tract_name": "5765", "total_n_nonNAP": null, "achieved_n": null, "reconveyed_n": null, "closed_n": null, "reconveyance_rate_pct": null, "in_progress_n": null, "at_risk_n": null, "at_risk_pct": null, "tax_delinquent_pct": null, "median_days_to_compliance": null}}, {"type": "Feature", "geometry": {"bbox": [-83.193468, 42.184891, -83.179593, 42.199461], "type": "Polygon", "coordinates": [[[-83.193468, 42.197187], [-83.193152, 42.199264], [-83.184967, 42.199383], [-83.18003, 42.199461], [-83.179823, 42.192218], [-83.179879, 42.191589], [-83.179593, 42.185014], [-83.189317, 42.184896], [-83.189795, 42.184891], [-83.19272, 42.188593], [-83.193097, 42.189641], [-83.193283, 42.192034], [-83.193468, 42.197187]]]}, "properties": {"GEOID": "26163582000", "tract_name": "5820", "total_n_nonNAP": null, "achieved_n": null, "reconveyed_n": null, "closed_n": null, "reconveyance_rate_pct": null, "in_progress_n": null, "at_risk_n": null, "at_risk_pct": null, "tax_delinquent_pct": null, "median_days_to_compliance": null}}, {"type": "Feature", "geometry": {"bbox": [-83.161516, 42.438512, -83.141751, 42.446229], "type": "Polygon", "coordinates": [[[-83.161516, 42.44579400000001], [-83.151986, 42.446007], [-83.150944, 42.446031], [-83.147211, 42.446115], [-83.14206, 42.446229], [-83.141751, 42.438836], [-83.150679, 42.438688], [-83.150887, 42.438684], [-83.161215, 42.438512], [-83.161227, 42.438854], [-83.161516, 42.44579400000001]]]}, "properties": {"GEOID": "26163539000", "tract_name": "5390", "total_n_nonNAP": 58, "achieved_n": 54, "reconveyed_n": 2, "closed_n": 56, "reconveyance_rate_pct": 3.6, "in_progress_n": 2, "at_risk_n": 1, "at_risk_pct": 50.0, "tax_delinquent_pct": 50.0, "median_days_to_compliance": 418.5}}, {"type": "Feature", "geometry": {"bbox": [-83.058167, 42.433248, -83.038948, 42.440824], "type": "Polygon", "coordinates": [[[-83.058167, 42.440436], [-83.05364, 42.440519], [-83.049408, 42.440604], [-83.047275, 42.440649], [-83.039193, 42.440824], [-83.038948, 42.433682], [-83.047027, 42.433490000000006], [-83.047121, 42.433488], [-83.05332, 42.433344], [-83.057721, 42.433248], [-83.057885, 42.435811], [-83.058167, 42.440436]]]}, "properties": {"GEOID": "26163506600", "tract_name": "5066", "total_n_nonNAP": 187, "achieved_n": 113, "reconveyed_n": 44, "closed_n": 157, "reconveyance_rate_pct": 28.0, "in_progress_n": 30, "at_risk_n": 8, "at_risk_pct": 26.7, "tax_delinquent_pct": 46.7, "median_days_to_compliance": 656}}, {"type": "Feature", "geometry": {"bbox": [-83.250037, 42.241663, -83.230504, 42.249209], "type": "Polygon", "coordinates": [[[-83.250037, 42.248873], [-83.242815, 42.249001], [-83.236851, 42.249109], [-83.230864, 42.249209], [-83.230504, 42.242044], [-83.243651, 42.2418], [-83.249823, 42.241663], [-83.250037, 42.248873]]]}, "properties": {"GEOID": "26163583500", "tract_name": "5835", "total_n_nonNAP": null, "achieved_n": null, "reconveyed_n": null, "closed_n": null, "reconveyance_rate_pct": null, "in_progress_n": null, "at_risk_n": null, "at_risk_pct": null, "tax_delinquent_pct": null, "median_days_to_compliance": null}}, {"type": "Feature", "geometry": {"bbox": [-83.372246, 42.339000000000006, -83.349286, 42.354263], "type": "Polygon", "coordinates": [[[-83.372246, 42.352189], [-83.372017, 42.353804], [-83.371214, 42.35382], [-83.361779, 42.354016], [-83.361465, 42.354023], [-83.351774, 42.354263], [-83.351306, 42.347592], [-83.351212, 42.3468], [-83.349286, 42.341499], [-83.350144, 42.340054], [-83.350842, 42.339000000000006], [-83.352119, 42.339536], [-83.365508, 42.339338], [-83.365627, 42.341805], [-83.365807, 42.34521], [-83.36784, 42.345691], [-83.37141, 42.348648], [-83.37197, 42.349652], [-83.372182, 42.350973], [-83.372246, 42.352189]]]}, "properties": {"GEOID": "26163567300", "tract_name": "5673", "total_n_nonNAP": null, "achieved_n": null, "reconveyed_n": null, "closed_n": null, "reconveyance_rate_pct": null, "in_progress_n": null, "at_risk_n": null, "at_risk_pct": null, "tax_delinquent_pct": null, "median_days_to_compliance": null}}, {"type": "Feature", "geometry": {"bbox": [-83.169053, 42.38344, -83.148131, 42.395332], "type": "Polygon", "coordinates": [[[-83.169053, 42.395031], [-83.163205, 42.395155], [-83.162535, 42.395173], [-83.15935, 42.39524], [-83.15008900000001, 42.395323000000005], [-83.148983, 42.395332], [-83.148131, 42.391264], [-83.149202, 42.389686], [-83.149169, 42.386174], [-83.14903, 42.38344], [-83.153464, 42.385083], [-83.158979, 42.385423], [-83.165553, 42.385448], [-83.168602, 42.385283], [-83.168982, 42.393571], [-83.169053, 42.395031]]]}, "properties": {"GEOID": "26163536600", "tract_name": "5366", "total_n_nonNAP": 212, "achieved_n": 124, "reconveyed_n": 41, "closed_n": 165, "reconveyance_rate_pct": 24.8, "in_progress_n": 47, "at_risk_n": 13, "at_risk_pct": 27.7, "tax_delinquent_pct": 63.8, "median_days_to_compliance": 685.0}}, {"type": "Feature", "geometry": {"bbox": [-83.310867, 42.290967, -83.300165, 42.311869], "type": "Polygon", "coordinates": [[[-83.310867, 42.311709], [-83.30596, 42.311789], [-83.301057, 42.311869], [-83.300914, 42.308733], [-83.300725, 42.304639], [-83.300165, 42.292546], [-83.309907, 42.290967], [-83.310233, 42.297272], [-83.310316, 42.299328], [-83.31033600000002, 42.299972], [-83.310525, 42.304451], [-83.310867, 42.311709]]]}, "properties": {"GEOID": "26163570200", "tract_name": "5702", "total_n_nonNAP": null, "achieved_n": null, "reconveyed_n": null, "closed_n": null, "reconveyance_rate_pct": null, "in_progress_n": null, "at_risk_n": null, "at_risk_pct": null, "tax_delinquent_pct": null, "median_days_to_compliance": null}}, {"type": "Feature", "geometry": {"bbox": [-83.251129, 42.269487, -83.231267, 42.282559], "type": "Polygon", "coordinates": [[[-83.251129, 42.28215], [-83.241385, 42.28234], [-83.231648, 42.282559], [-83.231396, 42.277059], [-83.231267, 42.273198], [-83.231911, 42.269879], [-83.240797, 42.269672], [-83.250606, 42.269487], [-83.250778, 42.273387], [-83.250914, 42.276737], [-83.251129, 42.28215]]]}, "properties": {"GEOID": "26163572800", "tract_name": "5728", "total_n_nonNAP": null, "achieved_n": null, "reconveyed_n": null, "closed_n": null, "reconveyance_rate_pct": null, "in_progress_n": null, "at_risk_n": null, "at_risk_pct": null, "tax_delinquent_pct": null, "median_days_to_compliance": null}}, {"type": "Feature", "geometry": {"bbox": [-83.18051, 42.23572, -83.167347, 42.250117], "type": "Polygon", "coordinates": [[[-83.18051, 42.244249], [-83.179843, 42.245489], [-83.17729700000001, 42.250117], [-83.176313, 42.250014], [-83.169946, 42.248077], [-83.167347, 42.247286], [-83.170043, 42.242354], [-83.172325, 42.240176], [-83.170092, 42.23572], [-83.174589, 42.236088], [-83.18026, 42.236724], [-83.180334, 42.239762], [-83.18051, 42.244249]]]}, "properties": {"GEOID": "26163577500", "tract_name": "5775", "total_n_nonNAP": null, "achieved_n": null, "reconveyed_n": null, "closed_n": null, "reconveyance_rate_pct": null, "in_progress_n": null, "at_risk_n": null, "at_risk_pct": null, "tax_delinquent_pct": null, "median_days_to_compliance": null}}, {"type": "Feature", "geometry": {"bbox": [-83.541044, 42.085598000000005, -83.479117, 42.145158], "type": "Polygon", "coordinates": [[[-83.541044, 42.143907], [-83.532573, 42.14408300000001], [-83.519875, 42.144185], [-83.499896, 42.144443], [-83.490175, 42.144623], [-83.48213, 42.145158], [-83.481194, 42.123395], [-83.481091, 42.120752], [-83.481023, 42.116149], [-83.479457, 42.101429], [-83.479117, 42.088829], [-83.479967, 42.086879], [-83.494488, 42.086517], [-83.500167, 42.086374], [-83.539396, 42.085598000000005], [-83.54022400000001, 42.114825], [-83.540449, 42.121855], [-83.541044, 42.143907]]]}, "properties": {"GEOID": "26163589402", "tract_name": "5894.02", "total_n_nonNAP": null, "achieved_n": null, "reconveyed_n": null, "closed_n": null, "reconveyance_rate_pct": null, "in_progress_n": null, "at_risk_n": null, "at_risk_pct": null, "tax_delinquent_pct": null, "median_days_to_compliance": null}}, {"type": "Feature", "geometry": {"bbox": [-83.22919700000001, 42.19867, -83.193971, 42.213666], "type": "Polygon", "coordinates": [[[-83.22919700000001, 42.213078], [-83.222081, 42.21322], [-83.217839, 42.21322], [-83.209743, 42.213434], [-83.20014, 42.213594], [-83.193971, 42.213666], [-83.194881, 42.212716], [-83.202525, 42.206338], [-83.209042, 42.20624], [-83.218031, 42.206105], [-83.217784, 42.198871], [-83.219001, 42.19885], [-83.228713, 42.19867], [-83.228905, 42.205869], [-83.228995, 42.207896], [-83.22919700000001, 42.213078]]]}, "properties": {"GEOID": "26163581101", "tract_name": "5811.01", "total_n_nonNAP": null, "achieved_n": null, "reconveyed_n": null, "closed_n": null, "reconveyance_rate_pct": null, "in_progress_n": null, "at_risk_n": null, "at_risk_pct": null, "tax_delinquent_pct": null, "median_days_to_compliance": null}}, {"type": "Feature", "geometry": {"bbox": [-83.30899900000001, 42.257189, -83.270134, 42.269141], "type": "Polygon", "coordinates": [[[-83.30899900000001, 42.26823], [-83.299065, 42.268462], [-83.298024, 42.268486], [-83.289535, 42.268685000000005], [-83.284711, 42.268788], [-83.270483, 42.269131], [-83.270134, 42.269141], [-83.270384, 42.264621], [-83.275008, 42.264504], [-83.280199, 42.263898], [-83.284347, 42.262954], [-83.289402, 42.261122], [-83.289411, 42.261638], [-83.29573, 42.258834], [-83.299059, 42.257189], [-83.299134, 42.261587], [-83.308751, 42.260989], [-83.30899900000001, 42.26823]]]}, "properties": {"GEOID": "26163583101", "tract_name": "5831.01", "total_n_nonNAP": null, "achieved_n": null, "reconveyed_n": null, "closed_n": null, "reconveyance_rate_pct": null, "in_progress_n": null, "at_risk_n": null, "at_risk_pct": null, "tax_delinquent_pct": null, "median_days_to_compliance": null}}, {"type": "Feature", "geometry": {"bbox": [-83.351212, 42.332367, -83.331577, 42.347191], "type": "Polygon", "coordinates": [[[-83.351212, 42.3468], [-83.342128, 42.347006], [-83.339816, 42.347048], [-83.331908, 42.347191], [-83.331742, 42.34359], [-83.331577, 42.339984], [-83.336946, 42.339833], [-83.341718, 42.337341], [-83.346448, 42.336663], [-83.346357, 42.334882], [-83.347976, 42.33484000000001], [-83.347822, 42.332481], [-83.350677, 42.332367], [-83.350817, 42.335983], [-83.350877, 42.338705], [-83.350842, 42.339000000000006], [-83.350144, 42.340054], [-83.349286, 42.341499], [-83.351212, 42.3468]]]}, "properties": {"GEOID": "26163567202", "tract_name": "5672.02", "total_n_nonNAP": null, "achieved_n": null, "reconveyed_n": null, "closed_n": null, "reconveyance_rate_pct": null, "in_progress_n": null, "at_risk_n": null, "at_risk_pct": null, "tax_delinquent_pct": null, "median_days_to_compliance": null}}, {"type": "Feature", "geometry": {"bbox": [-83.054365, 42.340161, -83.032046, 42.36358], "type": "Polygon", "coordinates": [[[-83.054365, 42.361004], [-83.046634, 42.36358], [-83.04051, 42.354371], [-83.038258, 42.355211], [-83.035866, 42.351596], [-83.032046, 42.352495], [-83.034858, 42.348569], [-83.035904, 42.347216], [-83.041344, 42.340161], [-83.04350100000002, 42.342537], [-83.043799, 42.343593000000006], [-83.04441400000002, 42.34593100000001], [-83.047821, 42.351218], [-83.05144, 42.356632], [-83.054241, 42.36083500000001], [-83.054365, 42.361004]]]}, "properties": {"GEOID": "26163518900", "tract_name": "5189", "total_n_nonNAP": null, "achieved_n": null, "reconveyed_n": null, "closed_n": null, "reconveyance_rate_pct": null, "in_progress_n": null, "at_risk_n": null, "at_risk_pct": null, "tax_delinquent_pct": null, "median_days_to_compliance": null}}, {"type": "Feature", "geometry": {"bbox": [-83.241666, 42.109643000000005, -83.215514, 42.155266], "type": "Polygon", "coordinates": [[[-83.2415, 42.122869], [-83.241477, 42.124355], [-83.237164, 42.124715], [-83.225654, 42.126196], [-83.221907, 42.126299], [-83.221217, 42.131835], [-83.222524, 42.13528800000001], [-83.220071, 42.139699], [-83.218939, 42.140886], [-83.226162, 42.140757], [-83.22667900000002, 42.155179], [-83.22429, 42.155202], [-83.217204, 42.155266], [-83.216729, 42.140925], [-83.216583, 42.137421], [-83.221276, 42.13365], [-83.219086, 42.132544], [-83.216361, 42.132632], [-83.216206, 42.128654], [-83.215967, 42.126408], [-83.215514, 42.111915], [-83.222443, 42.111797], [-83.22512100000002, 42.111695], [-83.23339600000001, 42.110184], [-83.235702, 42.109807], [-83.238913, 42.109704], [-83.241666, 42.109643000000005], [-83.2415, 42.122869]]]}, "properties": {"GEOID": "26163593001", "tract_name": "5930.01", "total_n_nonNAP": null, "achieved_n": null, "reconveyed_n": null, "closed_n": null, "reconveyance_rate_pct": null, "in_progress_n": null, "at_risk_n": null, "at_risk_pct": null, "tax_delinquent_pct": null, "median_days_to_compliance": null}}, {"type": "Feature", "geometry": {"bbox": [-83.421433, 42.367565, -83.313492, 42.384428], "type": "Polygon", "coordinates": [[[-83.421433, 42.374426], [-83.411667, 42.374673], [-83.41203, 42.381757], [-83.402192, 42.382031], [-83.392872, 42.382231], [-83.372943, 42.38258], [-83.363053, 42.382836], [-83.353344, 42.383047], [-83.333741, 42.383877], [-83.314252, 42.384428], [-83.314226, 42.384131], [-83.313839, 42.377114], [-83.313492, 42.369892], [-83.31609, 42.369637], [-83.323287, 42.369429], [-83.333106, 42.369174], [-83.346062, 42.368867], [-83.352462, 42.368709], [-83.362372, 42.368467], [-83.366255, 42.368374], [-83.372184, 42.368248], [-83.382017, 42.368141], [-83.386866, 42.368024], [-83.38919800000001, 42.367969], [-83.389389, 42.375078], [-83.397107, 42.374815], [-83.401905, 42.375569], [-83.401546, 42.36767900000001], [-83.405835, 42.367565], [-83.407803, 42.367653], [-83.411375, 42.368299], [-83.421235, 42.370114], [-83.421433, 42.374426]]]}, "properties": {"GEOID": "26163558301", "tract_name": "5583.01", "total_n_nonNAP": null, "achieved_n": null, "reconveyed_n": null, "closed_n": null, "reconveyance_rate_pct": null, "in_progress_n": null, "at_risk_n": null, "at_risk_pct": null, "tax_delinquent_pct": null, "median_days_to_compliance": null}}, {"type": "Feature", "geometry": {"bbox": [-83.138751, 42.351882, -83.122227, 42.367398], "type": "Polygon", "coordinates": [[[-83.138751, 42.367398], [-83.131168, 42.36453], [-83.122227, 42.361146], [-83.124471, 42.360293], [-83.130105, 42.358152000000004], [-83.125659, 42.351882], [-83.12976000000002, 42.35196], [-83.135703, 42.352072], [-83.138182, 42.355511], [-83.138258, 42.356328], [-83.13839300000001, 42.35937], [-83.138592, 42.363977], [-83.138751, 42.367398]]]}, "properties": {"GEOID": "26163533800", "tract_name": "5338", "total_n_nonNAP": 196, "achieved_n": 110, "reconveyed_n": 33, "closed_n": 143, "reconveyance_rate_pct": 23.1, "in_progress_n": 53, "at_risk_n": 11, "at_risk_pct": 20.8, "tax_delinquent_pct": 60.4, "median_days_to_compliance": 687.0}}, {"type": "Feature", "geometry": {"bbox": [-83.38892800000002, 42.179972, -83.345006, 42.194527], "type": "Polygon", "coordinates": [[[-83.38892800000002, 42.194193], [-83.380841, 42.194257], [-83.374823, 42.194527], [-83.359541, 42.191477], [-83.35348, 42.191353], [-83.349369, 42.192235], [-83.345538, 42.193681], [-83.345006, 42.180633], [-83.388518, 42.179972], [-83.38892800000002, 42.194193]]]}, "properties": {"GEOID": "26163986300", "tract_name": "9863", "total_n_nonNAP": null, "achieved_n": null, "reconveyed_n": null, "closed_n": null, "reconveyance_rate_pct": null, "in_progress_n": null, "at_risk_n": null, "at_risk_pct": null, "tax_delinquent_pct": null, "median_days_to_compliance": null}}, {"type": "Feature", "geometry": {"bbox": [-82.967843, 42.370001, -82.93891, 42.387469], "type": "Polygon", "coordinates": [[[-82.966659, 42.383756000000005], [-82.965192, 42.383836], [-82.963066, 42.384343], [-82.958788, 42.385386], [-82.957212, 42.385765], [-82.954271, 42.386263], [-82.947699, 42.3873], [-82.946644, 42.387469], [-82.946876, 42.38699], [-82.943911, 42.382418], [-82.942567, 42.380674], [-82.93891, 42.37514], [-82.946696, 42.371917], [-82.949209, 42.370953], [-82.958905, 42.370001], [-82.962535, 42.375569], [-82.967843, 42.383696], [-82.966659, 42.383756000000005]]]}, "properties": {"GEOID": "26163512800", "tract_name": "5128", "total_n_nonNAP": 108, "achieved_n": 52, "reconveyed_n": 21, "closed_n": 73, "reconveyance_rate_pct": 28.8, "in_progress_n": 35, "at_risk_n": 9, "at_risk_pct": 25.7, "tax_delinquent_pct": 48.6, "median_days_to_compliance": 638.0}}, {"type": "Feature", "geometry": {"bbox": [-83.504266, 42.219419, -83.485002, 42.248556], "type": "Polygon", "coordinates": [[[-83.504266, 42.24777], [-83.486378, 42.248556], [-83.486194, 42.241218], [-83.485997, 42.233898], [-83.485002, 42.226333], [-83.485166, 42.220066], [-83.486817, 42.220089], [-83.503809, 42.219419], [-83.504035, 42.233544], [-83.504266, 42.24777]]]}, "properties": {"GEOID": "26163588102", "tract_name": "5881.02", "total_n_nonNAP": null, "achieved_n": null, "reconveyed_n": null, "closed_n": null, "reconveyance_rate_pct": null, "in_progress_n": null, "at_risk_n": null, "at_risk_pct": null, "tax_delinquent_pct": null, "median_days_to_compliance": null}}, {"type": "Feature", "geometry": {"bbox": [-83.005185, 42.441681, -82.985407, 42.44928], "type": "Polygon", "coordinates": [[[-83.005185, 42.448819], [-83.002698, 42.448901], [-82.994199, 42.449087000000006], [-82.985659, 42.44928], [-82.985407, 42.442205], [-82.993932, 42.441973], [-83.004963, 42.441681], [-83.005185, 42.448819]]]}, "properties": {"GEOID": "26163503200", "tract_name": "5032", "total_n_nonNAP": 188, "achieved_n": 127, "reconveyed_n": 25, "closed_n": 152, "reconveyance_rate_pct": 16.4, "in_progress_n": 36, "at_risk_n": 12, "at_risk_pct": 33.3, "tax_delinquent_pct": 36.1, "median_days_to_compliance": 661}}, {"type": "Feature", "geometry": {"bbox": [-83.254281, 42.212388, -83.22919700000001, 42.227545], "type": "Polygon", "coordinates": [[[-83.254281, 42.226902], [-83.240127, 42.227332], [-83.229843, 42.227545], [-83.229657, 42.22328100000001], [-83.22919700000001, 42.213078], [-83.24836, 42.212569], [-83.248496, 42.212565], [-83.25393, 42.212388], [-83.254191, 42.219739], [-83.254281, 42.226902]]]}, "properties": {"GEOID": "26163584100", "tract_name": "5841", "total_n_nonNAP": null, "achieved_n": null, "reconveyed_n": null, "closed_n": null, "reconveyance_rate_pct": null, "in_progress_n": null, "at_risk_n": null, "at_risk_pct": null, "tax_delinquent_pct": null, "median_days_to_compliance": null}}, {"type": "Feature", "geometry": {"bbox": [-83.198044, 42.365365, -83.182474, 42.382274], "type": "Polygon", "coordinates": [[[-83.198044, 42.379232], [-83.192147, 42.379368], [-83.188129, 42.380664], [-83.183056, 42.382274], [-83.183004, 42.380173], [-83.183159, 42.37847], [-83.182973, 42.372935], [-83.182474, 42.365688000000006], [-83.190755, 42.365508], [-83.197286, 42.365365], [-83.197364, 42.367849], [-83.19756, 42.37256], [-83.197757, 42.377056], [-83.197991, 42.378243], [-83.198044, 42.379232]]]}, "properties": {"GEOID": "26163535300", "tract_name": "5353", "total_n_nonNAP": 40, "achieved_n": 28, "reconveyed_n": 6, "closed_n": 34, "reconveyance_rate_pct": 17.6, "in_progress_n": 6, "at_risk_n": 0, "at_risk_pct": 0.0, "tax_delinquent_pct": 16.7, "median_days_to_compliance": 463.0}}, {"type": "Feature", "geometry": {"bbox": [-83.471927, 42.395452000000006, -83.431809, 42.411808], "type": "Polygon", "coordinates": [[[-83.471927, 42.410652], [-83.468729, 42.411463], [-83.467139, 42.411808], [-83.460911, 42.410838], [-83.454569, 42.411009], [-83.451887, 42.411076], [-83.44650300000002, 42.411064], [-83.432424, 42.410658], [-83.432263, 42.406543000000006], [-83.431834, 42.396559], [-83.431809, 42.395985], [-83.438836, 42.395812], [-83.449931, 42.395452000000006], [-83.46145600000001, 42.395732], [-83.467612, 42.396003], [-83.468868, 42.396067], [-83.46913, 42.399638], [-83.47104, 42.400947], [-83.469752, 42.405153], [-83.471927, 42.410652]]]}, "properties": {"GEOID": "26163560400", "tract_name": "5604", "total_n_nonNAP": null, "achieved_n": null, "reconveyed_n": null, "closed_n": null, "reconveyance_rate_pct": null, "in_progress_n": null, "at_risk_n": null, "at_risk_pct": null, "tax_delinquent_pct": null, "median_days_to_compliance": null}}, {"type": "Feature", "geometry": {"bbox": [-83.544839, 42.262462, -83.5047, 42.298126], "type": "Polygon", "coordinates": [[[-83.544839, 42.293007], [-83.543963, 42.294387], [-83.542855, 42.294846], [-83.539704, 42.295121], [-83.525663, 42.295507], [-83.524388, 42.295627], [-83.522141, 42.298063], [-83.520095, 42.298126], [-83.51561600000001, 42.295833], [-83.51069, 42.295875], [-83.508046, 42.295111], [-83.507499, 42.293544], [-83.505852, 42.293457], [-83.505654, 42.288753], [-83.505503, 42.285168], [-83.505246, 42.277938], [-83.5047, 42.26699], [-83.50633, 42.26651700000001], [-83.506355, 42.263377], [-83.524266, 42.26292300000001], [-83.543728, 42.262462], [-83.544203, 42.276894], [-83.544563, 42.286175], [-83.544759, 42.291234], [-83.544839, 42.293007]]]}, "properties": {"GEOID": "26163564504", "tract_name": "5645.04", "total_n_nonNAP": null, "achieved_n": null, "reconveyed_n": null, "closed_n": null, "reconveyance_rate_pct": null, "in_progress_n": null, "at_risk_n": null, "at_risk_pct": null, "tax_delinquent_pct": null, "median_days_to_compliance": null}}, {"type": "Feature", "geometry": {"bbox": [-83.306022, 42.152171, -83.266362, 42.183466], "type": "Polygon", "coordinates": [[[-83.306022, 42.181282], [-83.296795, 42.181873], [-83.295785, 42.18194], [-83.286823, 42.182535], [-83.267242, 42.183466], [-83.26675, 42.167309], [-83.266539, 42.159869], [-83.266362, 42.15256], [-83.285544, 42.152375], [-83.305395, 42.152171], [-83.305618, 42.166795], [-83.306022, 42.181282]]]}, "properties": {"GEOID": "26163591600", "tract_name": "5916", "total_n_nonNAP": null, "achieved_n": null, "reconveyed_n": null, "closed_n": null, "reconveyance_rate_pct": null, "in_progress_n": null, "at_risk_n": null, "at_risk_pct": null, "tax_delinquent_pct": null, "median_days_to_compliance": null}}, {"type": "Feature", "geometry": {"bbox": [-83.411375, 42.352936, -83.386204, 42.368299], "type": "Polygon", "coordinates": [[[-83.411375, 42.368299], [-83.407803, 42.367653], [-83.405835, 42.367565], [-83.401546, 42.36767900000001], [-83.38919800000001, 42.367969], [-83.386866, 42.368024], [-83.386488, 42.358628], [-83.386344, 42.356083], [-83.386204, 42.353481], [-83.410316, 42.352936], [-83.411089, 42.36153], [-83.411186, 42.36456200000001], [-83.411118, 42.365396], [-83.411375, 42.368299]]]}, "properties": {"GEOID": "26163558500", "tract_name": "5585", "total_n_nonNAP": null, "achieved_n": null, "reconveyed_n": null, "closed_n": null, "reconveyance_rate_pct": null, "in_progress_n": null, "at_risk_n": null, "at_risk_pct": null, "tax_delinquent_pct": null, "median_days_to_compliance": null}}, {"type": "Feature", "geometry": {"bbox": [-83.430832, 42.352465, -83.410316, 42.371809], "type": "Polygon", "coordinates": [[[-83.430832, 42.371809], [-83.421235, 42.370114], [-83.411375, 42.368299], [-83.411118, 42.365396], [-83.411186, 42.36456200000001], [-83.411089, 42.36153], [-83.410316, 42.352936], [-83.420282, 42.352718], [-83.430038, 42.352465], [-83.43033, 42.359714], [-83.430832, 42.371809]]]}, "properties": {"GEOID": "26163558400", "tract_name": "5584", "total_n_nonNAP": null, "achieved_n": null, "reconveyed_n": null, "closed_n": null, "reconveyance_rate_pct": null, "in_progress_n": null, "at_risk_n": null, "at_risk_pct": null, "tax_delinquent_pct": null, "median_days_to_compliance": null}}, {"type": "Feature", "geometry": {"bbox": [-83.161215, 42.431347, -83.141503, 42.438836], "type": "Polygon", "coordinates": [[[-83.161215, 42.438512], [-83.150887, 42.438684], [-83.150679, 42.438688], [-83.141751, 42.438836], [-83.141637, 42.435335], [-83.141503, 42.431606], [-83.146967, 42.431493], [-83.150684, 42.431427], [-83.15185800000002, 42.431413], [-83.156622, 42.431388], [-83.160984, 42.431347], [-83.161111, 42.435045], [-83.161215, 42.438512]]]}, "properties": {"GEOID": "26163538900", "tract_name": "5389", "total_n_nonNAP": 13, "achieved_n": 10, "reconveyed_n": 2, "closed_n": 12, "reconveyance_rate_pct": 16.7, "in_progress_n": 1, "at_risk_n": 0, "at_risk_pct": 0.0, "tax_delinquent_pct": 100.0, "median_days_to_compliance": 417}}, {"type": "Feature", "geometry": {"bbox": [-83.17703, 42.329605, -83.166456, 42.347784], "type": "Polygon", "coordinates": [[[-83.17703, 42.347637], [-83.172118, 42.347745], [-83.171073, 42.347784], [-83.17087900000001, 42.34416], [-83.167074, 42.344226], [-83.166838, 42.33873], [-83.166683, 42.335138], [-83.166456, 42.329686], [-83.170115, 42.329605], [-83.17643100000001, 42.334385], [-83.176454, 42.334933], [-83.176614, 42.338538], [-83.176874, 42.343985], [-83.17703, 42.347637]]]}, "properties": {"GEOID": "26163573702", "tract_name": "5737.02", "total_n_nonNAP": null, "achieved_n": null, "reconveyed_n": null, "closed_n": null, "reconveyance_rate_pct": null, "in_progress_n": null, "at_risk_n": null, "at_risk_pct": null, "tax_delinquent_pct": null, "median_days_to_compliance": null}}, {"type": "Feature", "geometry": {"bbox": [-83.20126, 42.264577, -83.15824, 42.285263], "type": "Polygon", "coordinates": [[[-83.200756, 42.275319], [-83.193414, 42.283831], [-83.188068, 42.281348], [-83.186977, 42.280872], [-83.185081, 42.280476], [-83.183239, 42.280601000000004], [-83.17495, 42.282562], [-83.16337, 42.285263], [-83.162022, 42.282533], [-83.160894, 42.281303], [-83.15824, 42.278844], [-83.161487, 42.274351], [-83.165103, 42.270067], [-83.169907, 42.264577], [-83.171271, 42.264836], [-83.17539, 42.265988], [-83.181096, 42.269698], [-83.184077, 42.2714], [-83.184696, 42.270641], [-83.190836, 42.27024], [-83.191988, 42.27105], [-83.195132, 42.272487], [-83.20126, 42.274675], [-83.200756, 42.275319]]]}, "properties": {"GEOID": "26163578600", "tract_name": "5786", "total_n_nonNAP": null, "achieved_n": null, "reconveyed_n": null, "closed_n": null, "reconveyance_rate_pct": null, "in_progress_n": null, "at_risk_n": null, "at_risk_pct": null, "tax_delinquent_pct": null, "median_days_to_compliance": null}}, {"type": "Feature", "geometry": {"bbox": [-83.506355, 42.263376, -83.485673, 42.2886], "type": "Polygon", "coordinates": [[[-83.50633, 42.26651700000001], [-83.5047, 42.26699], [-83.505246, 42.277938], [-83.505503, 42.285168], [-83.494479, 42.28549300000001], [-83.494216, 42.285513], [-83.492828, 42.285614], [-83.492617, 42.286384], [-83.486259, 42.2886], [-83.486126, 42.285757000000004], [-83.486117, 42.285574], [-83.485673, 42.276808], [-83.487293, 42.27323], [-83.487323, 42.271703], [-83.486918, 42.263899], [-83.505188, 42.263376], [-83.506355, 42.263377], [-83.50633, 42.26651700000001]]]}, "properties": {"GEOID": "26163564503", "tract_name": "5645.03", "total_n_nonNAP": null, "achieved_n": null, "reconveyed_n": null, "closed_n": null, "reconveyance_rate_pct": null, "in_progress_n": null, "at_risk_n": null, "at_risk_pct": null, "tax_delinquent_pct": null, "median_days_to_compliance": null}}, {"type": "Feature", "geometry": {"bbox": [-83.218385, 42.386712, -83.207865, 42.400738000000004], "type": "Polygon", "coordinates": [[[-83.218385, 42.400738000000004], [-83.20822500000001, 42.396637], [-83.208105, 42.391664], [-83.207865, 42.386868], [-83.208965, 42.386845], [-83.21755, 42.386712], [-83.217786, 42.391481], [-83.218087, 42.39389200000001], [-83.218385, 42.400738000000004]]]}, "properties": {"GEOID": "26163542500", "tract_name": "5425", "total_n_nonNAP": 22, "achieved_n": 21, "reconveyed_n": 1, "closed_n": 22, "reconveyance_rate_pct": 4.5, "in_progress_n": 0, "at_risk_n": 0, "at_risk_pct": null, "tax_delinquent_pct": null, "median_days_to_compliance": 498}}, {"type": "Feature", "geometry": {"bbox": [-83.007085, 42.38087, -82.976029, 42.396638], "type": "Polygon", "coordinates": [[[-83.007085, 42.390326], [-83.006248, 42.391544], [-83.003352, 42.392073], [-82.995926, 42.392393], [-82.992398, 42.393465], [-82.988185, 42.396326], [-82.987766, 42.396638], [-82.987362, 42.396422], [-82.985132, 42.394309], [-82.984923, 42.394144], [-82.98388900000002, 42.393305], [-82.978777, 42.390215], [-82.976029, 42.389288], [-82.979307, 42.388896], [-82.98385, 42.387266000000004], [-82.992503, 42.384004], [-83.000349, 42.38087], [-83.006937, 42.39023], [-83.007085, 42.390326]]]}, "properties": {"GEOID": "26163514300", "tract_name": "5143", "total_n_nonNAP": 158, "achieved_n": 65, "reconveyed_n": 43, "closed_n": 108, "reconveyance_rate_pct": 39.8, "in_progress_n": 50, "at_risk_n": 9, "at_risk_pct": 18.0, "tax_delinquent_pct": 54.0, "median_days_to_compliance": 704}}, {"type": "Feature", "geometry": {"bbox": [-83.193414, 42.280476, -83.16337, 42.297479], "type": "Polygon", "coordinates": [[[-83.18820700000002, 42.290117], [-83.184205, 42.294949], [-83.180472, 42.294262], [-83.179101, 42.294385], [-83.17421, 42.297479], [-83.171303, 42.295323], [-83.171239, 42.293002], [-83.169133, 42.291609], [-83.169744, 42.291441], [-83.169676, 42.289644], [-83.16892, 42.289463], [-83.167074, 42.289571], [-83.166852, 42.289148], [-83.16337, 42.285263], [-83.17495, 42.282562], [-83.183239, 42.280601000000004], [-83.185081, 42.280476], [-83.186977, 42.280872], [-83.188068, 42.281348], [-83.193414, 42.283831], [-83.18820700000002, 42.290117]]]}, "properties": {"GEOID": "26163578500", "tract_name": "5785", "total_n_nonNAP": null, "achieved_n": null, "reconveyed_n": null, "closed_n": null, "reconveyance_rate_pct": null, "in_progress_n": null, "at_risk_n": null, "at_risk_pct": null, "tax_delinquent_pct": null, "median_days_to_compliance": null}}, {"type": "Feature", "geometry": {"bbox": [-83.316745, 42.427609, -83.288138, 42.440052], "type": "Polygon", "coordinates": [[[-83.316745, 42.440052], [-83.311868, 42.438091], [-83.307976, 42.43653], [-83.297157, 42.43218], [-83.288138, 42.428548], [-83.297036, 42.428367], [-83.306721, 42.428016], [-83.307922, 42.42797], [-83.316223, 42.427609], [-83.31653, 42.43478], [-83.316745, 42.440052]]]}, "properties": {"GEOID": "26163554200", "tract_name": "5542", "total_n_nonNAP": null, "achieved_n": null, "reconveyed_n": null, "closed_n": null, "reconveyance_rate_pct": null, "in_progress_n": null, "at_risk_n": null, "at_risk_pct": null, "tax_delinquent_pct": null, "median_days_to_compliance": null}}, {"type": "Feature", "geometry": {"bbox": [-82.979356, 42.401595, -82.964298, 42.414994], "type": "Polygon", "coordinates": [[[-82.979356, 42.412158], [-82.976536, 42.413137], [-82.971097, 42.414994], [-82.964589, 42.404663], [-82.964298, 42.403822], [-82.964937, 42.403611], [-82.97310600000002, 42.401595], [-82.976331, 42.407385], [-82.978149, 42.410256], [-82.979356, 42.412158]]]}, "properties": {"GEOID": "26163504200", "tract_name": "5042", "total_n_nonNAP": 174, "achieved_n": 93, "reconveyed_n": 32, "closed_n": 125, "reconveyance_rate_pct": 25.6, "in_progress_n": 49, "at_risk_n": 19, "at_risk_pct": 38.8, "tax_delinquent_pct": 61.2, "median_days_to_compliance": 683}}, {"type": "Feature", "geometry": {"bbox": [-83.311164, 42.311709, -83.28638, 42.319474], "type": "Polygon", "coordinates": [[[-83.311164, 42.318902], [-83.301397, 42.319095], [-83.286771, 42.319474], [-83.28638, 42.312186], [-83.29110800000001, 42.31205], [-83.296792, 42.311946], [-83.301057, 42.311869], [-83.30596, 42.311789], [-83.310867, 42.311709], [-83.311088, 42.317113], [-83.311164, 42.318902]]]}, "properties": {"GEOID": "26163573100", "tract_name": "5731", "total_n_nonNAP": null, "achieved_n": null, "reconveyed_n": null, "closed_n": null, "reconveyance_rate_pct": null, "in_progress_n": null, "at_risk_n": null, "at_risk_pct": null, "tax_delinquent_pct": null, "median_days_to_compliance": null}}, {"type": "Feature", "geometry": {"bbox": [-83.390146, 42.251993, -83.347788, 42.267463], "type": "Polygon", "coordinates": [[[-83.389736, 42.259136], [-83.388998, 42.266591], [-83.382084, 42.266724], [-83.372233, 42.266923], [-83.36257, 42.267132], [-83.352877, 42.267367], [-83.348095, 42.267463], [-83.348014, 42.260043], [-83.347788, 42.252858], [-83.387415, 42.251993], [-83.390146, 42.255453], [-83.389736, 42.259136]]]}, "properties": {"GEOID": "26163585600", "tract_name": "5856", "total_n_nonNAP": null, "achieved_n": null, "reconveyed_n": null, "closed_n": null, "reconveyance_rate_pct": null, "in_progress_n": null, "at_risk_n": null, "at_risk_pct": null, "tax_delinquent_pct": null, "median_days_to_compliance": null}}, {"type": "Feature", "geometry": {"bbox": [-83.236653, 42.364704, -83.216568, 42.380462], "type": "Polygon", "coordinates": [[[-83.236653, 42.380462], [-83.233185, 42.378558], [-83.231853, 42.378223], [-83.227126, 42.378028], [-83.216931, 42.378803], [-83.216873, 42.378245], [-83.216585, 42.372257], [-83.216769, 42.372255], [-83.216568, 42.365259], [-83.21718, 42.365197], [-83.21792900000001, 42.365053], [-83.226336, 42.364887], [-83.234822, 42.364726], [-83.236039, 42.364704], [-83.236257, 42.371891], [-83.23655900000001, 42.378718], [-83.236653, 42.380462]]]}, "properties": {"GEOID": "26163547100", "tract_name": "5471", "total_n_nonNAP": 84, "achieved_n": 69, "reconveyed_n": 10, "closed_n": 79, "reconveyance_rate_pct": 12.7, "in_progress_n": 5, "at_risk_n": 2, "at_risk_pct": 40.0, "tax_delinquent_pct": 40.0, "median_days_to_compliance": 476}}, {"type": "Feature", "geometry": {"bbox": [-83.089417, 42.403177, -83.057071, 42.418653], "type": "Polygon", "coordinates": [[[-83.08775, 42.418235], [-83.08225, 42.418432], [-83.06361100000001, 42.418653], [-83.061487, 42.415521], [-83.058779, 42.411507], [-83.05856, 42.411185], [-83.057071, 42.408981], [-83.060696, 42.407651], [-83.062927, 42.406834], [-83.064284, 42.406334], [-83.067627, 42.405105], [-83.069218, 42.404518], [-83.072477, 42.403296], [-83.072743, 42.403177], [-83.07402, 42.404957], [-83.079546, 42.408656], [-83.08148, 42.40818900000001], [-83.089417, 42.418161], [-83.08775, 42.418235]]]}, "properties": {"GEOID": "26163509100", "tract_name": "5091", "total_n_nonNAP": 172, "achieved_n": 121, "reconveyed_n": 24, "closed_n": 145, "reconveyance_rate_pct": 16.6, "in_progress_n": 27, "at_risk_n": 8, "at_risk_pct": 29.6, "tax_delinquent_pct": 29.6, "median_days_to_compliance": 608}}, {"type": "Feature", "geometry": {"bbox": [-83.422803, 42.093568, -83.303885, 42.168463], "type": "Polygon", "coordinates": [[[-83.422803, 42.168463], [-83.420102, 42.166369], [-83.419959, 42.164783], [-83.417595, 42.164433], [-83.414449, 42.162846], [-83.40862, 42.15722], [-83.404083, 42.156453], [-83.404486, 42.15565000000001], [-83.402196, 42.153651], [-83.398985, 42.154155], [-83.397483, 42.153811], [-83.395696, 42.15473], [-83.394388, 42.153715], [-83.394426, 42.155603], [-83.393249, 42.156578], [-83.392347, 42.156772], [-83.389053, 42.15224], [-83.390685, 42.151295], [-83.385777, 42.147672], [-83.383739, 42.147153], [-83.384372, 42.143859], [-83.382314, 42.143172], [-83.381692, 42.13723900000001], [-83.381339, 42.127933], [-83.380448, 42.124698], [-83.378431, 42.119556], [-83.377778, 42.116741], [-83.36172200000001, 42.116847], [-83.358312, 42.116413], [-83.35808600000001, 42.115698], [-83.356808, 42.107501], [-83.357418, 42.106573], [-83.356813, 42.102529], [-83.345539, 42.102196], [-83.336886, 42.102485], [-83.334701, 42.102987], [-83.32988, 42.10192], [-83.318447, 42.101534], [-83.312281, 42.098458], [-83.308877, 42.097407], [-83.306795, 42.095031], [-83.303939, 42.096291], [-83.303885, 42.094241], [-83.308624, 42.094186], [-83.330101, 42.094095], [-83.342546, 42.094047], [-83.345238, 42.094037], [-83.353996, 42.094012], [-83.355095, 42.094008], [-83.377159, 42.093901], [-83.381501, 42.093862], [-83.4086, 42.093657], [-83.420761, 42.093568], [-83.421263, 42.11713], [-83.421482, 42.124465], [-83.422062, 42.146595], [-83.422275, 42.154247], [-83.422803, 42.168463]]]}, "properties": {"GEOID": "26163590401", "tract_name": "5904.01", "total_n_nonNAP": null, "achieved_n": null, "reconveyed_n": null, "closed_n": null, "reconveyance_rate_pct": null, "in_progress_n": null, "at_risk_n": null, "at_risk_pct": null, "tax_delinquent_pct": null, "median_days_to_compliance": null}}, {"type": "Feature", "geometry": {"bbox": [-83.431423, 42.370114, -83.411667, 42.385895], "type": "Polygon", "coordinates": [[[-83.431423, 42.385895], [-83.420801, 42.382016], [-83.41203, 42.381757], [-83.411667, 42.374673], [-83.421433, 42.374426], [-83.421235, 42.370114], [-83.430832, 42.371809], [-83.431423, 42.385895]]]}, "properties": {"GEOID": "26163983301", "tract_name": "9833.01", "total_n_nonNAP": null, "achieved_n": null, "reconveyed_n": null, "closed_n": null, "reconveyance_rate_pct": null, "in_progress_n": null, "at_risk_n": null, "at_risk_pct": null, "tax_delinquent_pct": null, "median_days_to_compliance": null}}, {"type": "Feature", "geometry": {"bbox": [-83.217241, 42.275319, -83.193414, 42.289947], "type": "Polygon", "coordinates": [[[-83.217241, 42.277842], [-83.213215, 42.282564], [-83.206917, 42.289947], [-83.193414, 42.283831], [-83.200756, 42.275319], [-83.203411, 42.27613600000001], [-83.203987, 42.276299], [-83.208845, 42.278185], [-83.216444, 42.277545], [-83.217241, 42.277842]]]}, "properties": {"GEOID": "26163981902", "tract_name": "9819.02", "total_n_nonNAP": null, "achieved_n": null, "reconveyed_n": null, "closed_n": null, "reconveyance_rate_pct": null, "in_progress_n": null, "at_risk_n": null, "at_risk_pct": null, "tax_delinquent_pct": null, "median_days_to_compliance": null}}, {"type": "Feature", "geometry": {"bbox": [-83.095199, 42.439744, -83.078812, 42.447153], "type": "Polygon", "coordinates": [[[-83.094929, 42.446862], [-83.0947, 42.446865], [-83.090247, 42.446994], [-83.088295, 42.44704800000001], [-83.083393, 42.447153], [-83.083153, 42.446119], [-83.078812, 42.440067], [-83.081904, 42.440015], [-83.08312, 42.440137], [-83.08795900000001, 42.439955], [-83.095199, 42.439744], [-83.094929, 42.446862]]]}, "properties": {"GEOID": "26163507500", "tract_name": "5075", "total_n_nonNAP": 83, "achieved_n": 58, "reconveyed_n": 10, "closed_n": 68, "reconveyance_rate_pct": 14.7, "in_progress_n": 15, "at_risk_n": 5, "at_risk_pct": 33.3, "tax_delinquent_pct": 60.0, "median_days_to_compliance": 617.5}}, {"type": "Feature", "geometry": {"bbox": [-83.497361, 42.420724, -83.472189, 42.437652], "type": "Polygon", "coordinates": [[[-83.497209, 42.436961], [-83.493009, 42.437098], [-83.483248, 42.437415], [-83.473957, 42.437652], [-83.474448, 42.435887], [-83.474156, 42.430382], [-83.47407, 42.428574], [-83.47233, 42.42856], [-83.472189, 42.4268], [-83.473949, 42.426909], [-83.474005, 42.42434900000001], [-83.479152, 42.424193], [-83.482415, 42.424095], [-83.487421, 42.423944], [-83.487346, 42.420724], [-83.488865, 42.42076], [-83.489842, 42.423907], [-83.495167, 42.423718], [-83.495477, 42.42981], [-83.497186, 42.430466], [-83.49657, 42.430475], [-83.492882, 42.431565], [-83.49295, 42.433003], [-83.497361, 42.432854], [-83.497209, 42.436961]]]}, "properties": {"GEOID": "26163560100", "tract_name": "5601", "total_n_nonNAP": null, "achieved_n": null, "reconveyed_n": null, "closed_n": null, "reconveyance_rate_pct": null, "in_progress_n": null, "at_risk_n": null, "at_risk_pct": null, "tax_delinquent_pct": null, "median_days_to_compliance": null}}, {"type": "Feature", "geometry": {"bbox": [-83.424747, 42.179439, -83.388518, 42.229452], "type": "Polygon", "coordinates": [[[-83.424747, 42.229452], [-83.417949, 42.228055], [-83.415355, 42.226509], [-83.413474, 42.224198], [-83.412033, 42.219247], [-83.41089, 42.216173], [-83.408437, 42.213674], [-83.406106, 42.212432], [-83.397981, 42.210654], [-83.394923, 42.209699], [-83.39315, 42.208727], [-83.389892, 42.205109], [-83.389349, 42.203393], [-83.38892800000002, 42.194193], [-83.388518, 42.179972], [-83.419317, 42.179458], [-83.423191, 42.179439], [-83.423718, 42.199089], [-83.423975, 42.208078], [-83.424279, 42.215248], [-83.424446, 42.220724], [-83.424747, 42.229452]]]}, "properties": {"GEOID": "26163586300", "tract_name": "5863", "total_n_nonNAP": null, "achieved_n": null, "reconveyed_n": null, "closed_n": null, "reconveyance_rate_pct": null, "in_progress_n": null, "at_risk_n": null, "at_risk_pct": null, "tax_delinquent_pct": null, "median_days_to_compliance": null}}, {"type": "Feature", "geometry": {"bbox": [-83.05332, 42.426091, -83.038639, 42.433682], "type": "Polygon", "coordinates": [[[-83.05332, 42.433344], [-83.047121, 42.433488], [-83.047027, 42.433490000000006], [-83.038948, 42.433682], [-83.038639, 42.426403], [-83.043482, 42.426289], [-83.046782, 42.42622], [-83.053025, 42.426091], [-83.05332, 42.433344]]]}, "properties": {"GEOID": "26163506500", "tract_name": "5065", "total_n_nonNAP": 129, "achieved_n": 77, "reconveyed_n": 25, "closed_n": 102, "reconveyance_rate_pct": 24.5, "in_progress_n": 27, "at_risk_n": 8, "at_risk_pct": 29.6, "tax_delinquent_pct": 55.6, "median_days_to_compliance": 641}}, {"type": "Feature", "geometry": {"bbox": [-83.168872, 42.223248, -83.151837, 42.234642], "type": "Polygon", "coordinates": [[[-83.168872, 42.223324], [-83.165286, 42.226563], [-83.16484, 42.229292], [-83.162758, 42.232806], [-83.160789, 42.234215], [-83.159282, 42.234382], [-83.155671, 42.234233], [-83.155203, 42.234228], [-83.151837, 42.234642], [-83.155265, 42.223821], [-83.158363, 42.223644], [-83.161428, 42.223337], [-83.167908, 42.223248], [-83.168872, 42.223324]]]}, "properties": {"GEOID": "26163580200", "tract_name": "5802", "total_n_nonNAP": null, "achieved_n": null, "reconveyed_n": null, "closed_n": null, "reconveyance_rate_pct": null, "in_progress_n": null, "at_risk_n": null, "at_risk_pct": null, "tax_delinquent_pct": null, "median_days_to_compliance": null}}, {"type": "Feature", "geometry": {"bbox": [-83.131168, 42.356125, -83.10884300000001, 42.37015], "type": "Polygon", "coordinates": [[[-83.130597, 42.365261], [-83.125833, 42.367057], [-83.12159, 42.368659], [-83.117631, 42.37015], [-83.113428, 42.363957], [-83.10884300000001, 42.357133], [-83.110799, 42.356125], [-83.122227, 42.361146], [-83.131168, 42.36453], [-83.130597, 42.365261]]]}, "properties": {"GEOID": "26163533400", "tract_name": "5334", "total_n_nonNAP": 283, "achieved_n": 146, "reconveyed_n": 63, "closed_n": 209, "reconveyance_rate_pct": 30.1, "in_progress_n": 74, "at_risk_n": 24, "at_risk_pct": 32.4, "tax_delinquent_pct": 48.6, "median_days_to_compliance": 703.5}}, {"type": "Feature", "geometry": {"bbox": [-83.316223, 42.413211, -83.296471, 42.428367], "type": "Polygon", "coordinates": [[[-83.316223, 42.427609], [-83.307922, 42.42797], [-83.306721, 42.428016], [-83.297036, 42.428367], [-83.296691, 42.421178], [-83.296471, 42.413999], [-83.306192, 42.413595], [-83.315606, 42.413211], [-83.315919, 42.420487], [-83.316157, 42.425893], [-83.316223, 42.427609]]]}, "properties": {"GEOID": "26163554300", "tract_name": "5543", "total_n_nonNAP": null, "achieved_n": null, "reconveyed_n": null, "closed_n": null, "reconveyance_rate_pct": null, "in_progress_n": null, "at_risk_n": null, "at_risk_pct": null, "tax_delinquent_pct": null, "median_days_to_compliance": null}}, {"type": "Feature", "geometry": {"bbox": [-83.121932, 42.404673, -83.108837, 42.417579], "type": "Polygon", "coordinates": [[[-83.121932, 42.417482], [-83.11644, 42.417579], [-83.108837, 42.406352], [-83.11271, 42.404828], [-83.113309, 42.404673], [-83.117146, 42.410391], [-83.121932, 42.417482]]]}, "properties": {"GEOID": "26163553200", "tract_name": "5532", "total_n_nonNAP": null, "achieved_n": null, "reconveyed_n": null, "closed_n": null, "reconveyance_rate_pct": null, "in_progress_n": null, "at_risk_n": null, "at_risk_pct": null, "tax_delinquent_pct": null, "median_days_to_compliance": null}}, {"type": "Feature", "geometry": {"bbox": [-82.91292300000002, 42.441082, -82.891833, 42.450892], "type": "Polygon", "coordinates": [[[-82.910722, 42.450772], [-82.90473400000002, 42.45077400000001], [-82.899175, 42.450845], [-82.891833, 42.450892], [-82.894519, 42.445926], [-82.896631, 42.441082], [-82.900134, 42.44193], [-82.904702, 42.443029], [-82.907115, 42.443421], [-82.91292300000002, 42.444803], [-82.910722, 42.450772]]]}, "properties": {"GEOID": "26163551800", "tract_name": "5518", "total_n_nonNAP": null, "achieved_n": null, "reconveyed_n": null, "closed_n": null, "reconveyance_rate_pct": null, "in_progress_n": null, "at_risk_n": null, "at_risk_pct": null, "tax_delinquent_pct": null, "median_days_to_compliance": null}}, {"type": "Feature", "geometry": {"bbox": [-83.030395, 42.335819, -83.010052, 42.34692600000001], "type": "Polygon", "coordinates": [[[-83.030395, 42.339035], [-83.024947, 42.34137900000001], [-83.024763, 42.341458], [-83.018466, 42.34417], [-83.012107, 42.34692600000001], [-83.010052, 42.34366], [-83.016355, 42.34094900000001], [-83.017884, 42.340292], [-83.022647, 42.338245], [-83.028269, 42.335819], [-83.030395, 42.339035]]]}, "properties": {"GEOID": "26163516600", "tract_name": "5166", "total_n_nonNAP": null, "achieved_n": null, "reconveyed_n": null, "closed_n": null, "reconveyance_rate_pct": null, "in_progress_n": null, "at_risk_n": null, "at_risk_pct": null, "tax_delinquent_pct": null, "median_days_to_compliance": null}}, {"type": "Feature", "geometry": {"bbox": [-83.20822500000001, 42.386868, -83.19817, 42.396637], "type": "Polygon", "coordinates": [[[-83.20822500000001, 42.396637], [-83.206386, 42.395894], [-83.198365, 42.392657], [-83.198342, 42.39175], [-83.19817, 42.387052], [-83.207865, 42.386868], [-83.208105, 42.391664], [-83.20822500000001, 42.396637]]]}, "properties": {"GEOID": "26163542400", "tract_name": "5424", "total_n_nonNAP": 83, "achieved_n": 66, "reconveyed_n": 11, "closed_n": 77, "reconveyance_rate_pct": 14.3, "in_progress_n": 6, "at_risk_n": 1, "at_risk_pct": 16.7, "tax_delinquent_pct": 66.7, "median_days_to_compliance": 582.5}}, {"type": "Feature", "geometry": {"bbox": [-83.074765, 42.36611, -83.057919, 42.386431], "type": "Polygon", "coordinates": [[[-83.071535, 42.384476], [-83.068331, 42.386431], [-83.060281, 42.374425], [-83.058956, 42.370728], [-83.057919, 42.368497], [-83.058144, 42.368369], [-83.060086, 42.367338], [-83.063257, 42.36611], [-83.067528, 42.372498], [-83.074765, 42.383261], [-83.071535, 42.384476]]]}, "properties": {"GEOID": "26163511200", "tract_name": "5112", "total_n_nonNAP": 41, "achieved_n": 28, "reconveyed_n": 9, "closed_n": 37, "reconveyance_rate_pct": 24.3, "in_progress_n": 4, "at_risk_n": 3, "at_risk_pct": 75.0, "tax_delinquent_pct": 75.0, "median_days_to_compliance": 540.0}}, {"type": "Feature", "geometry": {"bbox": [-83.230504, 42.227545, -83.216138, 42.242508], "type": "Polygon", "coordinates": [[[-83.230504, 42.242044], [-83.228256, 42.242185], [-83.222044, 42.242297], [-83.221459, 42.242307], [-83.21682, 42.242508], [-83.216508, 42.23718], [-83.216279, 42.232113], [-83.216138, 42.227846], [-83.219548, 42.227773], [-83.224389, 42.227667], [-83.229843, 42.227545], [-83.229902, 42.228622], [-83.230504, 42.242044]]]}, "properties": {"GEOID": "26163576700", "tract_name": "5767", "total_n_nonNAP": null, "achieved_n": null, "reconveyed_n": null, "closed_n": null, "reconveyance_rate_pct": null, "in_progress_n": null, "at_risk_n": null, "at_risk_pct": null, "tax_delinquent_pct": null, "median_days_to_compliance": null}}, {"type": "Feature", "geometry": {"bbox": [-83.20283, 42.237035, -83.185235, 42.256031], "type": "Polygon", "coordinates": [[[-83.20268300000001, 42.245926], [-83.196851, 42.256031], [-83.193296, 42.254954], [-83.185235, 42.252466], [-83.187913, 42.249823], [-83.19132500000002, 42.247036], [-83.191607, 42.247039], [-83.195682, 42.242642], [-83.19938500000002, 42.239445], [-83.202189, 42.237035], [-83.202269, 42.239706], [-83.202161, 42.245889], [-83.20283, 42.245728], [-83.20268300000001, 42.245926]]]}, "properties": {"GEOID": "26163577300", "tract_name": "5773", "total_n_nonNAP": null, "achieved_n": null, "reconveyed_n": null, "closed_n": null, "reconveyance_rate_pct": null, "in_progress_n": null, "at_risk_n": null, "at_risk_pct": null, "tax_delinquent_pct": null, "median_days_to_compliance": null}}, {"type": "Feature", "geometry": {"bbox": [-83.054057, 42.440519, -83.039193, 42.447874000000006], "type": "Polygon", "coordinates": [[[-83.054057, 42.447507], [-83.044282, 42.447765], [-83.039417, 42.447874000000006], [-83.039193, 42.440824], [-83.047275, 42.440649], [-83.049408, 42.440604], [-83.05364, 42.440519], [-83.053688, 42.440727], [-83.054057, 42.447507]]]}, "properties": {"GEOID": "26163506700", "tract_name": "5067", "total_n_nonNAP": 23, "achieved_n": 17, "reconveyed_n": 3, "closed_n": 20, "reconveyance_rate_pct": 15.0, "in_progress_n": 3, "at_risk_n": 0, "at_risk_pct": 0.0, "tax_delinquent_pct": 0.0, "median_days_to_compliance": 617}}, {"type": "Feature", "geometry": {"bbox": [-83.121338, 42.324195, -83.100564, 42.338977], "type": "Polygon", "coordinates": [[[-83.121338, 42.332485], [-83.111796, 42.336223], [-83.110566, 42.336653], [-83.103753, 42.338977], [-83.101653, 42.33583500000001], [-83.100564, 42.334557], [-83.102829, 42.331296], [-83.10679, 42.325362], [-83.115311, 42.324195], [-83.116748, 42.326171], [-83.120338, 42.331112], [-83.121338, 42.332485]]]}, "properties": {"GEOID": "26163525900", "tract_name": "5259", "total_n_nonNAP": 26, "achieved_n": 23, "reconveyed_n": 2, "closed_n": 25, "reconveyance_rate_pct": 8.0, "in_progress_n": 1, "at_risk_n": 0, "at_risk_pct": 0.0, "tax_delinquent_pct": 0.0, "median_days_to_compliance": 787}}, {"type": "Feature", "geometry": {"bbox": [-83.023886, 42.419506, -83.004022, 42.448819], "type": "Polygon", "coordinates": [[[-83.023886, 42.424056], [-83.016421, 42.434116], [-83.014654, 42.43661], [-83.005534, 42.448806], [-83.005185, 42.448819], [-83.004963, 42.441681], [-83.004692, 42.434426], [-83.004318, 42.427228], [-83.004022, 42.419936], [-83.004649, 42.419937], [-83.007688, 42.419865], [-83.013717, 42.419681], [-83.019453, 42.419559], [-83.023713, 42.419506], [-83.023886, 42.424056]]]}, "properties": {"GEOID": "26163505600", "tract_name": "5056", "total_n_nonNAP": 81, "achieved_n": 60, "reconveyed_n": 10, "closed_n": 70, "reconveyance_rate_pct": 14.3, "in_progress_n": 11, "at_risk_n": 4, "at_risk_pct": 36.4, "tax_delinquent_pct": 36.4, "median_days_to_compliance": 680.0}}, {"type": "Feature", "geometry": {"bbox": [-83.004963, 42.434426, -82.985125, 42.442205], "type": "Polygon", "coordinates": [[[-83.004963, 42.441681], [-82.993932, 42.441973], [-82.985407, 42.442205], [-82.985125, 42.434917], [-82.993634, 42.43473], [-83.004692, 42.434426], [-83.004963, 42.441681]]]}, "properties": {"GEOID": "26163503300", "tract_name": "5033", "total_n_nonNAP": 133, "achieved_n": 90, "reconveyed_n": 22, "closed_n": 112, "reconveyance_rate_pct": 19.6, "in_progress_n": 21, "at_risk_n": 6, "at_risk_pct": 28.6, "tax_delinquent_pct": 71.4, "median_days_to_compliance": 568.0}}, {"type": "Feature", "geometry": {"bbox": [-83.312825, 42.340636, -83.292776, 42.356377], "type": "Polygon", "coordinates": [[[-83.312825, 42.35518], [-83.303894, 42.355842], [-83.301843, 42.355959], [-83.29427, 42.356377], [-83.293572, 42.35127], [-83.292776, 42.341028], [-83.302547, 42.340832], [-83.302963, 42.340824], [-83.31218, 42.340636], [-83.312283, 42.343065], [-83.312563, 42.34941], [-83.312632, 42.351003], [-83.312825, 42.35518]]]}, "properties": {"GEOID": "26163571900", "tract_name": "5719", "total_n_nonNAP": null, "achieved_n": null, "reconveyed_n": null, "closed_n": null, "reconveyance_rate_pct": null, "in_progress_n": null, "at_risk_n": null, "at_risk_pct": null, "tax_delinquent_pct": null, "median_days_to_compliance": null}}, {"type": "Feature", "geometry": {"bbox": [-83.374393, 42.310166, -83.349528, 42.31802], "type": "Polygon", "coordinates": [[[-83.374393, 42.31750900000001], [-83.364581, 42.317758], [-83.349945, 42.31802], [-83.349528, 42.310819], [-83.364342, 42.310401], [-83.374081, 42.310166], [-83.374393, 42.31750900000001]]]}, "properties": {"GEOID": "26163569600", "tract_name": "5696", "total_n_nonNAP": null, "achieved_n": null, "reconveyed_n": null, "closed_n": null, "reconveyance_rate_pct": null, "in_progress_n": null, "at_risk_n": null, "at_risk_pct": null, "tax_delinquent_pct": null, "median_days_to_compliance": null}}, {"type": "Feature", "geometry": {"bbox": [-83.543442, 42.174344, -83.482302, 42.213196], "type": "Polygon", "coordinates": [[[-83.543442, 42.20941400000001], [-83.537457, 42.210661], [-83.5327, 42.212817], [-83.531068, 42.213196], [-83.529448, 42.212987], [-83.526471, 42.210514], [-83.522617, 42.211587], [-83.516555, 42.209354], [-83.511071, 42.209065], [-83.510165, 42.208321], [-83.50979, 42.206115], [-83.507449, 42.205268], [-83.504941, 42.206], [-83.503164, 42.206284], [-83.500713, 42.206734000000004], [-83.49575, 42.205105], [-83.49586000000001, 42.203056], [-83.494598, 42.20235300000001], [-83.496612, 42.201706], [-83.499014, 42.202297], [-83.498675, 42.197183], [-83.494375, 42.197173], [-83.489839, 42.200033], [-83.489762, 42.198535], [-83.488658, 42.199234], [-83.485054, 42.199242], [-83.485081, 42.200165], [-83.48715100000001, 42.200159], [-83.4851, 42.201003], [-83.482337, 42.20106], [-83.482302, 42.199283], [-83.485047, 42.198914], [-83.483863, 42.192155], [-83.48244, 42.190057], [-83.483404, 42.190044], [-83.482797, 42.175547], [-83.500728, 42.175166], [-83.517376, 42.174866], [-83.520676, 42.174791], [-83.542102, 42.174344], [-83.542882, 42.197043], [-83.542903, 42.197812], [-83.54344, 42.209356], [-83.543442, 42.20941400000001]]]}, "properties": {"GEOID": "26163588300", "tract_name": "5883", "total_n_nonNAP": null, "achieved_n": null, "reconveyed_n": null, "closed_n": null, "reconveyance_rate_pct": null, "in_progress_n": null, "at_risk_n": null, "at_risk_pct": null, "tax_delinquent_pct": null, "median_days_to_compliance": null}}, {"type": "Feature", "geometry": {"bbox": [-83.038948, 42.419169, -83.023713, 42.43397], "type": "Polygon", "coordinates": [[[-83.038948, 42.433682], [-83.024257, 42.43397], [-83.023984, 42.426735], [-83.023886, 42.424056], [-83.023713, 42.419506], [-83.038339, 42.419169], [-83.038639, 42.426403], [-83.038948, 42.433682]]]}, "properties": {"GEOID": "26163506300", "tract_name": "5063", "total_n_nonNAP": 117, "achieved_n": 63, "reconveyed_n": 26, "closed_n": 89, "reconveyance_rate_pct": 29.2, "in_progress_n": 28, "at_risk_n": 9, "at_risk_pct": 32.1, "tax_delinquent_pct": 57.1, "median_days_to_compliance": 552}}, {"type": "Feature", "geometry": {"bbox": [-83.199316, 42.408753000000004, -83.184846, 42.416525], "type": "Polygon", "coordinates": [[[-83.199316, 42.415983], [-83.194447, 42.416214], [-83.189555, 42.416459], [-83.18517500000002, 42.416525], [-83.184846, 42.409195], [-83.189233, 42.409055], [-83.194184, 42.408897], [-83.199017, 42.408753000000004], [-83.199316, 42.415983]]]}, "properties": {"GEOID": "26163537600", "tract_name": "5376", "total_n_nonNAP": 18, "achieved_n": 15, "reconveyed_n": 2, "closed_n": 17, "reconveyance_rate_pct": 11.8, "in_progress_n": 1, "at_risk_n": 0, "at_risk_pct": 0.0, "tax_delinquent_pct": 0.0, "median_days_to_compliance": 391}}, {"type": "Feature", "geometry": {"bbox": [-83.256538, 42.138271, -83.24174, 42.154556], "type": "Polygon", "coordinates": [[[-83.256538, 42.15356], [-83.251711, 42.153939], [-83.242536, 42.154556], [-83.24174, 42.13878], [-83.246395, 42.138402], [-83.251283, 42.138351], [-83.256318, 42.138271], [-83.256538, 42.15356]]]}, "properties": {"GEOID": "26163593200", "tract_name": "5932", "total_n_nonNAP": null, "achieved_n": null, "reconveyed_n": null, "closed_n": null, "reconveyance_rate_pct": null, "in_progress_n": null, "at_risk_n": null, "at_risk_pct": null, "tax_delinquent_pct": null, "median_days_to_compliance": null}}, {"type": "Feature", "geometry": {"bbox": [-83.29110800000001, 42.281295, -83.285158, 42.312186], "type": "Polygon", "coordinates": [[[-83.29110800000001, 42.31205], [-83.28638, 42.312186], [-83.28591, 42.301904], [-83.285722, 42.297421], [-83.28564800000001, 42.29497], [-83.285625, 42.29450500000001], [-83.285158, 42.281416], [-83.289968, 42.281295], [-83.290033, 42.283107], [-83.290399, 42.294178], [-83.290776, 42.304821], [-83.290865, 42.30663400000001], [-83.29110800000001, 42.31205]]]}, "properties": {"GEOID": "26163572400", "tract_name": "5724", "total_n_nonNAP": null, "achieved_n": null, "reconveyed_n": null, "closed_n": null, "reconveyance_rate_pct": null, "in_progress_n": null, "at_risk_n": null, "at_risk_pct": null, "tax_delinquent_pct": null, "median_days_to_compliance": null}}, {"type": "Feature", "geometry": {"bbox": [-82.97528, 42.426931, -82.953192, 42.43558], "type": "Polygon", "coordinates": [[[-82.97528, 42.435133], [-82.965472, 42.435423], [-82.962031, 42.435521], [-82.95577600000001, 42.43558], [-82.955372, 42.435468], [-82.95368, 42.434779], [-82.953192, 42.434404], [-82.95725200000001, 42.429101], [-82.958859, 42.426931], [-82.960423, 42.427233], [-82.965268, 42.427181], [-82.967719, 42.427154], [-82.975075, 42.427041], [-82.975107, 42.427884], [-82.97528, 42.435133]]]}, "properties": {"GEOID": "26163500600", "tract_name": "5006", "total_n_nonNAP": 154, "achieved_n": 77, "reconveyed_n": 27, "closed_n": 104, "reconveyance_rate_pct": 26.0, "in_progress_n": 50, "at_risk_n": 16, "at_risk_pct": 32.0, "tax_delinquent_pct": 50.0, "median_days_to_compliance": 624}}, {"type": "Feature", "geometry": {"bbox": [-83.408613, 42.30958, -83.388669, 42.324449], "type": "Polygon", "coordinates": [[[-83.408613, 42.324025], [-83.399052, 42.324261], [-83.389166, 42.324449], [-83.388911, 42.31719], [-83.388669, 42.309962], [-83.39825, 42.309769], [-83.408083, 42.30958], [-83.408431, 42.316812], [-83.408613, 42.324025]]]}, "properties": {"GEOID": "26163568000", "tract_name": "5680", "total_n_nonNAP": null, "achieved_n": null, "reconveyed_n": null, "closed_n": null, "reconveyance_rate_pct": null, "in_progress_n": null, "at_risk_n": null, "at_risk_pct": null, "tax_delinquent_pct": null, "median_days_to_compliance": null}}, {"type": "Feature", "geometry": {"bbox": [-83.112286, 42.373031, -83.090225, 42.383864], "type": "Polygon", "coordinates": [[[-83.112286, 42.378799], [-83.10342800000001, 42.382091], [-83.100505, 42.383209], [-83.098701, 42.383864], [-83.092342, 42.38159], [-83.090225, 42.379716], [-83.096566, 42.377435], [-83.09931300000001, 42.376441], [-83.10289, 42.375122], [-83.108507, 42.373031], [-83.108798, 42.373471], [-83.112286, 42.378799]]]}, "properties": {"GEOID": "26163531200", "tract_name": "5312", "total_n_nonNAP": 81, "achieved_n": 66, "reconveyed_n": 14, "closed_n": 80, "reconveyance_rate_pct": 17.5, "in_progress_n": 1, "at_risk_n": 1, "at_risk_pct": 100.0, "tax_delinquent_pct": 100.0, "median_days_to_compliance": 724.0}}, {"type": "Feature", "geometry": {"bbox": [-83.37179, 42.35382, -83.351774, 42.361473], "type": "Polygon", "coordinates": [[[-83.37179, 42.360331], [-83.368659, 42.361087], [-83.362088, 42.361233], [-83.352135, 42.361473], [-83.351774, 42.354263], [-83.361465, 42.354023], [-83.361779, 42.354016], [-83.371214, 42.35382], [-83.371461, 42.354663], [-83.37179, 42.360331]]]}, "properties": {"GEOID": "26163558800", "tract_name": "5588", "total_n_nonNAP": null, "achieved_n": null, "reconveyed_n": null, "closed_n": null, "reconveyance_rate_pct": null, "in_progress_n": null, "at_risk_n": null, "at_risk_pct": null, "tax_delinquent_pct": null, "median_days_to_compliance": null}}, {"type": "Feature", "geometry": {"bbox": [-83.459951, 42.358959, -83.43033, 42.374551], "type": "Polygon", "coordinates": [[[-83.459951, 42.364501], [-83.458366, 42.36452], [-83.457436, 42.364528], [-83.457647, 42.371431], [-83.456153, 42.370942], [-83.455847, 42.369606], [-83.452533, 42.368592], [-83.452559, 42.37101], [-83.449735, 42.370754], [-83.449682, 42.371624000000004], [-83.445521, 42.371745], [-83.445663, 42.374551], [-83.436708, 42.372904], [-83.430832, 42.371809], [-83.43033, 42.359714], [-83.436143, 42.359556], [-83.444987, 42.359316], [-83.459683, 42.358959], [-83.459951, 42.364501]]]}, "properties": {"GEOID": "26163562800", "tract_name": "5628", "total_n_nonNAP": null, "achieved_n": null, "reconveyed_n": null, "closed_n": null, "reconveyance_rate_pct": null, "in_progress_n": null, "at_risk_n": null, "at_risk_pct": null, "tax_delinquent_pct": null, "median_days_to_compliance": null}}, {"type": "Feature", "geometry": {"bbox": [-83.216231, 42.335784, -83.19591, 42.343665], "type": "Polygon", "coordinates": [[[-83.216045, 42.34337], [-83.209795, 42.343473], [-83.209241, 42.343482], [-83.203642, 42.34357], [-83.202402, 42.343586], [-83.196288, 42.343665], [-83.195983, 42.33824], [-83.19591, 42.336439], [-83.196135, 42.336435], [-83.20211, 42.336353], [-83.209507, 42.336268], [-83.213658, 42.335784], [-83.215415, 42.336135], [-83.21593700000001, 42.336128], [-83.216231, 42.343366], [-83.216045, 42.34337]]]}, "properties": {"GEOID": "26163545600", "tract_name": "5456", "total_n_nonNAP": 95, "achieved_n": 85, "reconveyed_n": 9, "closed_n": 94, "reconveyance_rate_pct": 9.6, "in_progress_n": 1, "at_risk_n": 1, "at_risk_pct": 100.0, "tax_delinquent_pct": 0.0, "median_days_to_compliance": 441}}, {"type": "Feature", "geometry": {"bbox": [-83.275208, 42.378433, -83.256142, 42.385792], "type": "Polygon", "coordinates": [[[-83.275208, 42.385468], [-83.265226, 42.385792], [-83.261314, 42.385788], [-83.258782, 42.38569], [-83.256192, 42.385616], [-83.256142, 42.38381], [-83.258386, 42.383546], [-83.260626, 42.38327600000001], [-83.261105, 42.378875], [-83.265965, 42.378755], [-83.266667, 42.378793], [-83.266663, 42.378604], [-83.274999, 42.378433], [-83.274988, 42.378607], [-83.275208, 42.385468]]]}, "properties": {"GEOID": "26163544000", "tract_name": "5440", "total_n_nonNAP": 9, "achieved_n": 9, "reconveyed_n": 0, "closed_n": 9, "reconveyance_rate_pct": 0.0, "in_progress_n": 0, "at_risk_n": 0, "at_risk_pct": null, "tax_delinquent_pct": null, "median_days_to_compliance": 891}}, {"type": "Feature", "geometry": {"bbox": [-83.363194, 42.267132, -83.348095, 42.284375], "type": "Polygon", "coordinates": [[[-83.363194, 42.281928], [-83.354754, 42.283378], [-83.348659, 42.284375], [-83.348199, 42.274689], [-83.348095, 42.267463], [-83.352877, 42.267367], [-83.36257, 42.267132], [-83.362918, 42.274348], [-83.363194, 42.281928]]]}, "properties": {"GEOID": "26163566900", "tract_name": "5669", "total_n_nonNAP": null, "achieved_n": null, "reconveyed_n": null, "closed_n": null, "reconveyance_rate_pct": null, "in_progress_n": null, "at_risk_n": null, "at_risk_pct": null, "tax_delinquent_pct": null, "median_days_to_compliance": null}}, {"type": "Feature", "geometry": {"bbox": [-83.486869, 42.368277, -83.461179, 42.382782], "type": "Polygon", "coordinates": [[[-83.486869, 42.382782], [-83.482349, 42.381908], [-83.474616, 42.381322], [-83.466465, 42.380792], [-83.464001, 42.374818], [-83.461179, 42.368277], [-83.469443, 42.369795], [-83.47181, 42.370174], [-83.480216, 42.371525], [-83.480457, 42.374872], [-83.486495, 42.37619], [-83.486869, 42.382782]]]}, "properties": {"GEOID": "26163562600", "tract_name": "5626", "total_n_nonNAP": null, "achieved_n": null, "reconveyed_n": null, "closed_n": null, "reconveyance_rate_pct": null, "in_progress_n": null, "at_risk_n": null, "at_risk_pct": null, "tax_delinquent_pct": null, "median_days_to_compliance": null}}, {"type": "Feature", "geometry": {"bbox": [-83.544433, 42.247059, -83.486378, 42.263899], "type": "Polygon", "coordinates": [[[-83.544401, 42.24944800000001], [-83.544295, 42.251534], [-83.503346, 42.258344], [-83.505188, 42.263376], [-83.486918, 42.263899], [-83.486378, 42.248556], [-83.504266, 42.24777], [-83.5347, 42.247059], [-83.536245, 42.247148], [-83.540975, 42.24847], [-83.544433, 42.248812], [-83.544401, 42.24944800000001]]]}, "properties": {"GEOID": "26163983100", "tract_name": "9831", "total_n_nonNAP": null, "achieved_n": null, "reconveyed_n": null, "closed_n": null, "reconveyance_rate_pct": null, "in_progress_n": null, "at_risk_n": null, "at_risk_pct": null, "tax_delinquent_pct": null, "median_days_to_compliance": null}}, {"type": "Feature", "geometry": {"bbox": [-83.400365, 42.331211, -83.384873, 42.338933], "type": "Polygon", "coordinates": [[[-83.400365, 42.338016], [-83.400238, 42.338564], [-83.399808, 42.338623], [-83.389766, 42.338832], [-83.384972, 42.338933], [-83.384873, 42.33571], [-83.386538, 42.331684], [-83.389354, 42.331621], [-83.394535, 42.331484], [-83.399705, 42.331211], [-83.400207, 42.332435], [-83.400345, 42.335803], [-83.400365, 42.338016]]]}, "properties": {"GEOID": "26163568800", "tract_name": "5688", "total_n_nonNAP": null, "achieved_n": null, "reconveyed_n": null, "closed_n": null, "reconveyance_rate_pct": null, "in_progress_n": null, "at_risk_n": null, "at_risk_pct": null, "tax_delinquent_pct": null, "median_days_to_compliance": null}}, {"type": "Feature", "geometry": {"bbox": [-83.166456, 42.292539, -83.139717, 42.329925], "type": "Polygon", "coordinates": [[[-83.166456, 42.329686], [-83.156737, 42.329925], [-83.15668, 42.328731], [-83.156551, 42.32724], [-83.156513, 42.324535], [-83.158324, 42.319003], [-83.157667, 42.31807500000001], [-83.157521, 42.317859000000006], [-83.153074, 42.311769], [-83.147191, 42.314134], [-83.144632, 42.315068], [-83.140838, 42.31088100000001], [-83.14078, 42.311008], [-83.139717, 42.308662], [-83.142438, 42.305252], [-83.140403, 42.299054], [-83.1407, 42.297036], [-83.142641, 42.294415], [-83.144473, 42.293584], [-83.147468, 42.292539], [-83.148823, 42.293202], [-83.149763, 42.295566], [-83.151079, 42.296233], [-83.149225, 42.29871], [-83.162632, 42.317166], [-83.162683, 42.317236], [-83.166171, 42.32245], [-83.166255, 42.324981], [-83.166456, 42.329686]]]}, "properties": {"GEOID": "26163573501", "tract_name": "5735.01", "total_n_nonNAP": null, "achieved_n": null, "reconveyed_n": null, "closed_n": null, "reconveyance_rate_pct": null, "in_progress_n": null, "at_risk_n": null, "at_risk_pct": null, "tax_delinquent_pct": null, "median_days_to_compliance": null}}, {"type": "Feature", "geometry": {"bbox": [-83.239423, 42.436772, -83.21954, 42.444349], "type": "Polygon", "coordinates": [[[-83.239423, 42.443918], [-83.226042, 42.44421], [-83.225608, 42.444219], [-83.219806, 42.444346], [-83.219631, 42.444349], [-83.21954, 42.437237], [-83.225717, 42.43711], [-83.228125, 42.437112], [-83.239136, 42.436772], [-83.23928, 42.440332], [-83.239423, 42.443918]]]}, "properties": {"GEOID": "26163540800", "tract_name": "5408", "total_n_nonNAP": 31, "achieved_n": 28, "reconveyed_n": 1, "closed_n": 29, "reconveyance_rate_pct": 3.4, "in_progress_n": 2, "at_risk_n": 1, "at_risk_pct": 50.0, "tax_delinquent_pct": 50.0, "median_days_to_compliance": 432.0}}, {"type": "Feature", "geometry": {"bbox": [-83.26675, 42.15256, -83.217204, 42.1844], "type": "Polygon", "coordinates": [[[-83.26675, 42.167309], [-83.256806, 42.168222], [-83.249838, 42.16883], [-83.246725, 42.170166], [-83.243351, 42.170547], [-83.243612, 42.179131], [-83.244034, 42.183963], [-83.232954, 42.184183], [-83.228123, 42.184279], [-83.226778, 42.184299], [-83.218122, 42.1844], [-83.217679, 42.169804], [-83.217432, 42.162375], [-83.217204, 42.155266], [-83.22429, 42.155202], [-83.22667900000002, 42.155179], [-83.231898, 42.155111], [-83.237147, 42.155034], [-83.242536, 42.154556], [-83.251711, 42.153939], [-83.256538, 42.15356], [-83.266362, 42.15256], [-83.266539, 42.159869], [-83.26675, 42.167309]]]}, "properties": {"GEOID": "26163591502", "tract_name": "5915.02", "total_n_nonNAP": null, "achieved_n": null, "reconveyed_n": null, "closed_n": null, "reconveyance_rate_pct": null, "in_progress_n": null, "at_risk_n": null, "at_risk_pct": null, "tax_delinquent_pct": null, "median_days_to_compliance": null}}, {"type": "Feature", "geometry": {"bbox": [-83.270384, 42.254383, -83.23168, 42.269879], "type": "Polygon", "coordinates": [[[-83.270134, 42.269141], [-83.250606, 42.269487], [-83.240797, 42.269672], [-83.231911, 42.269879], [-83.23168, 42.266101], [-83.253019, 42.265387], [-83.260441, 42.264224000000006], [-83.260382, 42.26299], [-83.255937, 42.263012], [-83.255729, 42.257893], [-83.260238, 42.25679], [-83.269974, 42.254383], [-83.270384, 42.264621], [-83.270134, 42.269141]]]}, "properties": {"GEOID": "26163583001", "tract_name": "5830.01", "total_n_nonNAP": null, "achieved_n": null, "reconveyed_n": null, "closed_n": null, "reconveyance_rate_pct": null, "in_progress_n": null, "at_risk_n": null, "at_risk_pct": null, "tax_delinquent_pct": null, "median_days_to_compliance": null}}, {"type": "Feature", "geometry": {"bbox": [-83.142629, 42.279187, -83.081432, 42.316559000000005], "type": "Polygon", "coordinates": [[[-83.142629, 42.291215], [-83.130908, 42.295724], [-83.124815, 42.298023], [-83.121279, 42.30065], [-83.113988, 42.303705], [-83.109165, 42.305626], [-83.105763, 42.307], [-83.104295, 42.307768], [-83.100759, 42.309717], [-83.097156, 42.311316000000005], [-83.091092, 42.313672], [-83.085162, 42.316094], [-83.084469, 42.316559000000005], [-83.082851, 42.314641], [-83.081432, 42.312658], [-83.082589, 42.31075100000001], [-83.085624, 42.308777], [-83.091737, 42.303729], [-83.097784, 42.301244], [-83.101334, 42.29766800000001], [-83.113451, 42.292343], [-83.111144, 42.289474], [-83.114705, 42.290177], [-83.116624, 42.290186], [-83.119326, 42.289057], [-83.119954, 42.287554], [-83.118937, 42.282975], [-83.117839, 42.28116300000001], [-83.118373, 42.279187], [-83.121971, 42.279435], [-83.12879, 42.280791], [-83.13157, 42.281408], [-83.13574400000002, 42.282589], [-83.13753, 42.282791], [-83.137146, 42.28326], [-83.139434, 42.2868], [-83.142629, 42.291215]]]}, "properties": {"GEOID": "26163524600", "tract_name": "5246", "total_n_nonNAP": null, "achieved_n": null, "reconveyed_n": null, "closed_n": null, "reconveyance_rate_pct": null, "in_progress_n": null, "at_risk_n": null, "at_risk_pct": null, "tax_delinquent_pct": null, "median_days_to_compliance": null}}, {"type": "Feature", "geometry": {"bbox": [-83.051304, 42.38604, -83.043393, 42.393447], "type": "Polygon", "coordinates": [[[-83.051304, 42.386894], [-83.046414, 42.393447], [-83.044638, 42.390518], [-83.044356, 42.390181], [-83.043393, 42.38883], [-83.05070500000001, 42.38604], [-83.051304, 42.386894]]]}, "properties": {"GEOID": "26163986600", "tract_name": "9866", "total_n_nonNAP": null, "achieved_n": null, "reconveyed_n": null, "closed_n": null, "reconveyance_rate_pct": null, "in_progress_n": null, "at_risk_n": null, "at_risk_pct": null, "tax_delinquent_pct": null, "median_days_to_compliance": null}}, {"type": "Feature", "geometry": {"bbox": [-83.113428, 42.357133, -83.099947, 42.367284], "type": "Polygon", "coordinates": [[[-83.110161, 42.365184], [-83.104635, 42.367284], [-83.099947, 42.360302], [-83.102401, 42.359526], [-83.105565, 42.358351], [-83.10884300000001, 42.357133], [-83.113428, 42.363957], [-83.110161, 42.365184]]]}, "properties": {"GEOID": "26163533300", "tract_name": "5333", "total_n_nonNAP": 144, "achieved_n": 74, "reconveyed_n": 35, "closed_n": 109, "reconveyance_rate_pct": 32.1, "in_progress_n": 35, "at_risk_n": 14, "at_risk_pct": 40.0, "tax_delinquent_pct": 62.9, "median_days_to_compliance": 727.5}}, {"type": "Feature", "geometry": {"bbox": [-83.083393, 42.440067, -83.05364, 42.447507], "type": "Polygon", "coordinates": [[[-83.083393, 42.447153], [-83.081037, 42.447055], [-83.071046, 42.447175], [-83.063877, 42.447258], [-83.061678, 42.447318], [-83.059862, 42.447366], [-83.054057, 42.447507], [-83.053688, 42.440727], [-83.05364, 42.440519], [-83.058167, 42.440436], [-83.061363, 42.440371], [-83.063555, 42.440328], [-83.070639, 42.440207], [-83.078812, 42.440067], [-83.083153, 42.446119], [-83.083393, 42.447153]]]}, "properties": {"GEOID": "26163506800", "tract_name": "5068", "total_n_nonNAP": 43, "achieved_n": 35, "reconveyed_n": 4, "closed_n": 39, "reconveyance_rate_pct": 10.3, "in_progress_n": 4, "at_risk_n": 1, "at_risk_pct": 25.0, "tax_delinquent_pct": 25.0, "median_days_to_compliance": 628}}, {"type": "Feature", "geometry": {"bbox": [-83.158324, 42.31088100000001, -83.127584, 42.328087], "type": "Polygon", "coordinates": [[[-83.158324, 42.319003], [-83.156513, 42.324535], [-83.156551, 42.32724], [-83.153209, 42.328087], [-83.147038, 42.31963], [-83.137602, 42.321], [-83.135028, 42.321448], [-83.131368, 42.322383], [-83.128832, 42.318874], [-83.127584, 42.317154], [-83.128734, 42.317368], [-83.131582, 42.317021], [-83.134594, 42.31648], [-83.137882, 42.313904], [-83.141639, 42.318909], [-83.143851, 42.318659], [-83.141954, 42.315205], [-83.143448, 42.31469], [-83.14078, 42.311008], [-83.140838, 42.31088100000001], [-83.144632, 42.315068], [-83.147191, 42.314134], [-83.153074, 42.311769], [-83.157521, 42.317859000000006], [-83.157667, 42.31807500000001], [-83.158324, 42.319003]]]}, "properties": {"GEOID": "26163983600", "tract_name": "9836", "total_n_nonNAP": null, "achieved_n": null, "reconveyed_n": null, "closed_n": null, "reconveyance_rate_pct": null, "in_progress_n": null, "at_risk_n": null, "at_risk_pct": null, "tax_delinquent_pct": null, "median_days_to_compliance": null}}, {"type": "Feature", "geometry": {"bbox": [-83.061937, 42.381145, -83.046414, 42.396383], "type": "Polygon", "coordinates": [[[-83.058005, 42.392867], [-83.055787, 42.393694], [-83.05197, 42.395126], [-83.04859, 42.396383], [-83.046414, 42.393447], [-83.051304, 42.386894], [-83.055683, 42.381145], [-83.061937, 42.39041], [-83.058005, 42.392867]]]}, "properties": {"GEOID": "26163552801", "tract_name": "5528.01", "total_n_nonNAP": null, "achieved_n": null, "reconveyed_n": null, "closed_n": null, "reconveyance_rate_pct": null, "in_progress_n": null, "at_risk_n": null, "at_risk_pct": null, "tax_delinquent_pct": null, "median_days_to_compliance": null}}, {"type": "Feature", "geometry": {"bbox": [-82.987766, 42.389288, -82.954492, 42.405048], "type": "Polygon", "coordinates": [[[-82.987766, 42.396638], [-82.985244, 42.398103], [-82.984402, 42.398821], [-82.982159, 42.399484], [-82.97310600000002, 42.401595], [-82.964937, 42.403611], [-82.964298, 42.403822], [-82.960329, 42.405048], [-82.960246, 42.404924], [-82.958102, 42.401723], [-82.957542, 42.401141], [-82.954492, 42.397021], [-82.960111, 42.394995], [-82.964136, 42.393545], [-82.967045, 42.3925], [-82.968089, 42.392124], [-82.976029, 42.389288], [-82.978777, 42.390215], [-82.98388900000002, 42.393305], [-82.984923, 42.394144], [-82.985132, 42.394309], [-82.987362, 42.396422], [-82.987766, 42.396638]]]}, "properties": {"GEOID": "26163502600", "tract_name": "5026", "total_n_nonNAP": 131, "achieved_n": 90, "reconveyed_n": 18, "closed_n": 108, "reconveyance_rate_pct": 16.7, "in_progress_n": 23, "at_risk_n": 6, "at_risk_pct": 26.1, "tax_delinquent_pct": 52.2, "median_days_to_compliance": 703.0}}, {"type": "Feature", "geometry": {"bbox": [-83.544433, 42.223152000000006, -83.504035, 42.248812], "type": "Polygon", "coordinates": [[[-83.544433, 42.248812], [-83.540975, 42.24847], [-83.536245, 42.247148], [-83.5347, 42.247059], [-83.504266, 42.24777], [-83.504035, 42.233544], [-83.509042, 42.233393], [-83.509058, 42.229403], [-83.528341, 42.228924], [-83.528362, 42.22336], [-83.535122, 42.223152000000006], [-83.535744, 42.223403], [-83.542637, 42.229273], [-83.544153, 42.232029], [-83.544433, 42.248812]]]}, "properties": {"GEOID": "26163986502", "tract_name": "9865.02", "total_n_nonNAP": null, "achieved_n": null, "reconveyed_n": null, "closed_n": null, "reconveyance_rate_pct": null, "in_progress_n": null, "at_risk_n": null, "at_risk_pct": null, "tax_delinquent_pct": null, "median_days_to_compliance": null}}, {"type": "Feature", "geometry": {"bbox": [-83.130873, 42.381181, -83.116209, 42.391012], "type": "Polygon", "coordinates": [[[-83.130873, 42.389743], [-83.127442, 42.391012], [-83.126061, 42.388954000000005], [-83.123353, 42.384929], [-83.117928, 42.386933], [-83.116209, 42.38448], [-83.125108, 42.381181], [-83.126743, 42.383604], [-83.129479, 42.387677], [-83.130873, 42.389743]]]}, "properties": {"GEOID": "26163531501", "tract_name": "5315.01", "total_n_nonNAP": 106, "achieved_n": 52, "reconveyed_n": 27, "closed_n": 79, "reconveyance_rate_pct": 34.2, "in_progress_n": 27, "at_risk_n": 11, "at_risk_pct": 40.7, "tax_delinquent_pct": 63.0, "median_days_to_compliance": 721.0}}, {"type": "Feature", "geometry": {"bbox": [-82.963458, 42.412935, -82.939229, 42.424759], "type": "Polygon", "coordinates": [[[-82.963458, 42.420815], [-82.960496, 42.424759], [-82.949022, 42.420032], [-82.939229, 42.416057], [-82.943396, 42.412935], [-82.951793, 42.41641], [-82.952274, 42.41661], [-82.95748, 42.418765], [-82.962416, 42.420801], [-82.963458, 42.420815]]]}, "properties": {"GEOID": "26163501000", "tract_name": "5010", "total_n_nonNAP": 101, "achieved_n": 79, "reconveyed_n": 14, "closed_n": 93, "reconveyance_rate_pct": 15.1, "in_progress_n": 8, "at_risk_n": 1, "at_risk_pct": 12.5, "tax_delinquent_pct": 37.5, "median_days_to_compliance": 647.0}}, {"type": "Feature", "geometry": {"bbox": [-82.933005, 42.406075, -82.910427, 42.421354], "type": "Polygon", "coordinates": [[[-82.933005, 42.410924], [-82.92818100000001, 42.412699], [-82.921742, 42.415034000000006], [-82.916684, 42.417009], [-82.915035, 42.419007], [-82.917355, 42.419945], [-82.916327, 42.421354], [-82.910427, 42.419023], [-82.910651, 42.417117], [-82.91093300000001, 42.416099], [-82.912557, 42.41239000000001], [-82.918582, 42.410204], [-82.924942, 42.407851], [-82.92983, 42.406075], [-82.933005, 42.410924]]]}, "properties": {"GEOID": "26163501600", "tract_name": "5016", "total_n_nonNAP": 41, "achieved_n": 26, "reconveyed_n": 11, "closed_n": 37, "reconveyance_rate_pct": 29.7, "in_progress_n": 4, "at_risk_n": 1, "at_risk_pct": 25.0, "tax_delinquent_pct": 25.0, "median_days_to_compliance": 484.0}}, {"type": "Feature", "geometry": {"bbox": [-83.067619, 42.344886, -83.057877, 42.354743], "type": "Polygon", "coordinates": [[[-83.067619, 42.353027], [-83.065376, 42.353738], [-83.062994, 42.354743], [-83.061463, 42.352707], [-83.060017, 42.350577], [-83.057877, 42.347381], [-83.060133, 42.345788], [-83.062973, 42.344886], [-83.064417, 42.347418], [-83.065162, 42.348718], [-83.065778, 42.349797], [-83.066498, 42.351062], [-83.067619, 42.353027]]]}, "properties": {"GEOID": "26163520300", "tract_name": "5203", "total_n_nonNAP": null, "achieved_n": null, "reconveyed_n": null, "closed_n": null, "reconveyance_rate_pct": null, "in_progress_n": null, "at_risk_n": null, "at_risk_pct": null, "tax_delinquent_pct": null, "median_days_to_compliance": null}}, {"type": "Feature", "geometry": {"bbox": [-83.15838, 42.208716, -83.1269343207162, 42.234868], "type": "Polygon", "coordinates": [[[-83.156641, 42.219488], [-83.155265, 42.223821], [-83.151837, 42.234642], [-83.149113, 42.234585], [-83.148509, 42.234868], [-83.14746, 42.234793], [-83.1269343207162, 42.2347150605502], [-83.130606, 42.211039], [-83.1308434885568, 42.2087497310058], [-83.147206, 42.208716], [-83.147212, 42.209556], [-83.148784, 42.209732], [-83.14995000000002, 42.21415], [-83.153516, 42.214083], [-83.15838, 42.214005], [-83.156641, 42.219488]]]}, "properties": {"GEOID": "26163580100", "tract_name": "5801", "total_n_nonNAP": null, "achieved_n": null, "reconveyed_n": null, "closed_n": null, "reconveyance_rate_pct": null, "in_progress_n": null, "at_risk_n": null, "at_risk_pct": null, "tax_delinquent_pct": null, "median_days_to_compliance": null}}, {"type": "Feature", "geometry": {"bbox": [-83.485997, 42.220066, -83.45455, 42.234536], "type": "Polygon", "coordinates": [[[-83.485997, 42.233898], [-83.475614, 42.234236], [-83.466117, 42.234313], [-83.454784, 42.234536], [-83.4546, 42.227085], [-83.45455, 42.220694], [-83.457729, 42.220393], [-83.465797, 42.220161], [-83.485166, 42.220066], [-83.485002, 42.226333], [-83.485997, 42.233898]]]}, "properties": {"GEOID": "26163588001", "tract_name": "5880.01", "total_n_nonNAP": null, "achieved_n": null, "reconveyed_n": null, "closed_n": null, "reconveyance_rate_pct": null, "in_progress_n": null, "at_risk_n": null, "at_risk_pct": null, "tax_delinquent_pct": null, "median_days_to_compliance": null}}, {"type": "Feature", "geometry": {"bbox": [-83.216581, 42.350616, -83.196609, 42.365365], "type": "Polygon", "coordinates": [[[-83.216561, 42.364729], [-83.216568, 42.365259], [-83.214947, 42.365081], [-83.209377, 42.365178], [-83.202667, 42.365293], [-83.197286, 42.365365], [-83.197113, 42.360537], [-83.196997, 42.358129], [-83.196885, 42.355758], [-83.196609, 42.35089], [-83.203959, 42.35078300000001], [-83.209531, 42.350703], [-83.216265, 42.350619], [-83.216446, 42.350616], [-83.216581, 42.357845], [-83.216561, 42.364729]]]}, "properties": {"GEOID": "26163547200", "tract_name": "5472", "total_n_nonNAP": 77, "achieved_n": 51, "reconveyed_n": 13, "closed_n": 64, "reconveyance_rate_pct": 20.3, "in_progress_n": 13, "at_risk_n": 4, "at_risk_pct": 30.8, "tax_delinquent_pct": 61.5, "median_days_to_compliance": 506}}, {"type": "Feature", "geometry": {"bbox": [-83.246469, 42.290373, -83.199592, 42.309747], "type": "Polygon", "coordinates": [[[-83.242703, 42.297392], [-83.240016, 42.300556], [-83.23933500000001, 42.302546], [-83.241541, 42.303998], [-83.242215, 42.305175], [-83.236742, 42.30650500000001], [-83.222102, 42.308682], [-83.21476, 42.309747], [-83.214769, 42.309372], [-83.214305, 42.307462], [-83.210966, 42.307479], [-83.210024, 42.307123], [-83.199592, 42.30097], [-83.200714, 42.300524], [-83.206028, 42.298478], [-83.206197, 42.298412], [-83.208995, 42.297313], [-83.219589, 42.294893], [-83.228156, 42.292936], [-83.229005, 42.292743], [-83.239617, 42.290373], [-83.241787, 42.290573], [-83.246469, 42.292812], [-83.242703, 42.297392]]]}, "properties": {"GEOID": "26163983800", "tract_name": "9838", "total_n_nonNAP": null, "achieved_n": null, "reconveyed_n": null, "closed_n": null, "reconveyance_rate_pct": null, "in_progress_n": null, "at_risk_n": null, "at_risk_pct": null, "tax_delinquent_pct": null, "median_days_to_compliance": null}}, {"type": "Feature", "geometry": {"bbox": [-83.345538, 42.180633, -83.306022, 42.2449], "type": "Polygon", "coordinates": [[[-83.345538, 42.193681], [-83.34238, 42.194847], [-83.339982, 42.195195], [-83.333037, 42.195327], [-83.32591, 42.195523], [-83.325954, 42.196413], [-83.325971, 42.196752], [-83.327852, 42.240048], [-83.308177, 42.2449], [-83.308056, 42.239288], [-83.307539, 42.224893], [-83.307012, 42.210424], [-83.306535, 42.195973], [-83.306438, 42.193242], [-83.306262, 42.188343], [-83.306259, 42.18811], [-83.306022, 42.181282], [-83.315844, 42.181074], [-83.325518, 42.180946], [-83.345006, 42.180633], [-83.345538, 42.193681]]]}, "properties": {"GEOID": "26163586201", "tract_name": "5862.01", "total_n_nonNAP": null, "achieved_n": null, "reconveyed_n": null, "closed_n": null, "reconveyance_rate_pct": null, "in_progress_n": null, "at_risk_n": null, "at_risk_pct": null, "tax_delinquent_pct": null, "median_days_to_compliance": null}}, {"type": "Feature", "geometry": {"bbox": [-83.232883, 42.393589000000006, -83.218087, 42.406449], "type": "Polygon", "coordinates": [[[-83.232883, 42.406007], [-83.232589, 42.406449], [-83.219307, 42.401099], [-83.218386, 42.401121], [-83.218385, 42.400738000000004], [-83.218087, 42.39389200000001], [-83.222607, 42.393799], [-83.225009, 42.393744], [-83.227407, 42.39369], [-83.231092, 42.393609], [-83.232282, 42.393589000000006], [-83.232358, 42.395825], [-83.232611, 42.400771], [-83.232883, 42.406007]]]}, "properties": {"GEOID": "26163542900", "tract_name": "5429", "total_n_nonNAP": 5, "achieved_n": 5, "reconveyed_n": 0, "closed_n": 5, "reconveyance_rate_pct": 0.0, "in_progress_n": 0, "at_risk_n": 0, "at_risk_pct": null, "tax_delinquent_pct": null, "median_days_to_compliance": 432}}, {"type": "Feature", "geometry": {"bbox": [-83.28564800000001, 42.281416, -83.270634, 42.297806], "type": "Polygon", "coordinates": [[[-83.28564800000001, 42.29497], [-83.28086, 42.295783], [-83.275983, 42.29662], [-83.271509, 42.297755], [-83.271331, 42.297806], [-83.270978, 42.290796], [-83.270779, 42.285368], [-83.270634, 42.281736], [-83.2711, 42.281723], [-83.280355, 42.281521], [-83.285158, 42.281416], [-83.285625, 42.29450500000001], [-83.28564800000001, 42.29497]]]}, "properties": {"GEOID": "26163575200", "tract_name": "5752", "total_n_nonNAP": null, "achieved_n": null, "reconveyed_n": null, "closed_n": null, "reconveyance_rate_pct": null, "in_progress_n": null, "at_risk_n": null, "at_risk_pct": null, "tax_delinquent_pct": null, "median_days_to_compliance": null}}, {"type": "Feature", "geometry": {"bbox": [-82.946729, 42.388771, -82.933431, 42.40199200000001], "type": "Polygon", "coordinates": [[[-82.946729, 42.399875], [-82.940957, 42.40199200000001], [-82.939851, 42.400309], [-82.937721, 42.39705], [-82.933431, 42.390501], [-82.934634, 42.39007900000001], [-82.9361, 42.389596], [-82.939416, 42.388771], [-82.94348, 42.394938], [-82.946729, 42.399875]]]}, "properties": {"GEOID": "26163501900", "tract_name": "5019", "total_n_nonNAP": 60, "achieved_n": 41, "reconveyed_n": 9, "closed_n": 50, "reconveyance_rate_pct": 18.0, "in_progress_n": 10, "at_risk_n": 2, "at_risk_pct": 20.0, "tax_delinquent_pct": 40.0, "median_days_to_compliance": 703}}, {"type": "Feature", "geometry": {"bbox": [-82.987381, 42.42037, -82.974821, 42.435133], "type": "Polygon", "coordinates": [[[-82.987381, 42.42037], [-82.983069, 42.426929], [-82.982549, 42.427715], [-82.981674, 42.429044], [-82.977696, 42.435077], [-82.97528, 42.435133], [-82.975107, 42.427884], [-82.975075, 42.427041], [-82.974821, 42.420658], [-82.97974, 42.420545], [-82.983607, 42.420453], [-82.987381, 42.42037]]]}, "properties": {"GEOID": "26163500400", "tract_name": "5004", "total_n_nonNAP": 139, "achieved_n": 63, "reconveyed_n": 31, "closed_n": 94, "reconveyance_rate_pct": 33.0, "in_progress_n": 45, "at_risk_n": 16, "at_risk_pct": 35.6, "tax_delinquent_pct": 66.7, "median_days_to_compliance": 617}}, {"type": "Feature", "geometry": {"bbox": [-83.278958, 42.428939, -83.267857, 42.443156], "type": "Polygon", "coordinates": [[[-83.278639, 42.441474], [-83.278263, 42.442868], [-83.268509, 42.443156], [-83.26847, 42.442995], [-83.268156, 42.436251], [-83.267857, 42.42917], [-83.274117, 42.429022], [-83.277561, 42.428939], [-83.277964, 42.435164], [-83.278958, 42.439756], [-83.278639, 42.441474]]]}, "properties": {"GEOID": "26163541700", "tract_name": "5417", "total_n_nonNAP": 1, "achieved_n": 1, "reconveyed_n": 0, "closed_n": 1, "reconveyance_rate_pct": 0.0, "in_progress_n": 0, "at_risk_n": 0, "at_risk_pct": null, "tax_delinquent_pct": null, "median_days_to_compliance": 931}}, {"type": "Feature", "geometry": {"bbox": [-83.113195, 42.382091, -83.098701, 42.398585], "type": "Polygon", "coordinates": [[[-83.113195, 42.396299], [-83.109779, 42.398337], [-83.109048, 42.398585], [-83.105906, 42.393101], [-83.102278, 42.388084], [-83.100401, 42.385317], [-83.099555, 42.384482], [-83.098701, 42.383864], [-83.100505, 42.383209], [-83.10342800000001, 42.382091], [-83.107317, 42.387799], [-83.1102, 42.39196], [-83.110695, 42.392677], [-83.113195, 42.396299]]]}, "properties": {"GEOID": "26163531900", "tract_name": "5319", "total_n_nonNAP": 64, "achieved_n": 36, "reconveyed_n": 12, "closed_n": 48, "reconveyance_rate_pct": 25.0, "in_progress_n": 16, "at_risk_n": 5, "at_risk_pct": 31.2, "tax_delinquent_pct": 50.0, "median_days_to_compliance": 647.5}}, {"type": "Feature", "geometry": {"bbox": [-83.221276, 42.128654, -83.189514, 42.141307], "type": "Polygon", "coordinates": [[[-83.221276, 42.13365], [-83.216583, 42.137421], [-83.216729, 42.140925], [-83.211692, 42.140992], [-83.206183, 42.141062], [-83.203535, 42.141103], [-83.197206, 42.141198], [-83.189514, 42.141307], [-83.195413, 42.133965], [-83.196895, 42.133945], [-83.199633, 42.13347], [-83.202469, 42.13343], [-83.205396, 42.133816], [-83.21152, 42.133285], [-83.215607, 42.13320900000001], [-83.215598, 42.128686], [-83.216206, 42.128654], [-83.216361, 42.132632], [-83.219086, 42.132544], [-83.221276, 42.13365]]]}, "properties": {"GEOID": "26163594300", "tract_name": "5943", "total_n_nonNAP": null, "achieved_n": null, "reconveyed_n": null, "closed_n": null, "reconveyance_rate_pct": null, "in_progress_n": null, "at_risk_n": null, "at_risk_pct": null, "tax_delinquent_pct": null, "median_days_to_compliance": null}}, {"type": "Feature", "geometry": {"bbox": [-82.948031, 42.428818, -82.921045, 42.44487], "type": "Polygon", "coordinates": [[[-82.948031, 42.441373], [-82.946879, 42.442922], [-82.946396, 42.443685], [-82.945577, 42.44487], [-82.945353, 42.444607], [-82.934033, 42.440013], [-82.932671, 42.441887], [-82.928104, 42.440027], [-82.921252, 42.43724], [-82.921045, 42.43702], [-82.922913, 42.433152], [-82.925597, 42.428818], [-82.938333, 42.434091], [-82.936513, 42.436628], [-82.94784, 42.441266], [-82.948031, 42.441373]]]}, "properties": {"GEOID": "26163551500", "tract_name": "5515", "total_n_nonNAP": null, "achieved_n": null, "reconveyed_n": null, "closed_n": null, "reconveyance_rate_pct": null, "in_progress_n": null, "at_risk_n": null, "at_risk_pct": null, "tax_delinquent_pct": null, "median_days_to_compliance": null}}, {"type": "Feature", "geometry": {"bbox": [-83.144473, 42.291215, -83.120176, 42.307853], "type": "Polygon", "coordinates": [[[-83.142641, 42.294415], [-83.1407, 42.297036], [-83.140403, 42.299054], [-83.142438, 42.305252], [-83.136039, 42.307853], [-83.134855, 42.306006], [-83.136578, 42.305326], [-83.136527, 42.30381], [-83.13477, 42.301283], [-83.128704, 42.303647], [-83.128854, 42.303865], [-83.123408, 42.30615900000001], [-83.120507, 42.307316], [-83.120176, 42.306254], [-83.125345, 42.298775], [-83.124815, 42.298023], [-83.130908, 42.295724], [-83.142629, 42.291215], [-83.144473, 42.293584], [-83.142641, 42.294415]]]}, "properties": {"GEOID": "26163524300", "tract_name": "5243", "total_n_nonNAP": 8, "achieved_n": 8, "reconveyed_n": 0, "closed_n": 8, "reconveyance_rate_pct": 0.0, "in_progress_n": 0, "at_risk_n": 0, "at_risk_pct": null, "tax_delinquent_pct": null, "median_days_to_compliance": 402.5}}, {"type": "Feature", "geometry": {"bbox": [-83.124708, 42.432133, -83.100931, 42.446799], "type": "Polygon", "coordinates": [[[-83.124708, 42.446578], [-83.117492, 42.446719], [-83.11263, 42.446799], [-83.112581, 42.446708], [-83.107831, 42.441077], [-83.106768, 42.439481], [-83.100931, 42.432312], [-83.102381, 42.432277000000006], [-83.114981, 42.432133], [-83.119085, 42.438133], [-83.119839, 42.439268], [-83.124662, 42.446513], [-83.124708, 42.446578]]]}, "properties": {"GEOID": "26163508000", "tract_name": "5080", "total_n_nonNAP": 14, "achieved_n": 8, "reconveyed_n": 3, "closed_n": 11, "reconveyance_rate_pct": 27.3, "in_progress_n": 3, "at_risk_n": 0, "at_risk_pct": 0.0, "tax_delinquent_pct": 66.7, "median_days_to_compliance": 813.5}}, {"type": "Feature", "geometry": {"bbox": [-83.167074, 42.277136, -83.137146, 42.296233], "type": "Polygon", "coordinates": [[[-83.167074, 42.289571], [-83.161748, 42.291789], [-83.15785, 42.292437], [-83.157328, 42.295181], [-83.151079, 42.296233], [-83.149763, 42.295566], [-83.148823, 42.293202], [-83.147468, 42.292539], [-83.144473, 42.293584], [-83.142629, 42.291215], [-83.139434, 42.2868], [-83.137146, 42.28326], [-83.13753, 42.282791], [-83.140368, 42.279466], [-83.148043, 42.282982], [-83.152109, 42.278904], [-83.156295, 42.277136], [-83.15824, 42.278844], [-83.160894, 42.281303], [-83.162022, 42.282533], [-83.16337, 42.285263], [-83.166852, 42.289148], [-83.167074, 42.289571]]]}, "properties": {"GEOID": "26163524500", "tract_name": "5245", "total_n_nonNAP": null, "achieved_n": null, "reconveyed_n": null, "closed_n": null, "reconveyance_rate_pct": null, "in_progress_n": null, "at_risk_n": null, "at_risk_pct": null, "tax_delinquent_pct": null, "median_days_to_compliance": null}}, {"type": "Feature", "geometry": {"bbox": [-83.332311, 42.339984, -83.31218, 42.35518], "type": "Polygon", "coordinates": [[[-83.332311, 42.354722], [-83.322631, 42.354967], [-83.312825, 42.35518], [-83.312632, 42.351003], [-83.312563, 42.34941], [-83.312283, 42.343065], [-83.31218, 42.340636], [-83.32779700000002, 42.340084000000004], [-83.331577, 42.339984], [-83.331742, 42.34359], [-83.331908, 42.347191], [-83.332311, 42.354722]]]}, "properties": {"GEOID": "26163567100", "tract_name": "5671", "total_n_nonNAP": null, "achieved_n": null, "reconveyed_n": null, "closed_n": null, "reconveyance_rate_pct": null, "in_progress_n": null, "at_risk_n": null, "at_risk_pct": null, "tax_delinquent_pct": null, "median_days_to_compliance": null}}, {"type": "Feature", "geometry": {"bbox": [-83.407493, 42.287865, -83.378042, 42.295747], "type": "Polygon", "coordinates": [[[-83.407493, 42.295049], [-83.401178, 42.295161], [-83.398436, 42.29522], [-83.388134, 42.295544], [-83.378394, 42.295747], [-83.378042, 42.28849], [-83.384778, 42.288372], [-83.397435, 42.288088], [-83.407203, 42.287865], [-83.407493, 42.295049]]]}, "properties": {"GEOID": "26163568300", "tract_name": "5683", "total_n_nonNAP": null, "achieved_n": null, "reconveyed_n": null, "closed_n": null, "reconveyance_rate_pct": null, "in_progress_n": null, "at_risk_n": null, "at_risk_pct": null, "tax_delinquent_pct": null, "median_days_to_compliance": null}}, {"type": "Feature", "geometry": {"bbox": [-83.543583, 42.205105, -83.485166, 42.220089], "type": "Polygon", "coordinates": [[[-83.543583, 42.218757], [-83.523299, 42.219061], [-83.508538, 42.219329], [-83.503809, 42.219419], [-83.486817, 42.220089], [-83.485166, 42.220066], [-83.485553, 42.214903], [-83.491449, 42.213673], [-83.492712, 42.21163], [-83.49277700000002, 42.211499], [-83.493327, 42.211748], [-83.494443, 42.210406], [-83.496311, 42.210474], [-83.49575, 42.205105], [-83.500713, 42.206734000000004], [-83.503164, 42.206284], [-83.504941, 42.206], [-83.507449, 42.205268], [-83.50979, 42.206115], [-83.510165, 42.208321], [-83.511071, 42.209065], [-83.516555, 42.209354], [-83.522617, 42.211587], [-83.526471, 42.210514], [-83.529448, 42.212987], [-83.531068, 42.213196], [-83.5327, 42.212817], [-83.537457, 42.210661], [-83.543442, 42.20941400000001], [-83.543583, 42.218757]]]}, "properties": {"GEOID": "26163588200", "tract_name": "5882", "total_n_nonNAP": null, "achieved_n": null, "reconveyed_n": null, "closed_n": null, "reconveyance_rate_pct": null, "in_progress_n": null, "at_risk_n": null, "at_risk_pct": null, "tax_delinquent_pct": null, "median_days_to_compliance": null}}, {"type": "Feature", "geometry": {"bbox": [-83.314226, 42.377114, -83.274988, 42.385468], "type": "Polygon", "coordinates": [[[-83.314226, 42.384131], [-83.308884, 42.384868], [-83.299522, 42.385253], [-83.29539500000001, 42.385069], [-83.285684, 42.385247], [-83.275914, 42.385452], [-83.275208, 42.385468], [-83.274988, 42.378607], [-83.274999, 42.378433], [-83.275309, 42.378428], [-83.295138, 42.377934], [-83.313839, 42.377114], [-83.314226, 42.384131]]]}, "properties": {"GEOID": "26163554900", "tract_name": "5549", "total_n_nonNAP": null, "achieved_n": null, "reconveyed_n": null, "closed_n": null, "reconveyance_rate_pct": null, "in_progress_n": null, "at_risk_n": null, "at_risk_pct": null, "tax_delinquent_pct": null, "median_days_to_compliance": null}}, {"type": "Feature", "geometry": {"bbox": [-83.363251, 42.104075, -83.304183, 42.137816], "type": "Polygon", "coordinates": [[[-83.363251, 42.137023000000006], [-83.343651, 42.137297], [-83.304737, 42.137816], [-83.304624, 42.13056600000001], [-83.304432, 42.123281], [-83.30432300000001, 42.115992], [-83.30419, 42.107305000000004], [-83.304183, 42.104075], [-83.309534, 42.106281], [-83.309779, 42.107244], [-83.310073, 42.107906], [-83.310705, 42.107943], [-83.311855, 42.107818], [-83.313145, 42.107472], [-83.313082, 42.10725], [-83.313004, 42.106807], [-83.314523, 42.106832], [-83.315362, 42.106565], [-83.316008, 42.106402], [-83.316672, 42.106691], [-83.317123, 42.106794], [-83.317985, 42.107827], [-83.318152, 42.108982], [-83.320234, 42.110483], [-83.322878, 42.109092], [-83.323988, 42.109563], [-83.322928, 42.111236], [-83.325014, 42.112308], [-83.328041, 42.111782], [-83.329821, 42.11035], [-83.333369, 42.109335], [-83.336802, 42.109954], [-83.339969, 42.11244], [-83.33936, 42.114467], [-83.34027500000002, 42.116673], [-83.34197, 42.117333], [-83.343893, 42.116923], [-83.34632, 42.11529], [-83.351267, 42.114263], [-83.354211, 42.114484], [-83.35664, 42.11626], [-83.35644, 42.11775], [-83.351401, 42.119506], [-83.351635, 42.123018], [-83.354322, 42.124411], [-83.356162, 42.122535], [-83.358242, 42.122477], [-83.36054, 42.12462], [-83.360092, 42.128936], [-83.361043, 42.13146], [-83.363087, 42.132579], [-83.363131, 42.134989000000004], [-83.363103, 42.135458], [-83.363251, 42.137023000000006]]]}, "properties": {"GEOID": "26163590600", "tract_name": "5906", "total_n_nonNAP": null, "achieved_n": null, "reconveyed_n": null, "closed_n": null, "reconveyance_rate_pct": null, "in_progress_n": null, "at_risk_n": null, "at_risk_pct": null, "tax_delinquent_pct": null, "median_days_to_compliance": null}}, {"type": "Feature", "geometry": {"bbox": [-83.429179, 42.308981, -83.408083, 42.334026], "type": "Polygon", "coordinates": [[[-83.429179, 42.331303], [-83.42588100000002, 42.33165], [-83.42232, 42.33293400000001], [-83.418713, 42.332921], [-83.414518, 42.332883], [-83.413492, 42.332907], [-83.409076, 42.334026], [-83.408613, 42.324025], [-83.408431, 42.316812], [-83.408083, 42.30958], [-83.412995, 42.309436], [-83.422993, 42.30915], [-83.428283, 42.308981], [-83.429179, 42.331303]]]}, "properties": {"GEOID": "26163565100", "tract_name": "5651", "total_n_nonNAP": null, "achieved_n": null, "reconveyed_n": null, "closed_n": null, "reconveyance_rate_pct": null, "in_progress_n": null, "at_risk_n": null, "at_risk_pct": null, "tax_delinquent_pct": null, "median_days_to_compliance": null}}, {"type": "Feature", "geometry": {"bbox": [-83.512502, 42.408649, -83.471927, 42.436961], "type": "Polygon", "coordinates": [[[-83.512502, 42.436482], [-83.497209, 42.436961], [-83.497361, 42.432854], [-83.49295, 42.433003], [-83.492882, 42.431565], [-83.49657, 42.430475], [-83.497186, 42.430466], [-83.495477, 42.42981], [-83.495167, 42.423718], [-83.489842, 42.423907], [-83.488865, 42.42076], [-83.487346, 42.420724], [-83.487421, 42.423944], [-83.482415, 42.424095], [-83.479152, 42.424193], [-83.478289, 42.421734], [-83.477917, 42.416036], [-83.47664, 42.415091], [-83.472955, 42.413826], [-83.471927, 42.410652], [-83.472762, 42.410538], [-83.482297, 42.410275], [-83.492069, 42.409993], [-83.510997, 42.408649], [-83.511776, 42.42318], [-83.512502, 42.436482]]]}, "properties": {"GEOID": "26163561301", "tract_name": "5613.01", "total_n_nonNAP": null, "achieved_n": null, "reconveyed_n": null, "closed_n": null, "reconveyance_rate_pct": null, "in_progress_n": null, "at_risk_n": null, "at_risk_pct": null, "tax_delinquent_pct": null, "median_days_to_compliance": null}}, {"type": "Feature", "geometry": {"bbox": [-83.185932, 42.319409, -83.166255, 42.329686], "type": "Polygon", "coordinates": [[[-83.185932, 42.329279], [-83.180866, 42.329392], [-83.17622, 42.329221], [-83.172599, 42.329294], [-83.170996, 42.329427], [-83.170115, 42.329605], [-83.166456, 42.329686], [-83.166255, 42.324981], [-83.17236, 42.323214], [-83.175947, 42.322167], [-83.178621, 42.321393], [-83.17942000000001, 42.321162], [-83.185471, 42.319409], [-83.185703, 42.324562], [-83.185814, 42.326908], [-83.185932, 42.329279]]]}, "properties": {"GEOID": "26163574000", "tract_name": "5740", "total_n_nonNAP": null, "achieved_n": null, "reconveyed_n": null, "closed_n": null, "reconveyance_rate_pct": null, "in_progress_n": null, "at_risk_n": null, "at_risk_pct": null, "tax_delinquent_pct": null, "median_days_to_compliance": null}}, {"type": "Feature", "geometry": {"bbox": [-83.314963, 42.384131, -83.29539500000001, 42.399578], "type": "Polygon", "coordinates": [[[-83.314963, 42.398603], [-83.30549, 42.399109], [-83.295883, 42.399578], [-83.29557, 42.392107], [-83.295549, 42.391382], [-83.29539500000001, 42.385069], [-83.299522, 42.385253], [-83.308884, 42.384868], [-83.314226, 42.384131], [-83.314252, 42.384428], [-83.314532, 42.390062], [-83.314629, 42.391857], [-83.314963, 42.398603]]]}, "properties": {"GEOID": "26163554700", "tract_name": "5547", "total_n_nonNAP": null, "achieved_n": null, "reconveyed_n": null, "closed_n": null, "reconveyance_rate_pct": null, "in_progress_n": null, "at_risk_n": null, "at_risk_pct": null, "tax_delinquent_pct": null, "median_days_to_compliance": null}}, {"type": "Feature", "geometry": {"bbox": [-83.309907, 42.275505, -83.29952, 42.292546], "type": "Polygon", "coordinates": [[[-83.309907, 42.290967], [-83.300165, 42.292546], [-83.299789, 42.282921], [-83.29952, 42.275678], [-83.304422, 42.275584], [-83.309311, 42.275505], [-83.30956400000001, 42.282731], [-83.309907, 42.290967]]]}, "properties": {"GEOID": "26163570900", "tract_name": "5709", "total_n_nonNAP": null, "achieved_n": null, "reconveyed_n": null, "closed_n": null, "reconveyance_rate_pct": null, "in_progress_n": null, "at_risk_n": null, "at_risk_pct": null, "tax_delinquent_pct": null, "median_days_to_compliance": null}}, {"type": "Feature", "geometry": {"bbox": [-83.195592, 42.316427, -83.185471, 42.329279], "type": "Polygon", "coordinates": [[[-83.195592, 42.32919], [-83.190302, 42.329237], [-83.185932, 42.329279], [-83.185814, 42.326908], [-83.185703, 42.324562], [-83.185471, 42.319409], [-83.186794, 42.31902600000001], [-83.189694, 42.318187], [-83.194929, 42.316427], [-83.195052, 42.316855], [-83.195297, 42.322165], [-83.19540300000001, 42.32455], [-83.195592, 42.32919]]]}, "properties": {"GEOID": "26163573400", "tract_name": "5734", "total_n_nonNAP": null, "achieved_n": null, "reconveyed_n": null, "closed_n": null, "reconveyance_rate_pct": null, "in_progress_n": null, "at_risk_n": null, "at_risk_pct": null, "tax_delinquent_pct": null, "median_days_to_compliance": null}}, {"type": "Feature", "geometry": {"bbox": [-83.18003, 42.185014, -83.162935, 42.199758], "type": "Polygon", "coordinates": [[[-83.18003, 42.199461], [-83.172725, 42.199571], [-83.170651, 42.199621], [-83.162935, 42.199758], [-83.165216, 42.192347], [-83.167525, 42.185203], [-83.179593, 42.185014], [-83.179879, 42.191589], [-83.179823, 42.192218], [-83.18003, 42.199461]]]}, "properties": {"GEOID": "26163580900", "tract_name": "5809", "total_n_nonNAP": null, "achieved_n": null, "reconveyed_n": null, "closed_n": null, "reconveyance_rate_pct": null, "in_progress_n": null, "at_risk_n": null, "at_risk_pct": null, "tax_delinquent_pct": null, "median_days_to_compliance": null}}, {"type": "Feature", "geometry": {"bbox": [-83.305395, 42.115992, -83.266052, 42.15256], "type": "Polygon", "coordinates": [[[-83.305395, 42.152171], [-83.285544, 42.152375], [-83.266362, 42.15256], [-83.266052, 42.138985], [-83.266366, 42.138089], [-83.275748, 42.123683], [-83.280567, 42.116373], [-83.280612, 42.116322], [-83.290168, 42.116205], [-83.30432300000001, 42.115992], [-83.304432, 42.123281], [-83.304624, 42.13056600000001], [-83.304737, 42.137816], [-83.305061, 42.143786], [-83.305107, 42.144949], [-83.305187, 42.14675], [-83.305395, 42.152171]]]}, "properties": {"GEOID": "26163591700", "tract_name": "5917", "total_n_nonNAP": null, "achieved_n": null, "reconveyed_n": null, "closed_n": null, "reconveyance_rate_pct": null, "in_progress_n": null, "at_risk_n": null, "at_risk_pct": null, "tax_delinquent_pct": null, "median_days_to_compliance": null}}, {"type": "Feature", "geometry": {"bbox": [-83.165103, 42.264401, -83.140368, 42.282982], "type": "Polygon", "coordinates": [[[-83.165103, 42.270067], [-83.161487, 42.274351], [-83.15824, 42.278844], [-83.156295, 42.277136], [-83.152109, 42.278904], [-83.148043, 42.282982], [-83.140368, 42.279466], [-83.143534, 42.275735], [-83.14804, 42.270438], [-83.15303300000001, 42.264401], [-83.157478, 42.26648], [-83.16486400000001, 42.269926], [-83.165103, 42.270067]]]}, "properties": {"GEOID": "26163524700", "tract_name": "5247", "total_n_nonNAP": 96, "achieved_n": 82, "reconveyed_n": 10, "closed_n": 92, "reconveyance_rate_pct": 10.9, "in_progress_n": 4, "at_risk_n": 1, "at_risk_pct": 25.0, "tax_delinquent_pct": 50.0, "median_days_to_compliance": 573.0}}, {"type": "Feature", "geometry": {"bbox": [-83.090548, 42.330169, -83.064266, 42.34336], "type": "Polygon", "coordinates": [[[-83.090548, 42.336304], [-83.081028, 42.339295], [-83.072857, 42.341862], [-83.072578, 42.341949], [-83.0711, 42.342409], [-83.068078, 42.34336], [-83.068015, 42.343224], [-83.064999, 42.336639], [-83.064266, 42.335438], [-83.068662, 42.334477], [-83.075463, 42.332742], [-83.07716800000001, 42.332529], [-83.0823, 42.33293], [-83.08397, 42.332621], [-83.085186, 42.332029], [-83.086491, 42.330169], [-83.08774, 42.333766], [-83.090548, 42.336304]]]}, "properties": {"GEOID": "26163521500", "tract_name": "5215", "total_n_nonNAP": 2, "achieved_n": 2, "reconveyed_n": 0, "closed_n": 2, "reconveyance_rate_pct": 0.0, "in_progress_n": 0, "at_risk_n": 0, "at_risk_pct": null, "tax_delinquent_pct": null, "median_days_to_compliance": 157.0}}, {"type": "Feature", "geometry": {"bbox": [-83.275725, 42.385468, -83.261314, 42.40026], "type": "Polygon", "coordinates": [[[-83.275725, 42.400096], [-83.272117, 42.399955], [-83.266676, 42.40024], [-83.264371, 42.40025], [-83.261758, 42.40026], [-83.261519, 42.393034], [-83.261314, 42.385788], [-83.265226, 42.385792], [-83.275208, 42.385468], [-83.275725, 42.400096]]]}, "properties": {"GEOID": "26163544100", "tract_name": "5441", "total_n_nonNAP": 11, "achieved_n": 11, "reconveyed_n": 0, "closed_n": 11, "reconveyance_rate_pct": 0.0, "in_progress_n": 0, "at_risk_n": 0, "at_risk_pct": null, "tax_delinquent_pct": null, "median_days_to_compliance": 491}}, {"type": "Feature", "geometry": {"bbox": [-83.306535, 42.188343, -83.295445, 42.196795], "type": "Polygon", "coordinates": [[[-83.306535, 42.195973], [-83.296848, 42.196748], [-83.295611, 42.196795], [-83.295492, 42.191093], [-83.295445, 42.189245], [-83.296195, 42.18918600000001], [-83.298686, 42.188579000000004], [-83.306262, 42.188343], [-83.306438, 42.193242], [-83.306535, 42.195973]]]}, "properties": {"GEOID": "26163584801", "tract_name": "5848.01", "total_n_nonNAP": null, "achieved_n": null, "reconveyed_n": null, "closed_n": null, "reconveyance_rate_pct": null, "in_progress_n": null, "at_risk_n": null, "at_risk_pct": null, "tax_delinquent_pct": null, "median_days_to_compliance": null}}, {"type": "Feature", "geometry": {"bbox": [-83.308751, 42.247102, -83.289402, 42.261638], "type": "Polygon", "coordinates": [[[-83.308751, 42.260989], [-83.299134, 42.261587], [-83.299059, 42.257189], [-83.29573, 42.258834], [-83.289411, 42.261638], [-83.289402, 42.261122], [-83.291763, 42.259745], [-83.303921, 42.249392], [-83.30511, 42.248575], [-83.308283, 42.247102], [-83.308751, 42.260989]]]}, "properties": {"GEOID": "26163982600", "tract_name": "9826", "total_n_nonNAP": null, "achieved_n": null, "reconveyed_n": null, "closed_n": null, "reconveyance_rate_pct": null, "in_progress_n": null, "at_risk_n": null, "at_risk_pct": null, "tax_delinquent_pct": null, "median_days_to_compliance": null}}, {"type": "Feature", "geometry": {"bbox": [-83.389166, 42.309962, -83.374081, 42.32473], "type": "Polygon", "coordinates": [[[-83.389166, 42.324449], [-83.379456, 42.324621], [-83.374582, 42.32473], [-83.374563, 42.324], [-83.379406, 42.323276], [-83.37841, 42.318158], [-83.374926, 42.317506], [-83.374393, 42.31750900000001], [-83.374081, 42.310166], [-83.3778, 42.310079], [-83.378893, 42.310052], [-83.388669, 42.309962], [-83.388911, 42.31719], [-83.389166, 42.324449]]]}, "properties": {"GEOID": "26163567900", "tract_name": "5679", "total_n_nonNAP": null, "achieved_n": null, "reconveyed_n": null, "closed_n": null, "reconveyance_rate_pct": null, "in_progress_n": null, "at_risk_n": null, "at_risk_pct": null, "tax_delinquent_pct": null, "median_days_to_compliance": null}}, {"type": "Feature", "geometry": {"bbox": [-83.269768, 42.240966, -83.249823, 42.248873], "type": "Polygon", "coordinates": [[[-83.269768, 42.248236000000006], [-83.258486, 42.248537], [-83.250037, 42.248873], [-83.249823, 42.241663], [-83.254815, 42.241438], [-83.26468000000001, 42.241093], [-83.269498, 42.240966], [-83.269768, 42.248236000000006]]]}, "properties": {"GEOID": "26163583600", "tract_name": "5836", "total_n_nonNAP": null, "achieved_n": null, "reconveyed_n": null, "closed_n": null, "reconveyance_rate_pct": null, "in_progress_n": null, "at_risk_n": null, "at_risk_pct": null, "tax_delinquent_pct": null, "median_days_to_compliance": null}}, {"type": "Feature", "geometry": {"bbox": [-83.137597, 42.322383, -83.115311, 42.331147], "type": "Polygon", "coordinates": [[[-83.137597, 42.331102], [-83.131896, 42.331111], [-83.127373, 42.331147], [-83.120338, 42.331112], [-83.116748, 42.326171], [-83.115311, 42.324195], [-83.12183700000001, 42.323241], [-83.128946, 42.322855], [-83.131368, 42.322383], [-83.132121, 42.32343], [-83.137597, 42.331102]]]}, "properties": {"GEOID": "26163525700", "tract_name": "5257", "total_n_nonNAP": 27, "achieved_n": 25, "reconveyed_n": 1, "closed_n": 26, "reconveyance_rate_pct": 3.8, "in_progress_n": 1, "at_risk_n": 0, "at_risk_pct": 0.0, "tax_delinquent_pct": 100.0, "median_days_to_compliance": 707}}, {"type": "Feature", "geometry": {"bbox": [-83.402944, 42.382031, -83.372943, 42.397285], "type": "Polygon", "coordinates": [[[-83.402944, 42.396617], [-83.392904, 42.396874], [-83.391617, 42.39691], [-83.373712, 42.397285], [-83.373262, 42.390018], [-83.372975, 42.382928], [-83.372943, 42.38258], [-83.392872, 42.382231], [-83.402192, 42.382031], [-83.40262000000001, 42.389864], [-83.402944, 42.396617]]]}, "properties": {"GEOID": "26163557901", "tract_name": "5579.01", "total_n_nonNAP": null, "achieved_n": null, "reconveyed_n": null, "closed_n": null, "reconveyance_rate_pct": null, "in_progress_n": null, "at_risk_n": null, "at_risk_pct": null, "tax_delinquent_pct": null, "median_days_to_compliance": null}}, {"type": "Feature", "geometry": {"bbox": [-83.073673, 42.425834, -83.053025, 42.433344], "type": "Polygon", "coordinates": [[[-83.070214, 42.432973000000004], [-83.063117, 42.433129], [-83.057721, 42.433248], [-83.05332, 42.433344], [-83.053025, 42.426091], [-83.062706, 42.425901], [-83.068614, 42.425834], [-83.073673, 42.432929], [-83.070214, 42.432973000000004]]]}, "properties": {"GEOID": "26163507000", "tract_name": "5070", "total_n_nonNAP": 74, "achieved_n": 51, "reconveyed_n": 12, "closed_n": 63, "reconveyance_rate_pct": 19.0, "in_progress_n": 11, "at_risk_n": 4, "at_risk_pct": 36.4, "tax_delinquent_pct": 63.6, "median_days_to_compliance": 674}}, {"type": "Feature", "geometry": {"bbox": [-83.184526, 42.392699, -83.168982, 42.402229], "type": "Polygon", "coordinates": [[[-83.184526, 42.401938], [-83.179129, 42.402080000000005], [-83.169402, 42.402229], [-83.169053, 42.395031], [-83.168982, 42.393571], [-83.176191, 42.393375], [-83.178715, 42.392699], [-83.1788, 42.394824], [-83.184224, 42.394666], [-83.184526, 42.401938]]]}, "properties": {"GEOID": "26163537100", "tract_name": "5371", "total_n_nonNAP": 78, "achieved_n": 54, "reconveyed_n": 9, "closed_n": 63, "reconveyance_rate_pct": 14.3, "in_progress_n": 15, "at_risk_n": 4, "at_risk_pct": 26.7, "tax_delinquent_pct": 53.3, "median_days_to_compliance": 723.5}}, {"type": "Feature", "geometry": {"bbox": [-83.350383, 42.310819, -83.330535, 42.325601], "type": "Polygon", "coordinates": [[[-83.350383, 42.325125], [-83.330932, 42.325601], [-83.330736, 42.31839], [-83.330687, 42.31664200000001], [-83.330535, 42.31124], [-83.339928, 42.310986], [-83.349528, 42.310819], [-83.349945, 42.31802], [-83.350383, 42.325125]]]}, "properties": {"GEOID": "26163569700", "tract_name": "5697", "total_n_nonNAP": null, "achieved_n": null, "reconveyed_n": null, "closed_n": null, "reconveyance_rate_pct": null, "in_progress_n": null, "at_risk_n": null, "at_risk_pct": null, "tax_delinquent_pct": null, "median_days_to_compliance": null}}, {"type": "Feature", "geometry": {"bbox": [-83.168452, 42.371041, -83.151142, 42.380491], "type": "Polygon", "coordinates": [[[-83.168452, 42.380491], [-83.158688, 42.376678], [-83.15763, 42.376253], [-83.151142, 42.373635], [-83.158569, 42.373505], [-83.158459, 42.37129], [-83.164482, 42.371133], [-83.168085, 42.371041], [-83.168155, 42.37323], [-83.168452, 42.380491]]]}, "properties": {"GEOID": "26163534300", "tract_name": "5343", "total_n_nonNAP": 113, "achieved_n": 72, "reconveyed_n": 17, "closed_n": 89, "reconveyance_rate_pct": 19.1, "in_progress_n": 24, "at_risk_n": 5, "at_risk_pct": 20.8, "tax_delinquent_pct": 58.3, "median_days_to_compliance": 723.5}}, {"type": "Feature", "geometry": {"bbox": [-83.113309, 42.388084, -83.09556, 42.411427], "type": "Polygon", "coordinates": [[[-83.11271, 42.404828], [-83.108837, 42.406352], [-83.10815, 42.406726], [-83.104457, 42.410063], [-83.101051, 42.411427], [-83.09556, 42.403299], [-83.098984, 42.401966], [-83.10456, 42.400012], [-83.102507, 42.396952], [-83.099634, 42.392652], [-83.097727, 42.389843], [-83.102278, 42.388084], [-83.105906, 42.393101], [-83.109048, 42.398585], [-83.109119, 42.398749], [-83.112089, 42.403031], [-83.113309, 42.404673], [-83.11271, 42.404828]]]}, "properties": {"GEOID": "26163559800", "tract_name": "5598", "total_n_nonNAP": null, "achieved_n": null, "reconveyed_n": null, "closed_n": null, "reconveyance_rate_pct": null, "in_progress_n": null, "at_risk_n": null, "at_risk_pct": null, "tax_delinquent_pct": null, "median_days_to_compliance": null}}, {"type": "Feature", "geometry": {"bbox": [-83.167908, 42.213897, -83.155265, 42.223821], "type": "Polygon", "coordinates": [[[-83.167908, 42.223248], [-83.161428, 42.223337], [-83.158363, 42.223644], [-83.155265, 42.223821], [-83.156641, 42.219488], [-83.15838, 42.214005], [-83.167572, 42.213897], [-83.167762, 42.219298], [-83.167908, 42.223248]]]}, "properties": {"GEOID": "26163580300", "tract_name": "5803", "total_n_nonNAP": null, "achieved_n": null, "reconveyed_n": null, "closed_n": null, "reconveyance_rate_pct": null, "in_progress_n": null, "at_risk_n": null, "at_risk_pct": null, "tax_delinquent_pct": null, "median_days_to_compliance": null}}, {"type": "Feature", "geometry": {"bbox": [-83.231911, 42.269879, -83.217729, 42.282598], "type": "Polygon", "coordinates": [[[-83.231267, 42.273198], [-83.231396, 42.277059], [-83.231648, 42.282559], [-83.229099, 42.282598], [-83.222636, 42.279479], [-83.217991, 42.277326], [-83.217729, 42.277222], [-83.221627, 42.272534], [-83.223882, 42.27078], [-83.225394, 42.270161], [-83.231911, 42.269879], [-83.231267, 42.273198]]]}, "properties": {"GEOID": "26163572900", "tract_name": "5729", "total_n_nonNAP": null, "achieved_n": null, "reconveyed_n": null, "closed_n": null, "reconveyance_rate_pct": null, "in_progress_n": null, "at_risk_n": null, "at_risk_pct": null, "tax_delinquent_pct": null, "median_days_to_compliance": null}}, {"type": "Feature", "geometry": {"bbox": [-83.469551, 42.332692, -83.437658, 42.352262], "type": "Polygon", "coordinates": [[[-83.469551, 42.346782], [-83.46908400000001, 42.3515], [-83.459314, 42.351727], [-83.444633, 42.352089], [-83.437658, 42.352262], [-83.442242, 42.341309], [-83.443513, 42.335982], [-83.443683, 42.332692], [-83.445806, 42.333431], [-83.450597, 42.336066], [-83.453806, 42.337355], [-83.459362, 42.33709000000001], [-83.469093, 42.336754], [-83.46939, 42.343511], [-83.469551, 42.346782]]]}, "properties": {"GEOID": "26163563300", "tract_name": "5633", "total_n_nonNAP": null, "achieved_n": null, "reconveyed_n": null, "closed_n": null, "reconveyance_rate_pct": null, "in_progress_n": null, "at_risk_n": null, "at_risk_pct": null, "tax_delinquent_pct": null, "median_days_to_compliance": null}}, {"type": "Feature", "geometry": {"bbox": [-83.335887, 42.412606, -83.315606, 42.427609], "type": "Polygon", "coordinates": [[[-83.335887, 42.427105], [-83.327368, 42.427364], [-83.324913, 42.42742500000001], [-83.316223, 42.427609], [-83.316157, 42.425893], [-83.315919, 42.420487], [-83.315606, 42.413211], [-83.32054, 42.412993], [-83.335186, 42.412606], [-83.33532, 42.415446], [-83.335754, 42.424374], [-83.335887, 42.427105]]]}, "properties": {"GEOID": "26163557000", "tract_name": "5570", "total_n_nonNAP": null, "achieved_n": null, "reconveyed_n": null, "closed_n": null, "reconveyance_rate_pct": null, "in_progress_n": null, "at_risk_n": null, "at_risk_pct": null, "tax_delinquent_pct": null, "median_days_to_compliance": null}}, {"type": "Feature", "geometry": {"bbox": [-83.105293, 42.403299, -83.08148, 42.418161], "type": "Polygon", "coordinates": [[[-83.101812, 42.417828], [-83.089417, 42.418161], [-83.08148, 42.40818900000001], [-83.086534, 42.406676], [-83.09556, 42.403299], [-83.101051, 42.411427], [-83.105293, 42.417749], [-83.101812, 42.417828]]]}, "properties": {"GEOID": "26163553000", "tract_name": "5530", "total_n_nonNAP": null, "achieved_n": null, "reconveyed_n": null, "closed_n": null, "reconveyance_rate_pct": null, "in_progress_n": null, "at_risk_n": null, "at_risk_pct": null, "tax_delinquent_pct": null, "median_days_to_compliance": null}}, {"type": "Feature", "geometry": {"bbox": [-83.095342, 42.363731, -83.081802, 42.374053], "type": "Polygon", "coordinates": [[[-83.095342, 42.370766], [-83.092722, 42.371699], [-83.086363, 42.374053], [-83.085977, 42.373655], [-83.084964, 42.37203], [-83.081802, 42.367197], [-83.086601, 42.36539], [-83.089802, 42.36418], [-83.090702, 42.363731], [-83.091528, 42.36499100000001], [-83.094025, 42.368765], [-83.095342, 42.370766]]]}, "properties": {"GEOID": "26163532600", "tract_name": "5326", "total_n_nonNAP": 16, "achieved_n": 14, "reconveyed_n": 1, "closed_n": 15, "reconveyance_rate_pct": 6.7, "in_progress_n": 1, "at_risk_n": 0, "at_risk_pct": 0.0, "tax_delinquent_pct": 100.0, "median_days_to_compliance": 686.5}}, {"type": "Feature", "geometry": {"bbox": [-83.074668, 42.342409, -83.068078, 42.3498], "type": "Polygon", "coordinates": [[[-83.074668, 42.348629], [-83.071052, 42.3498], [-83.06919, 42.345922], [-83.068078, 42.34336], [-83.0711, 42.342409], [-83.074668, 42.348629]]]}, "properties": {"GEOID": "26163521800", "tract_name": "5218", "total_n_nonNAP": null, "achieved_n": null, "reconveyed_n": null, "closed_n": null, "reconveyance_rate_pct": null, "in_progress_n": null, "at_risk_n": null, "at_risk_pct": null, "tax_delinquent_pct": null, "median_days_to_compliance": null}}]}