{"type": "FeatureCollection", "features": [{"type": "Feature", "geometry": {"type": "Polygon", "coordinates": [[[-82.916095, 42.423114], [-82.915976, 42.424005], [-82.915959, 42.424131], [-82.915936, 42.424232], [-82.91585, 42.424896], [-82.916503, 42.425166], [-82.918532, 42.425995], [-82.918528, 42.426043], [-82.918048, 42.426635], [-82.917874, 42.426845], [-82.917533, 42.427265], [-82.9172, 42.427695], [-82.917046, 42.427905], [-82.916529, 42.428566], [-82.916173, 42.429034], [-82.917251, 42.429499], [-82.920152, 42.430682], [-82.923023, 42.431848], [-82.922769, 42.432185], [-82.922518, 42.432562], [-82.922338, 42.432839], [-82.922281, 42.432943], [-82.922233, 42.433031], [-82.922107, 42.433319], [-82.919178, 42.431997], [-82.916257, 42.430843], [-82.916147, 42.43099], [-82.915841, 42.431392], [-82.915143, 42.432321], [-82.914894, 42.432219], [-82.914771, 42.433088], [-82.914478, 42.43557], [-82.914637, 42.436161], [-82.914465, 42.436556], [-82.914291, 42.436957], [-82.913933, 42.437729], [-82.914543, 42.437874], [-82.914358, 42.438734], [-82.914158, 42.439592], [-82.914107, 42.439728], [-82.914096, 42.440487], [-82.914107, 42.44057], [-82.913829, 42.441343], [-82.913742, 42.44176], [-82.913644, 42.44224], [-82.913545, 42.443158], [-82.913284, 42.444001], [-82.913127, 42.444404], [-82.912971, 42.444808], [-82.912903, 42.445024], [-82.912885, 42.445116], [-82.912855, 42.445142], [-82.912859, 42.445201], [-82.912652, 42.44607], [-82.912553, 42.446511], [-82.912457, 42.446934], [-82.912359, 42.447344], [-82.912262, 42.44776], [-82.912119, 42.448146], [-82.911976, 42.448538], [-82.911813, 42.448917], [-82.91165, 42.449293], [-82.911492, 42.449671], [-82.911335, 42.450043], [-82.911051, 42.450727], [-82.911105, 42.450769], [-82.910722, 42.450772], [-82.909723, 42.450781], [-82.909252, 42.450783], [-82.909001, 42.450781], [-82.908674, 42.450781], [-82.908463, 42.450781], [-82.908139, 42.45078], [-82.907656, 42.450778], [-82.907036, 42.450776], [-82.90648, 42.450776], [-82.905634, 42.450775], [-82.905564, 42.450775], [-82.905545, 42.450775], [-82.905514, 42.450775], [-82.905445, 42.450775], [-82.905328, 42.450775], [-82.905198, 42.450775], [-82.905153, 42.450775], [-82.90515, 42.450775], [-82.905148, 42.450774], [-82.905141, 42.450774], [-82.905129, 42.450774], [-82.905107, 42.450774], [-82.905033, 42.450774], [-82.904734, 42.450774], [-82.90328, 42.450793], [-82.902654, 42.450801], [-82.902606, 42.450802], [-82.902568, 42.450802], [-82.90256, 42.450802], [-82.902399, 42.450804], [-82.90164, 42.450814], [-82.901614, 42.450814], [-82.899934, 42.450837], [-82.899175, 42.450845], [-82.898384, 42.450873], [-82.898179, 42.450866], [-82.898086, 42.450853], [-82.897985, 42.450826], [-82.896422, 42.45084], [-82.894867, 42.450853], [-82.89431, 42.450849], [-82.894302, 42.450849], [-82.893754, 42.450846], [-82.893209, 42.450849], [-82.892659, 42.45085], [-82.892288, 42.450864], [-82.891839, 42.450884], [-82.888293, 42.450908], [-82.887849, 42.450908], [-82.887544, 42.45091], [-82.886977, 42.450913], [-82.886431, 42.451329], [-82.886163, 42.451713], [-82.884017, 42.451042], [-82.881337, 42.451038], [-82.88072, 42.451068], [-82.880341, 42.451086], [-82.878525, 42.451175], [-82.877314, 42.451235], [-82.877037, 42.451215], [-82.876818, 42.451952], [-82.876759, 42.45209], [-82.875789, 42.454369], [-82.876326, 42.45457], [-82.876242, 42.454693], [-82.875929, 42.455122], [-82.87586, 42.455287], [-82.875868, 42.455383], [-82.876195, 42.456206], [-82.876587, 42.457137], [-82.87574, 42.457874], [-82.874976, 42.457702], [-82.87448, 42.457507], [-82.874034, 42.458474], [-82.874048, 42.458752], [-82.873183, 42.4605], [-82.872715, 42.461437], [-82.873212, 42.462537], [-82.872992, 42.462995], [-82.86467, 42.462415], [-82.863396, 42.462406], [-82.861652, 42.46204], [-82.864114, 42.451337], [-82.870861, 42.434579], [-82.874312, 42.426007], [-82.879213, 42.413836], [-82.88227, 42.405667], [-82.882334, 42.405499], [-82.883301, 42.401822], [-82.889713, 42.391137], [-82.898713, 42.382137], [-82.899893, 42.384234], [-82.901327, 42.386546], [-82.903077, 42.389339], [-82.904583, 42.391644], [-82.905872, 42.393622], [-82.905993, 42.393791], [-82.906102, 42.393943], [-82.907179, 42.395594], [-82.907898, 42.396696], [-82.9087, 42.397923], [-82.910108, 42.400073], [-82.910265, 42.400324], [-82.912191, 42.403291], [-82.914711, 42.407154], [-82.914785, 42.407215], [-82.914845, 42.407239], [-82.914935, 42.407266], [-82.914442, 42.408317], [-82.913897, 42.40948], [-82.913944, 42.409553], [-82.914072, 42.409749], [-82.915237, 42.41144], [-82.915495, 42.411814], [-82.915613, 42.412002], [-82.915648, 42.412042], [-82.916412, 42.413159], [-82.917401, 42.414595], [-82.917687, 42.415013], [-82.918301, 42.415911], [-82.918518, 42.41623], [-82.919189, 42.417217], [-82.919612, 42.417842], [-82.920212, 42.418741], [-82.920656, 42.419392], [-82.920696, 42.419467], [-82.921714, 42.419877], [-82.922862, 42.420343], [-82.923989, 42.420799], [-82.925616, 42.421459], [-82.925786, 42.421529], [-82.927068, 42.422057], [-82.927948, 42.422419], [-82.928841, 42.422786], [-82.929069, 42.42288], [-82.928678, 42.423857], [-82.928507, 42.424073], [-82.928402, 42.424205], [-82.928499, 42.424264], [-82.928745, 42.424387], [-82.92851, 42.424685], [-82.928448, 42.424764], [-82.927972, 42.425376], [-82.927822, 42.425556], [-82.927495, 42.425975], [-82.927306, 42.425873], [-82.927151, 42.425789], [-82.926612, 42.425566], [-82.925699, 42.425187], [-82.924752, 42.424793], [-82.923813, 42.424406], [-82.922869, 42.424016], [-82.921895, 42.423613], [-82.920937, 42.423217], [-82.919887, 42.422783], [-82.918641, 42.422276], [-82.917992, 42.422012], [-82.917419, 42.421782], [-82.916328, 42.421349], [-82.916095, 42.423114]]]}, "properties": {"ZCTA5": "48236", "total_n_nonNAP": 13, "achieved_n": 8, "reconveyed_n": 4, "closed_n": 12, "reconveyance_rate_pct": 33.3, "in_progress_n": 1, "at_risk_n": 0, "at_risk_pct": 0.0, "tax_delinquent_pct": 100.0, "median_days_to_compliance": 767.0}}, {"type": "Feature", "geometry": {"type": "Polygon", "coordinates": [[[-82.989607, 42.385156], [-82.990573, 42.384775], [-82.991534, 42.384391], [-82.992503, 42.384004], [-82.993537, 42.383593], [-82.994577, 42.383181], [-82.995658, 42.38277], [-82.996816, 42.382358], [-82.997988, 42.381904], [-82.999039, 42.381482], [-82.999927, 42.381102], [-83.000181, 42.380975], [-83.000349, 42.38087], [-83.000446, 42.38081], [-83.000715, 42.380668], [-83.001367, 42.380413], [-83.002403, 42.380016], [-83.003373, 42.379643], [-83.004823, 42.379066], [-83.005789, 42.378681], [-83.006746, 42.378301], [-83.007722, 42.377912], [-83.008698, 42.377524], [-83.009679, 42.377133], [-83.010656, 42.376743], [-83.011632, 42.376355], [-83.012409, 42.376044], [-83.012615, 42.375968], [-83.013688, 42.375573], [-83.014761, 42.375182], [-83.015827, 42.374794], [-83.016339, 42.37461], [-83.016854, 42.374418], [-83.017866, 42.374041], [-83.017697, 42.374297], [-83.018134, 42.37447], [-83.018173, 42.374513], [-83.01833, 42.374748], [-83.019377, 42.374366], [-83.02037, 42.375862], [-83.020977, 42.376775], [-83.019936, 42.377154], [-83.020628, 42.378196], [-83.021295, 42.377953], [-83.021427, 42.377898], [-83.021666, 42.377813], [-83.021807, 42.378018], [-83.02236, 42.378856], [-83.023086, 42.379952], [-83.023501, 42.380602], [-83.023685, 42.380878], [-83.024174, 42.381615], [-83.024667, 42.382358], [-83.024148, 42.382546], [-83.025488, 42.384637], [-83.024984, 42.384737], [-83.023881, 42.384951], [-83.02331, 42.385052], [-83.022731, 42.385145], [-83.021916, 42.385268], [-83.021356, 42.385375], [-83.021083, 42.385438], [-83.020281, 42.385638], [-83.019826, 42.385803], [-83.020084, 42.386152], [-83.020176, 42.386277], [-83.020603, 42.38614], [-83.020943, 42.386039], [-83.021169, 42.385978], [-83.021328, 42.385935], [-83.021752, 42.38583], [-83.021774, 42.385822], [-83.022845, 42.385442], [-83.023553, 42.385306], [-83.025102, 42.385009], [-83.026271, 42.384776], [-83.026359, 42.384908], [-83.026527, 42.385162], [-83.026823, 42.385603], [-83.026999, 42.385472], [-83.027268, 42.385657], [-83.028293, 42.386479], [-83.028106, 42.386619], [-83.027598, 42.387002], [-83.027123, 42.38736], [-83.027123, 42.388882], [-83.028106, 42.38887], [-83.029084, 42.388858], [-83.029082, 42.389636], [-83.029084, 42.390441], [-83.028972, 42.390443], [-83.027985, 42.390453], [-83.026448, 42.390469], [-83.026688, 42.391233], [-83.026927, 42.391976], [-83.027042, 42.392354], [-83.027102, 42.392705], [-83.027186, 42.39324], [-83.027218, 42.393476], [-83.027238, 42.39363], [-83.02756, 42.393624], [-83.027753, 42.393607], [-83.027895, 42.393612], [-83.028103, 42.393605], [-83.028358, 42.393596], [-83.029086, 42.393587], [-83.02918, 42.396014], [-83.028194, 42.39603], [-83.028223, 42.396831], [-83.028254, 42.397669], [-83.027899, 42.397674], [-83.027933, 42.398714], [-83.027956, 42.399449], [-83.027978, 42.400181], [-83.027989, 42.400542], [-83.027995, 42.400857], [-83.027953, 42.400874], [-83.027907, 42.400885], [-83.027827, 42.400893], [-83.023468, 42.400968], [-83.023, 42.400953], [-83.023056, 42.402332], [-83.018278, 42.402488], [-83.018287, 42.402754], [-83.018375, 42.405121], [-83.017208, 42.405153], [-83.015199, 42.405206], [-83.015147, 42.405211], [-83.015034, 42.405238], [-83.008832, 42.40761], [-83.008714, 42.40767], [-83.008612, 42.407745], [-83.008559, 42.407795], [-83.008513, 42.407849], [-83.008455, 42.407946], [-83.008424, 42.408028], [-83.008411, 42.408086], [-83.008416, 42.408116], [-83.008425, 42.408154], [-83.008446, 42.408202], [-83.008497, 42.408278], [-83.009542, 42.409312], [-83.010421, 42.410182], [-83.010647, 42.410421], [-83.011899, 42.411738], [-83.012073, 42.411934], [-83.012662, 42.412596], [-83.012958, 42.412928], [-83.01326, 42.413255], [-83.013875, 42.413916], [-83.014468, 42.414541], [-83.01501, 42.415105], [-83.015606, 42.415718], [-83.016754, 42.416889], [-83.017587, 42.417745], [-83.017895, 42.41806], [-83.018696, 42.418905], [-83.019153, 42.419391], [-83.019228, 42.419459], [-83.019344, 42.419535], [-83.019453, 42.419559], [-83.018031, 42.419589], [-83.013717, 42.419681], [-83.013683, 42.419591], [-83.013632, 42.419495], [-83.013585, 42.419426], [-83.013509, 42.419339], [-83.013115, 42.418968], [-83.01207, 42.418006], [-83.01156, 42.417528], [-83.011331, 42.417298], [-83.011028, 42.416972], [-83.010659, 42.416542], [-83.010036, 42.415815], [-83.009391, 42.415062], [-83.008723, 42.41428], [-83.008043, 42.413487], [-83.007428, 42.41277], [-83.00738, 42.412725], [-83.007215, 42.412571], [-83.006654, 42.412077], [-83.006096, 42.41159], [-83.00591, 42.411439], [-83.005392, 42.411019], [-83.005116, 42.410805], [-83.00432, 42.410186], [-83.003534, 42.409579], [-83.002755, 42.408977], [-83.001196, 42.407768], [-83.00058, 42.407984], [-82.998851, 42.409921], [-82.996924, 42.410523], [-82.993731, 42.411752], [-82.993943, 42.412087], [-82.992475, 42.41259], [-82.992777, 42.412128], [-82.990872, 42.41268], [-82.989933, 42.413024], [-82.987157, 42.413992], [-82.984443, 42.41494], [-82.98175, 42.4159], [-82.978931, 42.416877], [-82.976217, 42.417797], [-82.973561, 42.418808], [-82.971206, 42.41958], [-82.967466, 42.419568], [-82.967433, 42.419176], [-82.96497, 42.419202], [-82.964954, 42.418842], [-82.964932, 42.418358], [-82.964895, 42.417515], [-82.964859, 42.416666], [-82.964823, 42.415836], [-82.964776, 42.414802], [-82.964767, 42.414586], [-82.964723, 42.413602], [-82.964711, 42.413347], [-82.964134, 42.412951], [-82.964034, 42.410411], [-82.963492, 42.410425], [-82.963415, 42.408614], [-82.963939, 42.408601], [-82.963844, 42.40626], [-82.964384, 42.405917], [-82.96437, 42.405587], [-82.96499, 42.405407], [-82.964951, 42.405318], [-82.964589, 42.404663], [-82.964596, 42.404501], [-82.964592, 42.404424], [-82.964579, 42.404347], [-82.96455, 42.404254], [-82.963314, 42.404608], [-82.962401, 42.404859], [-82.961502, 42.405126], [-82.96051, 42.405329], [-82.960326, 42.405404], [-82.960252, 42.405423], [-82.960168, 42.405309], [-82.960054, 42.405133], [-82.960329, 42.405048], [-82.963062, 42.404204], [-82.963611, 42.404031], [-82.964298, 42.403822], [-82.964219, 42.403704], [-82.962935, 42.404096], [-82.962798, 42.403828], [-82.961892, 42.40247], [-82.960882, 42.400955], [-82.96076, 42.400771], [-82.959731, 42.399223], [-82.958617, 42.397548], [-82.958955, 42.397426], [-82.959654, 42.397177], [-82.959887, 42.397094], [-82.959853, 42.396977], [-82.958848, 42.395448], [-82.960111, 42.394995], [-82.961231, 42.394593], [-82.962195, 42.394244], [-82.963159, 42.393896], [-82.964136, 42.393545], [-82.965083, 42.393205], [-82.966009, 42.392873], [-82.967045, 42.3925], [-82.968089, 42.392124], [-82.969161, 42.391739], [-82.970234, 42.391353], [-82.971306, 42.390966], [-82.972373, 42.390579], [-82.973431, 42.390199], [-82.974488, 42.389819], [-82.975849, 42.389332], [-82.976029, 42.389288], [-82.979307, 42.388896], [-82.979454, 42.388848], [-82.980319, 42.388536], [-82.980378, 42.388515], [-82.980441, 42.388492], [-82.980612, 42.38843], [-82.982266, 42.387836], [-82.982958, 42.387587], [-82.98385, 42.387266], [-82.98512, 42.386809], [-82.986333, 42.386371], [-82.987251, 42.386028], [-82.988381, 42.385612], [-82.989607, 42.385156]]]}, "properties": {"ZCTA5": "48213", "total_n_nonNAP": 1496, "achieved_n": 803, "reconveyed_n": 283, "closed_n": 1086, "reconveyance_rate_pct": 26.1, "in_progress_n": 410, "at_risk_n": 127, "at_risk_pct": 31.0, "tax_delinquent_pct": 56.6, "median_days_to_compliance": 683}}, {"type": "Feature", "geometry": {"type": "Polygon", "coordinates": [[[-83.085492, 42.315271], [-83.085269, 42.315367], [-83.084909, 42.315547], [-83.08463, 42.315702], [-83.084347, 42.315878], [-83.084525, 42.316144], [-83.08484, 42.315944], [-83.085112, 42.315788], [-83.085393, 42.315642], [-83.085683, 42.315505], [-83.086056, 42.315348], [-83.087041, 42.314963], [-83.087863, 42.314643], [-83.087219, 42.315205], [-83.086098, 42.31564], [-83.085889, 42.315727], [-83.085675, 42.315824], [-83.085938, 42.315761], [-83.08632, 42.315633], [-83.087307, 42.315341], [-83.087582, 42.315771], [-83.087736, 42.315906], [-83.087804, 42.315984], [-83.08752, 42.31637], [-83.088979, 42.318365], [-83.090939, 42.321046], [-83.09116, 42.320958], [-83.091276, 42.320906], [-83.091924, 42.321815], [-83.091744, 42.322403], [-83.093202, 42.324612], [-83.094086, 42.324851], [-83.094633, 42.325617], [-83.09532, 42.326502], [-83.095996, 42.326176], [-83.097323, 42.325667], [-83.097993, 42.326598], [-83.098054, 42.326684], [-83.097763, 42.326726], [-83.095616, 42.326995], [-83.09423, 42.327169], [-83.093937, 42.32723], [-83.09396, 42.327272], [-83.094632, 42.328257], [-83.096529, 42.330893], [-83.096796, 42.331271], [-83.097458, 42.332188], [-83.096013, 42.332637], [-83.095222, 42.332882], [-83.094296, 42.333169], [-83.093357, 42.333461], [-83.092138, 42.333839], [-83.091131, 42.334156], [-83.090257, 42.33443], [-83.089806, 42.33457], [-83.09022, 42.335036], [-83.090771, 42.335612], [-83.091092, 42.33596], [-83.090681, 42.33609], [-83.090432, 42.336165], [-83.090548, 42.336304], [-83.090176, 42.336428], [-83.09007, 42.336288], [-83.090015, 42.336215], [-83.089917, 42.336123], [-83.088558, 42.334966], [-83.087556, 42.33528], [-83.087241, 42.335397], [-83.086918, 42.335468], [-83.085329, 42.335983], [-83.084693, 42.33618], [-83.08339, 42.336589], [-83.082241, 42.336951], [-83.08124, 42.337265], [-83.080075, 42.337625], [-83.079901, 42.337677], [-83.079695, 42.337747], [-83.078785, 42.338028], [-83.076241, 42.338831], [-83.07498, 42.339223], [-83.074012, 42.339527], [-83.073468, 42.339697], [-83.072124, 42.340117], [-83.071904, 42.340186], [-83.071517, 42.340311], [-83.070255, 42.3407], [-83.07008, 42.340938], [-83.069377, 42.340652], [-83.068822, 42.340427], [-83.068654, 42.340102], [-83.068596, 42.339989], [-83.068333, 42.339527], [-83.067907, 42.338772], [-83.06748, 42.338017], [-83.067049, 42.337264], [-83.069767, 42.336413], [-83.06934, 42.33566], [-83.068911, 42.334925], [-83.068786, 42.334677], [-83.069338, 42.334618], [-83.070464, 42.334498], [-83.07077, 42.334445], [-83.071042, 42.334382], [-83.071192, 42.33434], [-83.071475, 42.334248], [-83.071642, 42.334184], [-83.072061, 42.334013], [-83.072284, 42.333921], [-83.072321, 42.333906], [-83.072851, 42.33371], [-83.073272, 42.333573], [-83.073184, 42.333423], [-83.073091, 42.333265], [-83.072553, 42.333429], [-83.071809, 42.33363], [-83.071502, 42.333707], [-83.070811, 42.333848], [-83.069134, 42.334214], [-83.068675, 42.334324], [-83.068594, 42.334344], [-83.068548, 42.334268], [-83.068488, 42.334165], [-83.068412, 42.334034], [-83.068336, 42.333901], [-83.068094, 42.333962], [-83.067128, 42.334308], [-83.066947, 42.334376], [-83.066742, 42.334438], [-83.066559, 42.334482], [-83.066462, 42.334501], [-83.066378, 42.334509], [-83.066166, 42.334516], [-83.066067, 42.334513], [-83.065643, 42.334474], [-83.06558, 42.334456], [-83.065325, 42.334353], [-83.065183, 42.334285], [-83.065083, 42.334228], [-83.064576, 42.333844], [-83.06434, 42.333674], [-83.064458, 42.333637], [-83.064904, 42.333496], [-83.065149, 42.333926], [-83.065305, 42.3342], [-83.065374, 42.334236], [-83.066804, 42.33379], [-83.066376, 42.333035], [-83.06595, 42.332282], [-83.065477, 42.331425], [-83.065327, 42.331278], [-83.064968, 42.330824], [-83.064336, 42.330017], [-83.063701, 42.32921], [-83.063069, 42.328405], [-83.064264, 42.327889], [-83.063632, 42.327084], [-83.061154, 42.328153], [-83.061022, 42.327974], [-83.060522, 42.32734], [-83.061848, 42.326769], [-83.061626, 42.326491], [-83.061158, 42.325971], [-83.060461, 42.325079], [-83.061659, 42.324573], [-83.063023, 42.323988], [-83.062537, 42.32337], [-83.064506, 42.322742], [-83.063293, 42.322401], [-83.063871, 42.32221], [-83.063964, 42.322176], [-83.063647, 42.321832], [-83.06343, 42.321597], [-83.065846, 42.321231], [-83.065962, 42.32163], [-83.066145, 42.321664], [-83.066323, 42.321354], [-83.06618, 42.3211], [-83.065923, 42.320643], [-83.065698, 42.320255], [-83.065623, 42.320126], [-83.065523, 42.319925], [-83.065444, 42.31976], [-83.065338, 42.319541], [-83.075635, 42.314349], [-83.077126, 42.31339], [-83.077201, 42.313364], [-83.077305, 42.313358], [-83.077382, 42.313374], [-83.077454, 42.313365], [-83.077486, 42.31334], [-83.07751, 42.313313], [-83.077572, 42.313275], [-83.077686, 42.313229], [-83.077752, 42.313289], [-83.077861, 42.313497], [-83.077968, 42.313529], [-83.078049, 42.313487], [-83.078092, 42.313408], [-83.077991, 42.313252], [-83.077975, 42.313163], [-83.078027, 42.313106], [-83.078467, 42.312804], [-83.078526, 42.312752], [-83.078961, 42.313325], [-83.079156, 42.313585], [-83.079289, 42.313766], [-83.081432, 42.312658], [-83.081632, 42.312568], [-83.081676, 42.312468], [-83.081734, 42.312335], [-83.081812, 42.31217], [-83.082057, 42.311657], [-83.082322, 42.311108], [-83.08238, 42.310973], [-83.082459, 42.310857], [-83.082518, 42.3108], [-83.082589, 42.310751], [-83.082981, 42.310573], [-83.083708, 42.311589], [-83.085616, 42.314272], [-83.086328, 42.313965], [-83.08686, 42.31472], [-83.085754, 42.315159], [-83.085492, 42.315271]]]}, "properties": {"ZCTA5": "48216", "total_n_nonNAP": 14, "achieved_n": 13, "reconveyed_n": 1, "closed_n": 14, "reconveyance_rate_pct": 7.1, "in_progress_n": 0, "at_risk_n": 0, "at_risk_pct": null, "tax_delinquent_pct": null, "median_days_to_compliance": 941}}, {"type": "Feature", "geometry": {"type": "Polygon", "coordinates": [[[-83.166002, 42.410647], [-83.165872, 42.410727], [-83.167195, 42.41198], [-83.168158, 42.412889], [-83.168437, 42.413154], [-83.168837, 42.41349], [-83.168966, 42.413627], [-83.169096, 42.413763], [-83.169383, 42.414035], [-83.169602, 42.414253], [-83.170016, 42.414665], [-83.17011, 42.416566], [-83.170129, 42.416656], [-83.170155, 42.417405], [-83.170204, 42.418493], [-83.170291, 42.420299], [-83.170362, 42.422172], [-83.170438, 42.423993], [-83.170502, 42.425825], [-83.169995, 42.425824], [-83.169978, 42.425824], [-83.169463, 42.425833], [-83.169544, 42.427648], [-83.170095, 42.427634], [-83.170569, 42.427623], [-83.170632, 42.429442], [-83.170646, 42.429855], [-83.170661, 42.430267], [-83.170698, 42.431249], [-83.170294, 42.431251], [-83.169642, 42.431255], [-83.169705, 42.433036], [-83.169759, 42.434827], [-83.169906, 42.434735], [-83.170086, 42.434722], [-83.170846, 42.43471], [-83.170854, 42.434913], [-83.170857, 42.434998], [-83.170233, 42.435447], [-83.170184, 42.436642], [-83.170922, 42.436619], [-83.170992, 42.438433], [-83.170415, 42.438438], [-83.170511, 42.440727], [-83.170608, 42.44307], [-83.170707, 42.445409], [-83.171258, 42.445399], [-83.171265, 42.445545], [-83.170666, 42.445561], [-83.170444, 42.445566], [-83.170167, 42.445574], [-83.170084, 42.445577], [-83.169203, 42.445602], [-83.169055, 42.445604], [-83.1689, 42.44561], [-83.167999, 42.445643], [-83.167845, 42.445648], [-83.16696, 42.445683], [-83.166866, 42.445685], [-83.165872, 42.445706], [-83.164792, 42.44573], [-83.164682, 42.445732], [-83.163737, 42.445753], [-83.163679, 42.445754], [-83.163581, 42.445755], [-83.162675, 42.445772], [-83.162578, 42.445773], [-83.161516, 42.445794], [-83.161509, 42.445794], [-83.160443, 42.445821], [-83.159507, 42.445844], [-83.159349, 42.445848], [-83.159318, 42.445849], [-83.159222, 42.44585], [-83.158893, 42.445854], [-83.158553, 42.44586], [-83.158248, 42.445867], [-83.158001, 42.445872], [-83.157658, 42.44588], [-83.157534, 42.445884], [-83.157141, 42.445891], [-83.156704, 42.445902], [-83.156618, 42.445904], [-83.156578, 42.445905], [-83.156018, 42.445917], [-83.15594, 42.445919], [-83.155398, 42.445931], [-83.154784, 42.445944], [-83.154006, 42.445961], [-83.153947, 42.445963], [-83.153582, 42.445971], [-83.153377, 42.445976], [-83.152485, 42.445995], [-83.152384, 42.445998], [-83.152164, 42.446003], [-83.151779, 42.446012], [-83.150944, 42.446031], [-83.15077, 42.446035], [-83.149318, 42.446066], [-83.147848, 42.4461], [-83.147712, 42.446103], [-83.147211, 42.446115], [-83.147117, 42.446116], [-83.147087, 42.446117], [-83.14699, 42.44612], [-83.146338, 42.446133], [-83.146163, 42.446137], [-83.145243, 42.446157], [-83.145166, 42.44616], [-83.14488, 42.446166], [-83.144814, 42.446167], [-83.144607, 42.446172], [-83.14419, 42.446181], [-83.144118, 42.446182], [-83.143595, 42.446195], [-83.143209, 42.446203], [-83.142933, 42.446209], [-83.142125, 42.446228], [-83.142111, 42.446228], [-83.14206, 42.446229], [-83.142041, 42.446229], [-83.142006, 42.44623], [-83.141502, 42.44624], [-83.141254, 42.446246], [-83.140937, 42.446253], [-83.140808, 42.446255], [-83.140414, 42.446263], [-83.140322, 42.446265], [-83.139896, 42.446275], [-83.139739, 42.446278], [-83.139362, 42.446285], [-83.139277, 42.446287], [-83.138863, 42.446296], [-83.138846, 42.446297], [-83.138209, 42.44631], [-83.137684, 42.44632], [-83.137447, 42.446327], [-83.136553, 42.446345], [-83.136428, 42.446347], [-83.135455, 42.446361], [-83.135416, 42.446361], [-83.133318, 42.446391], [-83.133228, 42.446393], [-83.133115, 42.446395], [-83.133069, 42.446376], [-83.132974, 42.446356], [-83.132382, 42.446279], [-83.13322, 42.446259], [-83.133218, 42.446118], [-83.133202, 42.445299], [-83.133191, 42.444988], [-83.132049, 42.44483], [-83.132033, 42.443664], [-83.132001, 42.437672], [-83.131642, 42.433844], [-83.131471, 42.432867], [-83.129753, 42.431797], [-83.129452, 42.430803], [-83.123956, 42.421707], [-83.122335, 42.417473], [-83.122515, 42.417469], [-83.122371, 42.415071], [-83.122227, 42.412662], [-83.122085, 42.410279], [-83.122763, 42.410264], [-83.123987, 42.410236], [-83.125218, 42.410209], [-83.125419, 42.410203], [-83.126426, 42.41018], [-83.126654, 42.410174], [-83.127689, 42.410155], [-83.127807, 42.410154], [-83.128748, 42.410127], [-83.128924, 42.410123], [-83.129726, 42.410099], [-83.130082, 42.410089], [-83.130702, 42.410078], [-83.131315, 42.410062], [-83.131679, 42.410053], [-83.132519, 42.410033], [-83.132653, 42.41003], [-83.133628, 42.410016], [-83.133755, 42.410015], [-83.134617, 42.410004], [-83.134977, 42.410005], [-83.135603, 42.409994], [-83.136174, 42.409984], [-83.136585, 42.409976], [-83.13727, 42.409963], [-83.137564, 42.409958], [-83.138366, 42.409943], [-83.138545, 42.40994], [-83.139496, 42.409923], [-83.140537, 42.409904], [-83.141631, 42.409891], [-83.142706, 42.409881], [-83.143781, 42.409871], [-83.144855, 42.409861], [-83.145904, 42.409851], [-83.146325, 42.409847], [-83.14688, 42.409842], [-83.1475, 42.409835], [-83.14786, 42.409831], [-83.148642, 42.409822], [-83.148837, 42.40982], [-83.149782, 42.40981], [-83.150799, 42.4098], [-83.150955, 42.409798], [-83.152152, 42.409787], [-83.152648, 42.409783], [-83.153354, 42.409776], [-83.15364, 42.409773], [-83.154592, 42.409764], [-83.15565, 42.409753], [-83.156741, 42.409741], [-83.157835, 42.409731], [-83.158931, 42.409718], [-83.160004, 42.409707], [-83.161075, 42.40969], [-83.162163, 42.409671], [-83.163252, 42.409651], [-83.164335, 42.409631], [-83.16477, 42.409625], [-83.164981, 42.40962], [-83.165174, 42.409616], [-83.165387, 42.409611], [-83.165522, 42.409609], [-83.166573, 42.409591], [-83.167637, 42.409572], [-83.168689, 42.409552], [-83.169165, 42.409544], [-83.169768, 42.409535], [-83.169783, 42.409943], [-83.169882, 42.411971], [-83.169982, 42.413954], [-83.169986, 42.414166], [-83.169987, 42.414184], [-83.170004, 42.414418], [-83.169493, 42.41399], [-83.169489, 42.413986], [-83.168342, 42.412744], [-83.168335, 42.412737], [-83.167701, 42.412143], [-83.166635, 42.411195], [-83.166002, 42.410647]]]}, "properties": {"ZCTA5": "48221", "total_n_nonNAP": 348, "achieved_n": 283, "reconveyed_n": 37, "closed_n": 320, "reconveyance_rate_pct": 11.6, "in_progress_n": 28, "at_risk_n": 8, "at_risk_pct": 28.6, "tax_delinquent_pct": 53.6, "median_days_to_compliance": 480}}, {"type": "Feature", "geometry": {"type": "Polygon", "coordinates": [[[-82.972575, 42.383125], [-82.972956, 42.383462], [-82.973336, 42.3838], [-82.973647, 42.384103], [-82.974075, 42.384535], [-82.974503, 42.385236], [-82.974782, 42.385537], [-82.97505, 42.385591], [-82.97527, 42.385556], [-82.975594, 42.385458], [-82.976402, 42.386708], [-82.97667, 42.387039], [-82.976898, 42.387247], [-82.976951, 42.387277], [-82.980319, 42.388536], [-82.979454, 42.388848], [-82.979307, 42.388896], [-82.976029, 42.389288], [-82.975849, 42.389332], [-82.974488, 42.389819], [-82.973431, 42.390199], [-82.972373, 42.390579], [-82.971306, 42.390966], [-82.970234, 42.391353], [-82.969161, 42.391739], [-82.968089, 42.392124], [-82.967045, 42.3925], [-82.966009, 42.392873], [-82.965083, 42.393205], [-82.964136, 42.393545], [-82.963159, 42.393896], [-82.962195, 42.394244], [-82.961231, 42.394593], [-82.960111, 42.394995], [-82.958848, 42.395448], [-82.957885, 42.395795], [-82.956961, 42.396128], [-82.956062, 42.396453], [-82.955671, 42.396594], [-82.955171, 42.396775], [-82.954492, 42.397021], [-82.953617, 42.397342], [-82.953337, 42.397445], [-82.951728, 42.395029], [-82.952137, 42.394878], [-82.950491, 42.392479], [-82.948787, 42.389997], [-82.949365, 42.389786], [-82.947699, 42.3873], [-82.946644, 42.387469], [-82.946735, 42.387043], [-82.946876, 42.38699], [-82.946206, 42.385961], [-82.94606, 42.38586], [-82.945726, 42.385344], [-82.945799, 42.385316], [-82.945433, 42.384739], [-82.943911, 42.382418], [-82.943001, 42.381039], [-82.942838, 42.381094], [-82.94258, 42.381107], [-82.94235, 42.380748], [-82.942375, 42.380643], [-82.942414, 42.380457], [-82.942572, 42.380395], [-82.941314, 42.378469], [-82.939949, 42.376406], [-82.939734, 42.376071], [-82.939681, 42.375988], [-82.93959, 42.376004], [-82.939528, 42.376007], [-82.939476, 42.376005], [-82.939426, 42.375993], [-82.939382, 42.375969], [-82.939354, 42.375937], [-82.938853, 42.375154], [-82.938762, 42.374742], [-82.937402, 42.372693], [-82.934964, 42.36907], [-82.933486, 42.366848], [-82.932336, 42.365132], [-82.93054, 42.362417], [-82.930354, 42.36214], [-82.930947, 42.361903], [-82.930697, 42.361525], [-82.930293, 42.360914], [-82.930011, 42.360492], [-82.929985, 42.360446], [-82.929968, 42.360398], [-82.929962, 42.360365], [-82.929958, 42.360284], [-82.929971, 42.36022], [-82.929986, 42.360185], [-82.930019, 42.360132], [-82.92866, 42.358249], [-82.931108, 42.35749], [-82.931963, 42.357336], [-82.935741, 42.35666], [-82.941861, 42.356039], [-82.943339, 42.355936], [-82.944555, 42.355765], [-82.945382, 42.355686], [-82.945949, 42.355632], [-82.948236, 42.35527], [-82.951406, 42.355028], [-82.952915, 42.354868], [-82.956511, 42.361323], [-82.956659, 42.361555], [-82.958135, 42.363932], [-82.957867, 42.364272], [-82.958552, 42.364025], [-82.959417, 42.363714], [-82.96057, 42.363298], [-82.960808, 42.363212], [-82.961042, 42.363334], [-82.962221, 42.364887], [-82.962285, 42.365077], [-82.962347, 42.365398], [-82.962381, 42.36552], [-82.962426, 42.365637], [-82.962505, 42.365704], [-82.962623, 42.36583], [-82.962656, 42.365957], [-82.962845, 42.366241], [-82.963063, 42.36654], [-82.963256, 42.366709], [-82.963372, 42.366872], [-82.963612, 42.367223], [-82.964397, 42.368333], [-82.964992, 42.369188], [-82.96513, 42.369144], [-82.96565, 42.368953], [-82.966717, 42.368555], [-82.967683, 42.368201], [-82.968562, 42.369515], [-82.969192, 42.37043], [-82.969232, 42.370451], [-82.969303, 42.370463], [-82.969336, 42.370468], [-82.969384, 42.370469], [-82.96945, 42.370459], [-82.970264, 42.370156], [-82.970835, 42.36993], [-82.972498, 42.371161], [-82.97308, 42.371781], [-82.973324, 42.372041], [-82.973447, 42.372181], [-82.974788, 42.374185], [-82.97692, 42.377472], [-82.97698, 42.377585], [-82.977031, 42.377693], [-82.977083, 42.377845], [-82.977106, 42.377978], [-82.977121, 42.378144], [-82.977112, 42.37828], [-82.977087, 42.378412], [-82.977055, 42.378536], [-82.976998, 42.378677], [-82.976954, 42.378772], [-82.976892, 42.378881], [-82.976811, 42.378998], [-82.976721, 42.379098], [-82.976621, 42.379197], [-82.976337, 42.379393], [-82.976182, 42.379487], [-82.974474, 42.380406], [-82.974319, 42.380507], [-82.9742, 42.380601], [-82.974073, 42.380735], [-82.973991, 42.380866], [-82.973899, 42.381038], [-82.973838, 42.381174], [-82.973788, 42.38134], [-82.97377, 42.381518], [-82.973789, 42.381986], [-82.973643, 42.382067], [-82.973715, 42.38235], [-82.973784, 42.382551], [-82.973857, 42.382702], [-82.973821, 42.382717], [-82.973493, 42.382856], [-82.973299, 42.382864], [-82.972575, 42.383125]]]}, "properties": {"ZCTA5": "48215", "total_n_nonNAP": 292, "achieved_n": 157, "reconveyed_n": 63, "closed_n": 220, "reconveyance_rate_pct": 28.6, "in_progress_n": 72, "at_risk_n": 17, "at_risk_pct": 23.6, "tax_delinquent_pct": 52.8, "median_days_to_compliance": 664}}, {"type": "Feature", "geometry": {"type": "Polygon", "coordinates": [[[-83.217898, 42.401129], [-83.217891, 42.401665], [-83.217909, 42.402079], [-83.217932, 42.402721], [-83.217948, 42.402937], [-83.218057, 42.404747], [-83.218145, 42.406548], [-83.218227, 42.408342], [-83.217895, 42.408353], [-83.21745, 42.40836], [-83.216549, 42.408377], [-83.21639, 42.40838], [-83.215297, 42.408401], [-83.214554, 42.408419], [-83.214202, 42.408427], [-83.213009, 42.408446], [-83.211789, 42.408472], [-83.210699, 42.408495], [-83.209725, 42.408515], [-83.20875, 42.408542], [-83.207665, 42.40858], [-83.206564, 42.408605], [-83.205504, 42.40863], [-83.204423, 42.408655], [-83.204459, 42.409536], [-83.203256, 42.409561], [-83.203226, 42.408869], [-83.203218, 42.408662], [-83.201835, 42.408688], [-83.200453, 42.408719], [-83.20049, 42.409619], [-83.200249, 42.409622], [-83.199055, 42.409652], [-83.199017, 42.408753], [-83.197821, 42.408787], [-83.196563, 42.408826], [-83.195306, 42.408864], [-83.194184, 42.408897], [-83.192949, 42.408937], [-83.191713, 42.408975], [-83.190401, 42.409018], [-83.189233, 42.409055], [-83.188093, 42.409092], [-83.18693, 42.40913], [-83.185846, 42.409163], [-83.184846, 42.409195], [-83.183748, 42.40923], [-83.182624, 42.409264], [-83.181571, 42.409296], [-83.180517, 42.409329], [-83.179466, 42.409361], [-83.178383, 42.409381], [-83.177301, 42.409399], [-83.176221, 42.409418], [-83.17514, 42.409436], [-83.174084, 42.409452], [-83.172902, 42.409474], [-83.171865, 42.409498], [-83.170823, 42.409516], [-83.169768, 42.409535], [-83.169752, 42.409144], [-83.169677, 42.407696], [-83.169078, 42.40769], [-83.168602, 42.407686], [-83.168514, 42.405882], [-83.16842, 42.404072], [-83.168891, 42.404061], [-83.169354, 42.404052], [-83.169492, 42.404041], [-83.169402, 42.402229], [-83.169295, 42.400036], [-83.169224, 42.398553], [-83.169185, 42.397744], [-83.169053, 42.395031], [-83.168987, 42.393675], [-83.168981, 42.393546], [-83.16844, 42.393554], [-83.165201, 42.393708], [-83.164306, 42.393774], [-83.163664, 42.393816], [-83.163556, 42.393823], [-83.163289, 42.393899], [-83.163295, 42.393816], [-83.163302, 42.393715], [-83.163319, 42.393474], [-83.163244, 42.391557], [-83.164622, 42.39152], [-83.165688, 42.391493], [-83.166753, 42.391465], [-83.167817, 42.391438], [-83.168875, 42.391417], [-83.168811, 42.390056], [-83.168721, 42.388248], [-83.168175, 42.388262], [-83.168068, 42.385842], [-83.16809, 42.385842], [-83.168382, 42.385823], [-83.168622, 42.385801], [-83.168609, 42.38547], [-83.168602, 42.385283], [-83.168596, 42.385107], [-83.168589, 42.384927], [-83.168578, 42.384616], [-83.168059, 42.384671], [-83.16752, 42.38473], [-83.167471, 42.383426], [-83.168073, 42.38341], [-83.167915, 42.380504], [-83.168198, 42.380497], [-83.168452, 42.380491], [-83.168392, 42.37982], [-83.16839, 42.379748], [-83.168386, 42.379665], [-83.168362, 42.379071], [-83.16776, 42.378845], [-83.167686, 42.375602], [-83.16761, 42.37324], [-83.167538, 42.371054], [-83.167467, 42.368866], [-83.167374, 42.366009], [-83.167928, 42.365998], [-83.169137, 42.365974], [-83.169765, 42.36596], [-83.170386, 42.365947], [-83.171608, 42.365921], [-83.172814, 42.365896], [-83.174047, 42.36587], [-83.175281, 42.365844], [-83.1765, 42.365817], [-83.177724, 42.365793], [-83.1789, 42.365766], [-83.180123, 42.365739], [-83.182474, 42.365688], [-83.183854, 42.365658], [-83.185064, 42.365635], [-83.18628, 42.365609], [-83.187502, 42.365582], [-83.188595, 42.365559], [-83.189673, 42.365531], [-83.190755, 42.365508], [-83.19184, 42.365484], [-83.19297, 42.365459], [-83.194044, 42.365435], [-83.195115, 42.365412], [-83.196189, 42.36539], [-83.197286, 42.365365], [-83.198325, 42.365349], [-83.198477, 42.365347], [-83.199399, 42.365336], [-83.19969, 42.365332], [-83.200481, 42.365322], [-83.200904, 42.365316], [-83.202067, 42.365302], [-83.202667, 42.365293], [-83.203294, 42.365282], [-83.203761, 42.365274], [-83.2045, 42.365261], [-83.205705, 42.365239], [-83.206963, 42.365217], [-83.20817, 42.365197], [-83.209377, 42.365178], [-83.210585, 42.365158], [-83.21181, 42.365138], [-83.213048, 42.365118], [-83.214252, 42.365095], [-83.214947, 42.365081], [-83.215459, 42.365156], [-83.215959, 42.365229], [-83.216142, 42.365248], [-83.216383, 42.36526], [-83.216417, 42.367825], [-83.216441, 42.369134], [-83.216484, 42.369799], [-83.216585, 42.372257], [-83.216658, 42.3741], [-83.216664, 42.374246], [-83.216678, 42.374374], [-83.21669, 42.374776], [-83.216763, 42.376432], [-83.216827, 42.377447], [-83.216866, 42.378073], [-83.216873, 42.378245], [-83.216883, 42.378409], [-83.216892, 42.378485], [-83.216912, 42.378639], [-83.216925, 42.37875], [-83.216931, 42.378803], [-83.216951, 42.378951], [-83.216963, 42.379047], [-83.217013, 42.379456], [-83.217039, 42.3797], [-83.217352, 42.382672], [-83.21738, 42.383019], [-83.217409, 42.383676], [-83.217428, 42.384036], [-83.217445, 42.384361], [-83.217503, 42.385455], [-83.217508, 42.385732], [-83.21755, 42.386712], [-83.217216, 42.386716], [-83.21728, 42.385452], [-83.217241, 42.38439], [-83.217221, 42.383888], [-83.217184, 42.383455], [-83.217143, 42.383176], [-83.217062, 42.382736], [-83.217036, 42.382595], [-83.216952, 42.382172], [-83.216611, 42.382845], [-83.216562, 42.384409], [-83.216743, 42.385671], [-83.216819, 42.386724], [-83.216902, 42.389107], [-83.216987, 42.391502], [-83.217103, 42.393915], [-83.217142, 42.395578], [-83.217194, 42.397767], [-83.217894, 42.397752], [-83.217929, 42.398929], [-83.217969, 42.399307], [-83.217968, 42.399833], [-83.21799, 42.40058], [-83.218203, 42.400665], [-83.218203, 42.401127], [-83.217898, 42.401129]]]}, "properties": {"ZCTA5": "48227", "total_n_nonNAP": 1355, "achieved_n": 916, "reconveyed_n": 221, "closed_n": 1137, "reconveyance_rate_pct": 19.4, "in_progress_n": 218, "at_risk_n": 59, "at_risk_pct": 27.1, "tax_delinquent_pct": 56.9, "median_days_to_compliance": 659.5}}, {"type": "Feature", "geometry": {"type": "Polygon", "coordinates": [[[-82.934343, 42.428845], [-82.934562, 42.428554], [-82.937566, 42.429845], [-82.937382, 42.43009], [-82.940056, 42.431182], [-82.940416, 42.431329], [-82.940788, 42.431481], [-82.94128, 42.431229], [-82.94387, 42.432294], [-82.945989, 42.433164], [-82.948108, 42.434035], [-82.947855, 42.434373], [-82.949894, 42.435207], [-82.951357, 42.435809], [-82.951826, 42.436001], [-82.951991, 42.436119], [-82.951802, 42.436373], [-82.951505, 42.436764], [-82.951107, 42.437289], [-82.950431, 42.43819], [-82.95076, 42.438331], [-82.950891, 42.438374], [-82.950971, 42.438382], [-82.950969, 42.438603], [-82.95101, 42.439279], [-82.950244, 42.439289], [-82.950193, 42.439285], [-82.950122, 42.439269], [-82.949735, 42.439107], [-82.949337, 42.439637], [-82.949051, 42.440018], [-82.948726, 42.44045], [-82.948366, 42.440928], [-82.948031, 42.441373], [-82.947681, 42.441838], [-82.947316, 42.442328], [-82.946945, 42.442825], [-82.946879, 42.442922], [-82.946801, 42.443036], [-82.946396, 42.443685], [-82.946127, 42.444106], [-82.946202, 42.444261], [-82.94622, 42.444831], [-82.946245, 42.445723], [-82.946271, 42.446661], [-82.946306, 42.447555], [-82.944279, 42.447595], [-82.944196, 42.447589], [-82.943946, 42.44749], [-82.943677, 42.447385], [-82.943593, 42.447507], [-82.943488, 42.447661], [-82.942996, 42.4483], [-82.942878, 42.448447], [-82.942216, 42.449205], [-82.941283, 42.45023], [-82.94098, 42.450227], [-82.940741, 42.450224], [-82.940468, 42.45023], [-82.939711, 42.450248], [-82.939572, 42.45025], [-82.938597, 42.450268], [-82.93799, 42.450279], [-82.937378, 42.450291], [-82.937043, 42.45029], [-82.936831, 42.450284], [-82.936646, 42.450274], [-82.936468, 42.450265], [-82.93612, 42.450239], [-82.935847, 42.450212], [-82.935786, 42.450206], [-82.935635, 42.450186], [-82.935403, 42.450159], [-82.935089, 42.450204], [-82.934859, 42.45018], [-82.934727, 42.45018], [-82.934527, 42.450223], [-82.934297, 42.450292], [-82.934137, 42.450361], [-82.933975, 42.450421], [-82.933668, 42.450526], [-82.932359, 42.450553], [-82.930679, 42.450582], [-82.929564, 42.450609], [-82.928579, 42.45062], [-82.92632, 42.450645], [-82.924933, 42.450655], [-82.922701, 42.450674], [-82.921046, 42.450688], [-82.919294, 42.450699], [-82.919049, 42.450703], [-82.918416, 42.450704], [-82.917792, 42.450705], [-82.917592, 42.450712], [-82.917391, 42.450718], [-82.917289, 42.450719], [-82.917187, 42.45072], [-82.916901, 42.450721], [-82.916756, 42.450722], [-82.915986, 42.450725], [-82.915899, 42.450726], [-82.914608, 42.450731], [-82.912778, 42.450753], [-82.912456, 42.450756], [-82.911375, 42.450768], [-82.911105, 42.450769], [-82.911051, 42.450727], [-82.911335, 42.450043], [-82.911492, 42.449671], [-82.91165, 42.449293], [-82.911813, 42.448917], [-82.911976, 42.448538], [-82.912119, 42.448146], [-82.912262, 42.44776], [-82.912359, 42.447344], [-82.912457, 42.446934], [-82.912553, 42.446511], [-82.912652, 42.44607], [-82.912859, 42.445201], [-82.912855, 42.445142], [-82.912885, 42.445116], [-82.912903, 42.445024], [-82.912971, 42.444808], [-82.913127, 42.444404], [-82.913284, 42.444001], [-82.913545, 42.443158], [-82.913644, 42.44224], [-82.913742, 42.44176], [-82.913829, 42.441343], [-82.914107, 42.44057], [-82.914096, 42.440487], [-82.914107, 42.439728], [-82.914158, 42.439592], [-82.914358, 42.438734], [-82.914543, 42.437874], [-82.913933, 42.437729], [-82.914291, 42.436957], [-82.914465, 42.436556], [-82.914637, 42.436161], [-82.914478, 42.43557], [-82.914771, 42.433088], [-82.914894, 42.432219], [-82.915143, 42.432321], [-82.915841, 42.431392], [-82.916147, 42.43099], [-82.916257, 42.430843], [-82.919178, 42.431997], [-82.922107, 42.433319], [-82.922233, 42.433031], [-82.922281, 42.432943], [-82.922338, 42.432839], [-82.922518, 42.432562], [-82.922769, 42.432185], [-82.923023, 42.431848], [-82.920152, 42.430682], [-82.917251, 42.429499], [-82.916173, 42.429034], [-82.916529, 42.428566], [-82.917046, 42.427905], [-82.9172, 42.427695], [-82.917533, 42.427265], [-82.917874, 42.426845], [-82.918048, 42.426635], [-82.918528, 42.426043], [-82.918532, 42.425995], [-82.916503, 42.425166], [-82.91585, 42.424896], [-82.915936, 42.424232], [-82.915959, 42.424131], [-82.915976, 42.424005], [-82.916095, 42.423114], [-82.916328, 42.421349], [-82.917419, 42.421782], [-82.917992, 42.422012], [-82.918641, 42.422276], [-82.919887, 42.422783], [-82.920937, 42.423217], [-82.921895, 42.423613], [-82.922869, 42.424016], [-82.923813, 42.424406], [-82.924752, 42.424793], [-82.925699, 42.425187], [-82.926612, 42.425566], [-82.927151, 42.425789], [-82.927306, 42.425873], [-82.927495, 42.425975], [-82.927656, 42.426062], [-82.927878, 42.426183], [-82.928007, 42.426253], [-82.92999, 42.427065], [-82.93026, 42.426706], [-82.932441, 42.427643], [-82.932195, 42.427968], [-82.934343, 42.428845]]]}, "properties": {"ZCTA5": "48225", "total_n_nonNAP": 4, "achieved_n": 2, "reconveyed_n": 0, "closed_n": 2, "reconveyance_rate_pct": 0.0, "in_progress_n": 2, "at_risk_n": 0, "at_risk_pct": 0.0, "tax_delinquent_pct": 50.0, "median_days_to_compliance": 964.5}}, {"type": "Feature", "geometry": {"type": "Polygon", "coordinates": [[[-83.009376, 42.419813], [-83.00894, 42.419826], [-83.007688, 42.419865], [-83.006462, 42.419902], [-83.005203, 42.419938], [-83.004649, 42.419937], [-83.004755, 42.422173], [-83.005295, 42.422158], [-83.005379, 42.423803], [-83.004812, 42.423816], [-83.004824, 42.424156], [-83.004789, 42.425393], [-83.004242, 42.425407], [-83.004318, 42.427228], [-83.004791, 42.427216], [-83.005545, 42.427198], [-83.005629, 42.428991], [-83.004959, 42.429007], [-83.005129, 42.430822], [-83.005122, 42.432625], [-83.005797, 42.432604], [-83.005875, 42.434402], [-83.005777, 42.434401], [-83.005187, 42.434414], [-83.005262, 42.436453], [-83.005344, 42.438662], [-83.004849, 42.438676], [-83.004904, 42.440096], [-83.004963, 42.441681], [-83.00505, 42.441663], [-83.00601, 42.441639], [-83.007045, 42.441612], [-83.008081, 42.441584], [-83.009149, 42.441557], [-83.01065, 42.441658], [-83.010053, 42.442385], [-83.009535, 42.443097], [-83.007673, 42.445496], [-83.005266, 42.448816], [-83.005185, 42.448819], [-83.004866, 42.448832], [-83.003772, 42.448877], [-83.002698, 42.448901], [-83.002516, 42.448902], [-83.001106, 42.44891], [-83.000736, 42.448915], [-83.000348, 42.44892], [-82.99914, 42.448968], [-82.999098, 42.44897], [-82.998877, 42.448976], [-82.998574, 42.448985], [-82.997865, 42.449006], [-82.996626, 42.449033], [-82.996529, 42.449035], [-82.995439, 42.449058], [-82.995424, 42.449058], [-82.994199, 42.449087], [-82.994122, 42.449089], [-82.992949, 42.449114], [-82.992933, 42.449114], [-82.992279, 42.44913], [-82.992163, 42.449133], [-82.991771, 42.449141], [-82.991743, 42.449142], [-82.990746, 42.449165], [-82.990553, 42.449169], [-82.990543, 42.449169], [-82.9893, 42.449195], [-82.988164, 42.449221], [-82.988093, 42.449223], [-82.987815, 42.449229], [-82.987788, 42.44923], [-82.986888, 42.449251], [-82.985659, 42.44928], [-82.983553, 42.449331], [-82.983483, 42.449333], [-82.983198, 42.449339], [-82.980923, 42.449397], [-82.980768, 42.449401], [-82.980318, 42.449413], [-82.980152, 42.449417], [-82.978929, 42.449449], [-82.978925, 42.449449], [-82.978318, 42.449465], [-82.978258, 42.449467], [-82.977816, 42.449478], [-82.977731, 42.44948], [-82.977081, 42.449497], [-82.977017, 42.449499], [-82.975854, 42.44953], [-82.975848, 42.44953], [-82.974625, 42.44956], [-82.974314, 42.449568], [-82.973808, 42.449581], [-82.973553, 42.449587], [-82.973387, 42.449591], [-82.973178, 42.449596], [-82.972413, 42.449615], [-82.972219, 42.44962], [-82.972079, 42.449624], [-82.971421, 42.44965], [-82.971325, 42.449654], [-82.971041, 42.449665], [-82.970921, 42.44967], [-82.969917, 42.449733], [-82.969101, 42.449785], [-82.968718, 42.449806], [-82.967938, 42.449836], [-82.967691, 42.449843], [-82.966093, 42.449886], [-82.964728, 42.449911], [-82.964656, 42.449912], [-82.96389, 42.449927], [-82.963673, 42.449931], [-82.963399, 42.449935], [-82.963278, 42.449937], [-82.961112, 42.44997], [-82.960999, 42.449972], [-82.958646, 42.450013], [-82.958636, 42.450013], [-82.957736, 42.450026], [-82.957706, 42.450026], [-82.95684, 42.450039], [-82.956606, 42.450042], [-82.95621, 42.450048], [-82.956064, 42.450051], [-82.955492, 42.450063], [-82.955483, 42.450063], [-82.95389, 42.450092], [-82.95375, 42.450095], [-82.952732, 42.450115], [-82.952724, 42.450115], [-82.951408, 42.450141], [-82.951315, 42.450143], [-82.949635, 42.450175], [-82.949452, 42.450178], [-82.948839, 42.45019], [-82.948478, 42.450197], [-82.947577, 42.450214], [-82.946392, 42.450229], [-82.946062, 42.450228], [-82.946055, 42.450228], [-82.945517, 42.450224], [-82.943764, 42.450199], [-82.94331, 42.450193], [-82.942995, 42.450199], [-82.942631, 42.450205], [-82.942149, 42.450214], [-82.94162, 42.450224], [-82.941283, 42.45023], [-82.942216, 42.449205], [-82.942878, 42.448447], [-82.942996, 42.4483], [-82.943488, 42.447661], [-82.943593, 42.447507], [-82.943677, 42.447385], [-82.943946, 42.44749], [-82.944196, 42.447589], [-82.944279, 42.447595], [-82.946306, 42.447555], [-82.946271, 42.446661], [-82.946245, 42.445723], [-82.94622, 42.444831], [-82.946202, 42.444261], [-82.946127, 42.444106], [-82.946396, 42.443685], [-82.946801, 42.443036], [-82.946879, 42.442922], [-82.946945, 42.442825], [-82.947316, 42.442328], [-82.947681, 42.441838], [-82.948031, 42.441373], [-82.948366, 42.440928], [-82.948726, 42.44045], [-82.949051, 42.440018], [-82.949337, 42.439637], [-82.949735, 42.439107], [-82.950122, 42.439269], [-82.950193, 42.439285], [-82.950244, 42.439289], [-82.95101, 42.439279], [-82.950969, 42.438603], [-82.950971, 42.438382], [-82.950891, 42.438374], [-82.95076, 42.438331], [-82.950431, 42.43819], [-82.951107, 42.437289], [-82.951505, 42.436764], [-82.951802, 42.436373], [-82.951991, 42.436119], [-82.952328, 42.435667], [-82.952538, 42.435387], [-82.952792, 42.435049], [-82.95296, 42.434657], [-82.953192, 42.434404], [-82.953522, 42.434004], [-82.953713, 42.433775], [-82.954162, 42.433187], [-82.955702, 42.433162], [-82.955676, 42.432365], [-82.955565, 42.432366], [-82.955404, 42.432368], [-82.955323, 42.43234], [-82.954927, 42.432177], [-82.955545, 42.43136], [-82.955939, 42.430837], [-82.956161, 42.430542], [-82.956785, 42.42972], [-82.957252, 42.429101], [-82.958108, 42.427945], [-82.958859, 42.426931], [-82.959546, 42.42721], [-82.959608, 42.427228], [-82.959718, 42.427243], [-82.960423, 42.427233], [-82.960395, 42.426453], [-82.960038, 42.426457], [-82.95997, 42.426453], [-82.959928, 42.426441], [-82.959391, 42.426216], [-82.959994, 42.425408], [-82.960298, 42.425001], [-82.960496, 42.424759], [-82.961227, 42.423786], [-82.961776, 42.424014], [-82.961799, 42.42402], [-82.962716, 42.424009], [-82.962688, 42.423213], [-82.962515, 42.423207], [-82.962434, 42.423184], [-82.961852, 42.422949], [-82.962444, 42.422158], [-82.963044, 42.421356], [-82.963458, 42.420815], [-82.963792, 42.42037], [-82.964087, 42.419982], [-82.965003, 42.419971], [-82.964985, 42.41956], [-82.96497, 42.419202], [-82.967433, 42.419176], [-82.967466, 42.419568], [-82.971206, 42.41958], [-82.973561, 42.418808], [-82.976217, 42.417797], [-82.978931, 42.416877], [-82.98175, 42.4159], [-82.984443, 42.41494], [-82.987157, 42.413992], [-82.989933, 42.413024], [-82.990872, 42.41268], [-82.992777, 42.412128], [-82.992475, 42.41259], [-82.993943, 42.412087], [-82.993731, 42.411752], [-82.996924, 42.410523], [-82.998851, 42.409921], [-83.00058, 42.407984], [-83.001196, 42.407768], [-83.002755, 42.408977], [-83.003534, 42.409579], [-83.00432, 42.410186], [-83.005116, 42.410805], [-83.005392, 42.411019], [-83.00591, 42.411439], [-83.006096, 42.41159], [-83.006654, 42.412077], [-83.007215, 42.412571], [-83.00738, 42.412725], [-83.007428, 42.41277], [-83.008043, 42.413487], [-83.008723, 42.41428], [-83.009391, 42.415062], [-83.010036, 42.415815], [-83.010659, 42.416542], [-83.011028, 42.416972], [-83.011331, 42.417298], [-83.01156, 42.417528], [-83.01207, 42.418006], [-83.013115, 42.418968], [-83.013509, 42.419339], [-83.013585, 42.419426], [-83.013632, 42.419495], [-83.013683, 42.419591], [-83.013717, 42.419681], [-83.013318, 42.419693], [-83.011884, 42.419738], [-83.01186, 42.419361], [-83.011836, 42.419294], [-83.010138, 42.417727], [-83.009038, 42.418124], [-83.010334, 42.419316], [-83.010363, 42.419364], [-83.010378, 42.419408], [-83.010408, 42.419781], [-83.009376, 42.419813]]]}, "properties": {"ZCTA5": "48205", "total_n_nonNAP": 2137, "achieved_n": 1150, "reconveyed_n": 426, "closed_n": 1576, "reconveyance_rate_pct": 27.0, "in_progress_n": 561, "at_risk_n": 173, "at_risk_pct": 30.8, "tax_delinquent_pct": 54.7, "median_days_to_compliance": 608}}, {"type": "Feature", "geometry": {"type": "Polygon", "coordinates": [[[-82.976402, 42.386708], [-82.975594, 42.385458], [-82.97527, 42.385556], [-82.97505, 42.385591], [-82.974782, 42.385537], [-82.974503, 42.385236], [-82.974075, 42.384535], [-82.973647, 42.384103], [-82.973336, 42.3838], [-82.972956, 42.383462], [-82.972575, 42.383125], [-82.973299, 42.382864], [-82.973493, 42.382856], [-82.973821, 42.382717], [-82.973857, 42.382702], [-82.973784, 42.382551], [-82.973715, 42.38235], [-82.973643, 42.382067], [-82.973789, 42.381986], [-82.97377, 42.381518], [-82.973788, 42.38134], [-82.973838, 42.381174], [-82.973899, 42.381038], [-82.973991, 42.380866], [-82.974073, 42.380735], [-82.9742, 42.380601], [-82.974319, 42.380507], [-82.974474, 42.380406], [-82.976182, 42.379487], [-82.976337, 42.379393], [-82.976621, 42.379197], [-82.976721, 42.379098], [-82.976811, 42.378998], [-82.976892, 42.378881], [-82.976954, 42.378772], [-82.976998, 42.378677], [-82.977055, 42.378536], [-82.977087, 42.378412], [-82.977112, 42.37828], [-82.977121, 42.378144], [-82.977106, 42.377978], [-82.977083, 42.377845], [-82.977031, 42.377693], [-82.97698, 42.377585], [-82.97692, 42.377472], [-82.974788, 42.374185], [-82.973447, 42.372181], [-82.973324, 42.372041], [-82.97308, 42.371781], [-82.972498, 42.371161], [-82.970835, 42.36993], [-82.970264, 42.370156], [-82.96945, 42.370459], [-82.969384, 42.370469], [-82.969336, 42.370468], [-82.969303, 42.370463], [-82.969232, 42.370451], [-82.969192, 42.37043], [-82.968562, 42.369515], [-82.967683, 42.368201], [-82.966717, 42.368555], [-82.96565, 42.368953], [-82.96513, 42.369144], [-82.964992, 42.369188], [-82.964397, 42.368333], [-82.963612, 42.367223], [-82.963372, 42.366872], [-82.963256, 42.366709], [-82.963063, 42.36654], [-82.962845, 42.366241], [-82.962656, 42.365957], [-82.962623, 42.36583], [-82.962505, 42.365704], [-82.962426, 42.365637], [-82.962381, 42.36552], [-82.962347, 42.365398], [-82.962285, 42.365077], [-82.962221, 42.364887], [-82.961042, 42.363334], [-82.960808, 42.363212], [-82.96057, 42.363298], [-82.959417, 42.363714], [-82.958552, 42.364025], [-82.957867, 42.364272], [-82.958135, 42.363932], [-82.956659, 42.361555], [-82.956511, 42.361323], [-82.952915, 42.354868], [-82.951679, 42.352573], [-82.952776, 42.352372], [-82.963748, 42.35278], [-82.967523, 42.352922], [-82.971017, 42.353239], [-82.97202, 42.353359], [-82.977584, 42.350082], [-82.984749, 42.347562], [-82.987137, 42.346812], [-82.998566, 42.342614], [-83.000416, 42.345086], [-83.000569, 42.345295], [-83.000899, 42.345631], [-83.001922, 42.346904], [-83.002079, 42.347158], [-83.002559, 42.347895], [-83.002682, 42.348075], [-83.002776, 42.348251], [-83.002918, 42.348658], [-83.002465, 42.348835], [-83.002105, 42.348976], [-83.001997, 42.349015], [-83.003195, 42.350704], [-83.002477, 42.350975], [-83.003595, 42.352665], [-83.004719, 42.354365], [-83.005909, 42.356166], [-83.007463, 42.355604], [-83.008858, 42.357718], [-83.008107, 42.357988], [-83.009685, 42.36038], [-83.011168, 42.362629], [-83.011921, 42.362356], [-83.012027, 42.362453], [-83.012057, 42.362491], [-83.012553, 42.36324], [-83.01324, 42.364348], [-83.013148, 42.364383], [-83.013055, 42.364417], [-83.013776, 42.365628], [-83.014487, 42.366714], [-83.013891, 42.366931], [-83.015806, 42.369639], [-83.017258, 42.371674], [-83.016484, 42.371958], [-83.016896, 42.372584], [-83.016946, 42.372668], [-83.016949, 42.372694], [-83.016931, 42.372723], [-83.017381, 42.373341], [-83.017866, 42.374041], [-83.016854, 42.374418], [-83.016339, 42.37461], [-83.015827, 42.374794], [-83.014761, 42.375182], [-83.013688, 42.375573], [-83.012615, 42.375968], [-83.012409, 42.376044], [-83.011632, 42.376355], [-83.010656, 42.376743], [-83.009679, 42.377133], [-83.008698, 42.377524], [-83.007722, 42.377912], [-83.006746, 42.378301], [-83.005789, 42.378681], [-83.004823, 42.379066], [-83.003373, 42.379643], [-83.002403, 42.380016], [-83.001367, 42.380413], [-83.000715, 42.380668], [-83.000446, 42.38081], [-83.000349, 42.38087], [-83.000181, 42.380975], [-82.999927, 42.381102], [-82.999039, 42.381482], [-82.997988, 42.381904], [-82.996816, 42.382358], [-82.995658, 42.38277], [-82.994577, 42.383181], [-82.993537, 42.383593], [-82.992503, 42.384004], [-82.991534, 42.384391], [-82.990573, 42.384775], [-82.989607, 42.385156], [-82.988381, 42.385612], [-82.987251, 42.386028], [-82.986333, 42.386371], [-82.98512, 42.386809], [-82.98385, 42.387266], [-82.982958, 42.387587], [-82.982266, 42.387836], [-82.980612, 42.38843], [-82.980441, 42.388492], [-82.980378, 42.388515], [-82.980319, 42.388536], [-82.976951, 42.387277], [-82.976898, 42.387247], [-82.97667, 42.387039], [-82.976402, 42.386708]]]}, "properties": {"ZCTA5": "48214", "total_n_nonNAP": 478, "achieved_n": 245, "reconveyed_n": 110, "closed_n": 355, "reconveyance_rate_pct": 31.0, "in_progress_n": 123, "at_risk_n": 37, "at_risk_pct": 30.1, "tax_delinquent_pct": 51.2, "median_days_to_compliance": 634}}, {"type": "Feature", "geometry": {"type": "Polygon", "coordinates": [[[-83.257118, 42.407468], [-83.256283, 42.407482], [-83.255884, 42.407495], [-83.25468, 42.407538], [-83.253502, 42.407565], [-83.252891, 42.407586], [-83.252294, 42.407602], [-83.250711, 42.407632], [-83.249625, 42.407652], [-83.248545, 42.407672], [-83.247435, 42.407694], [-83.24629, 42.407716], [-83.245178, 42.407737], [-83.244061, 42.407758], [-83.242947, 42.407781], [-83.241853, 42.407803], [-83.240766, 42.407824], [-83.239857, 42.407842], [-83.239672, 42.407845], [-83.238783, 42.407861], [-83.238325, 42.407869], [-83.237743, 42.407896], [-83.237791, 42.40854], [-83.236547, 42.408041], [-83.236378, 42.407972], [-83.23627, 42.408085], [-83.236095, 42.408316], [-83.236103, 42.408469], [-83.235978, 42.408651], [-83.235899, 42.40874], [-83.235842, 42.408789], [-83.235854, 42.40898], [-83.235852, 42.409195], [-83.235838, 42.409434], [-83.235815, 42.409569], [-83.235777, 42.409669], [-83.235673, 42.409821], [-83.23558, 42.409794], [-83.235115, 42.409799], [-83.234088, 42.409826], [-83.233644, 42.409831], [-83.232871, 42.409849], [-83.232182, 42.409867], [-83.231638, 42.409876], [-83.231601, 42.409258], [-83.231589, 42.409092], [-83.231427, 42.409044], [-83.231294, 42.409002], [-83.230221, 42.408533], [-83.229459, 42.408196], [-83.229031, 42.408007], [-83.228588, 42.407807], [-83.228505, 42.407761], [-83.228571, 42.407946], [-83.22861, 42.408068], [-83.228408, 42.4081], [-83.228337, 42.408109], [-83.227614, 42.408126], [-83.227508, 42.408132], [-83.226273, 42.408161], [-83.226384, 42.40996], [-83.225183, 42.409985], [-83.225074, 42.408243], [-83.225029, 42.408189], [-83.223885, 42.408215], [-83.222563, 42.408245], [-83.221138, 42.408278], [-83.219769, 42.408309], [-83.219291, 42.408321], [-83.218996, 42.408321], [-83.218713, 42.408328], [-83.218532, 42.408332], [-83.218227, 42.408342], [-83.218145, 42.406548], [-83.218057, 42.404747], [-83.217948, 42.402937], [-83.217932, 42.402721], [-83.217909, 42.402079], [-83.217891, 42.401665], [-83.217898, 42.401129], [-83.218203, 42.401127], [-83.218203, 42.400665], [-83.21799, 42.40058], [-83.217968, 42.399833], [-83.217969, 42.399307], [-83.217929, 42.398929], [-83.217894, 42.397752], [-83.217194, 42.397767], [-83.217142, 42.395578], [-83.217103, 42.393915], [-83.216987, 42.391502], [-83.216902, 42.389107], [-83.216819, 42.386724], [-83.216743, 42.385671], [-83.216562, 42.384409], [-83.216611, 42.382845], [-83.216952, 42.382172], [-83.217036, 42.382595], [-83.217062, 42.382736], [-83.217143, 42.383176], [-83.217184, 42.383455], [-83.217221, 42.383888], [-83.217241, 42.38439], [-83.21728, 42.385452], [-83.217216, 42.386716], [-83.21755, 42.386712], [-83.217508, 42.385732], [-83.217503, 42.385455], [-83.217445, 42.384361], [-83.217428, 42.384036], [-83.217409, 42.383676], [-83.21738, 42.383019], [-83.217352, 42.382672], [-83.217039, 42.3797], [-83.217013, 42.379456], [-83.216963, 42.379047], [-83.216951, 42.378951], [-83.216931, 42.378803], [-83.216979, 42.378803], [-83.217054, 42.378805], [-83.217117, 42.378804], [-83.217209, 42.378803], [-83.217343, 42.378801], [-83.217861, 42.378798], [-83.217893, 42.378798], [-83.21852, 42.378777], [-83.218989, 42.378753], [-83.219614, 42.378711], [-83.22117, 42.378545], [-83.222515, 42.378381], [-83.222932, 42.378325], [-83.223442, 42.378264], [-83.224015, 42.378205], [-83.224488, 42.378163], [-83.224978, 42.378126], [-83.225541, 42.37809], [-83.226084, 42.378063], [-83.226626, 42.378041], [-83.227126, 42.378028], [-83.227648, 42.37802], [-83.22817, 42.378019], [-83.228692, 42.378024], [-83.2293, 42.378037], [-83.229755, 42.378052], [-83.23036, 42.378082], [-83.230807, 42.378112], [-83.231265, 42.378149], [-83.231472, 42.378171], [-83.231853, 42.378223], [-83.23218, 42.37829], [-83.232461, 42.378354], [-83.232808, 42.37844], [-83.233185, 42.378558], [-83.233884, 42.378839], [-83.234199, 42.379], [-83.234494, 42.37914], [-83.234897, 42.37936], [-83.235494, 42.379708], [-83.236506, 42.380366], [-83.236653, 42.380462], [-83.236646, 42.380256], [-83.236634, 42.380031], [-83.236625, 42.379851], [-83.236614, 42.379659], [-83.236591, 42.379236], [-83.236571, 42.378925], [-83.236561, 42.378763], [-83.236718, 42.378794], [-83.237109, 42.37891], [-83.237593, 42.379014], [-83.238182, 42.379129], [-83.238418, 42.379167], [-83.23885, 42.379207], [-83.239193, 42.379165], [-83.24019, 42.379038], [-83.241433, 42.379026], [-83.246411, 42.378981], [-83.255852, 42.378916], [-83.261104, 42.378822], [-83.266659, 42.378604], [-83.267071, 42.378587], [-83.268433, 42.378535], [-83.274999, 42.378433], [-83.275309, 42.378428], [-83.275312, 42.37851], [-83.27532, 42.379413], [-83.275449, 42.380906], [-83.275138, 42.380925], [-83.275056, 42.380928], [-83.275134, 42.383378], [-83.275186, 42.384869], [-83.275202, 42.385264], [-83.275208, 42.385468], [-83.275231, 42.385837], [-83.275302, 42.388698], [-83.275361, 42.39019], [-83.275432, 42.391985], [-83.275451, 42.392458], [-83.275558, 42.395191], [-83.275673, 42.398168], [-83.275725, 42.400096], [-83.275787, 42.401776], [-83.275814, 42.403708], [-83.275879, 42.405407], [-83.275941, 42.407281], [-83.276681, 42.407278], [-83.276686, 42.407458], [-83.275487, 42.407506], [-83.275098, 42.4075], [-83.275076, 42.407508], [-83.275069, 42.407526], [-83.275065, 42.40758], [-83.275068, 42.407804], [-83.275056, 42.407847], [-83.275025, 42.407891], [-83.274762, 42.407815], [-83.274479, 42.407705], [-83.274455, 42.408085], [-83.27434, 42.40831], [-83.27413, 42.408461], [-83.273766, 42.408429], [-83.272911, 42.408177], [-83.272535, 42.408082], [-83.272178, 42.407982], [-83.271489, 42.407724], [-83.270991, 42.407484], [-83.270683, 42.407426], [-83.270491, 42.407526], [-83.270223, 42.407763], [-83.270059, 42.408061], [-83.269834, 42.40942], [-83.269852, 42.409893], [-83.270067, 42.410768], [-83.270366, 42.411143], [-83.270634, 42.411321], [-83.270889, 42.411546], [-83.271251, 42.411878], [-83.271784, 42.412552], [-83.27218, 42.412979], [-83.272312, 42.413247], [-83.272174, 42.413468], [-83.271887, 42.413632], [-83.271323, 42.413637], [-83.270608, 42.413465], [-83.270056, 42.4133], [-83.269873, 42.413268], [-83.26988, 42.413224], [-83.269909, 42.413112], [-83.270007, 42.412798], [-83.270117, 42.4125], [-83.270166, 42.412347], [-83.270217, 42.412145], [-83.270232, 42.412008], [-83.270232, 42.41191], [-83.270221, 42.411837], [-83.270202, 42.411764], [-83.270095, 42.41146], [-83.270036, 42.411313], [-83.26996, 42.411181], [-83.269812, 42.410976], [-83.269749, 42.410877], [-83.269663, 42.410707], [-83.269611, 42.410567], [-83.269576, 42.410407], [-83.269581, 42.410277], [-83.269596, 42.410183], [-83.269627, 42.410107], [-83.269627, 42.410069], [-83.26962, 42.410041], [-83.269607, 42.41002], [-83.269567, 42.409976], [-83.269526, 42.409953], [-83.269466, 42.409936], [-83.268542, 42.409863], [-83.268472, 42.409853], [-83.268455, 42.409727], [-83.268285, 42.409053], [-83.268267, 42.408904], [-83.268267, 42.408814], [-83.268281, 42.408695], [-83.268301, 42.408606], [-83.268364, 42.408398], [-83.268414, 42.408117], [-83.268422, 42.408031], [-83.267008, 42.407941], [-83.266626, 42.407923], [-83.266039, 42.407872], [-83.265932, 42.407867], [-83.265825, 42.407872], [-83.265649, 42.407881], [-83.265196, 42.407919], [-83.265082, 42.407922], [-83.264892, 42.407914], [-83.264779, 42.4079], [-83.264668, 42.40788], [-83.264336, 42.4078], [-83.264087, 42.407722], [-83.263903, 42.40765], [-83.263852, 42.40762], [-83.263795, 42.407573], [-83.263751, 42.407522], [-83.263689, 42.407479], [-83.263644, 42.407461], [-83.263596, 42.407448], [-83.263546, 42.407441], [-83.263384, 42.407442], [-83.26204, 42.407439], [-83.262043, 42.407514], [-83.261345, 42.407898], [-83.257858, 42.407704], [-83.257838, 42.407461], [-83.257118, 42.407468]]]}, "properties": {"ZCTA5": "48223", "total_n_nonNAP": 698, "achieved_n": 446, "reconveyed_n": 109, "closed_n": 555, "reconveyance_rate_pct": 19.6, "in_progress_n": 143, "at_risk_n": 44, "at_risk_pct": 30.8, "tax_delinquent_pct": 47.6, "median_days_to_compliance": 606.0}}, {"type": "Feature", "geometry": {"type": "Polygon", "coordinates": [[[-83.167826, 42.266308], [-83.166395, 42.26802], [-83.166358, 42.268067], [-83.164901, 42.269966], [-83.164903, 42.269993], [-83.16489, 42.270019], [-83.163765, 42.271349], [-83.163133, 42.272099], [-83.162498, 42.272848], [-83.161864, 42.273598], [-83.160927, 42.274919], [-83.161163, 42.274975], [-83.15852, 42.278474], [-83.15824, 42.278844], [-83.158689, 42.279232], [-83.158742, 42.279279], [-83.159731, 42.280162], [-83.160737, 42.281149], [-83.160794, 42.281205], [-83.160894, 42.281303], [-83.161472, 42.281857], [-83.161799, 42.282233], [-83.161877, 42.282332], [-83.162022, 42.282533], [-83.162184, 42.282792], [-83.162298, 42.283004], [-83.162451, 42.283337], [-83.162947, 42.284452], [-83.163063, 42.284685], [-83.16318, 42.284923], [-83.163342, 42.285214], [-83.16337, 42.285263], [-83.163807, 42.286055], [-83.163908, 42.286239], [-83.164165, 42.286679], [-83.164225, 42.286757], [-83.164312, 42.28684], [-83.164563, 42.28708], [-83.16497, 42.287441], [-83.165258, 42.287703], [-83.165723, 42.288083], [-83.166436, 42.288698], [-83.166544, 42.288798], [-83.166656, 42.288906], [-83.166765, 42.289028], [-83.166852, 42.289148], [-83.167022, 42.289459], [-83.167055, 42.289523], [-83.167074, 42.289571], [-83.166096, 42.289817], [-83.165273, 42.290056], [-83.164694, 42.290311], [-83.164261, 42.29058], [-83.164353, 42.291032], [-83.164038, 42.291112], [-83.163245, 42.291323], [-83.162238, 42.29159], [-83.161257, 42.291856], [-83.159975, 42.292206], [-83.159251, 42.292404], [-83.158513, 42.292777], [-83.157949, 42.293262], [-83.157895, 42.293374], [-83.157833, 42.293228], [-83.157787, 42.293037], [-83.15779, 42.292801], [-83.157801, 42.292673], [-83.157401, 42.293014], [-83.157053, 42.29372], [-83.15671, 42.294322], [-83.156156, 42.29512], [-83.155646, 42.295374], [-83.155231, 42.295343], [-83.154928, 42.29534], [-83.154582, 42.295347], [-83.154249, 42.295386], [-83.153851, 42.29546], [-83.151815, 42.296173], [-83.151382, 42.29624], [-83.151079, 42.296233], [-83.150833, 42.296205], [-83.150541, 42.296114], [-83.150335, 42.296004], [-83.150068, 42.295825], [-83.149763, 42.295566], [-83.149693, 42.295439], [-83.149678, 42.295412], [-83.149569, 42.295011], [-83.14931, 42.294355], [-83.149052, 42.29365], [-83.148885, 42.293367], [-83.148251, 42.292822], [-83.147987, 42.29261], [-83.147841, 42.292559], [-83.147659, 42.292539], [-83.147468, 42.292539], [-83.147318, 42.292569], [-83.147104, 42.29265], [-83.146923, 42.292735], [-83.146221, 42.292984], [-83.145753, 42.293138], [-83.144596, 42.293553], [-83.144473, 42.293584], [-83.14425, 42.293345], [-83.144031, 42.293102], [-83.143435, 42.292272], [-83.142629, 42.291215], [-83.139832, 42.28736], [-83.139557, 42.286976], [-83.139496, 42.286887], [-83.139434, 42.2868], [-83.137901, 42.284943], [-83.137811, 42.284803], [-83.137146, 42.28326], [-83.13753, 42.282791], [-83.137692, 42.282611], [-83.137982, 42.282288], [-83.138794, 42.281326], [-83.140368, 42.279466], [-83.140621, 42.279176], [-83.140821, 42.278928], [-83.142216, 42.277314], [-83.143534, 42.275735], [-83.144655, 42.274428], [-83.146353, 42.272434], [-83.14804, 42.270438], [-83.149739, 42.268434], [-83.151425, 42.266437], [-83.153033, 42.264401], [-83.154909, 42.26215], [-83.156046, 42.260797], [-83.156683, 42.260052], [-83.158934, 42.257368], [-83.160733, 42.255333], [-83.160859, 42.255192], [-83.161005, 42.255319], [-83.1612, 42.255499], [-83.161391, 42.255686], [-83.161562, 42.255862], [-83.161725, 42.256041], [-83.16176, 42.256082], [-83.161853, 42.256194], [-83.162479, 42.256985], [-83.162585, 42.257111], [-83.162654, 42.257194], [-83.162764, 42.257309], [-83.162881, 42.257422], [-83.163005, 42.257529], [-83.163265, 42.257729], [-83.163564, 42.257933], [-83.163863, 42.258119], [-83.164289, 42.258385], [-83.164608, 42.258585], [-83.164772, 42.258687], [-83.16523, 42.258998], [-83.165529, 42.259216], [-83.165773, 42.259409], [-83.166063, 42.259661], [-83.166127, 42.259721], [-83.166187, 42.259786], [-83.166301, 42.259925], [-83.16638, 42.260061], [-83.166435, 42.260194], [-83.166477, 42.26035], [-83.166495, 42.260509], [-83.166489, 42.260691], [-83.166501, 42.261037], [-83.166517, 42.261173], [-83.166539, 42.261297], [-83.166592, 42.2615], [-83.166671, 42.261725], [-83.166766, 42.261941], [-83.166871, 42.262136], [-83.166954, 42.26227], [-83.167047, 42.262407], [-83.16709, 42.262499], [-83.167457, 42.263195], [-83.167541, 42.263342], [-83.167811, 42.263831], [-83.167882, 42.263944], [-83.167915, 42.263901], [-83.167936, 42.263883], [-83.16811, 42.263817], [-83.168188, 42.263912], [-83.168261, 42.263987], [-83.16834, 42.264058], [-83.168426, 42.264125], [-83.168519, 42.264187], [-83.168618, 42.264243], [-83.168725, 42.264295], [-83.168839, 42.264343], [-83.168952, 42.264382], [-83.169076, 42.264418], [-83.169234, 42.264454], [-83.16938, 42.264477], [-83.169907, 42.264577], [-83.16977, 42.264742], [-83.169676, 42.264853], [-83.169424, 42.264912], [-83.167826, 42.266308]]]}, "properties": {"ZCTA5": "48217", "total_n_nonNAP": 143, "achieved_n": 123, "reconveyed_n": 12, "closed_n": 135, "reconveyance_rate_pct": 8.9, "in_progress_n": 8, "at_risk_n": 1, "at_risk_pct": 12.5, "tax_delinquent_pct": 50.0, "median_days_to_compliance": 552}}, {"type": "Feature", "geometry": {"type": "Polygon", "coordinates": [[[-83.0946, 42.362447], [-83.093933, 42.36271], [-83.093329, 42.36292], [-83.092837, 42.363092], [-83.093574, 42.364236], [-83.09172, 42.364925], [-83.091528, 42.364991], [-83.091466, 42.364891], [-83.091398, 42.364578], [-83.091383, 42.364348], [-83.09137, 42.364222], [-83.091338, 42.364122], [-83.091122, 42.363732], [-83.090791, 42.363857], [-83.090607, 42.363907], [-83.090237, 42.363906], [-83.089802, 42.36418], [-83.08874, 42.364583], [-83.087687, 42.364981], [-83.086601, 42.36539], [-83.085483, 42.36581], [-83.085346, 42.365644], [-83.085249, 42.365524], [-83.085234, 42.36549], [-83.085227, 42.365454], [-83.085228, 42.365418], [-83.085408, 42.364598], [-83.086059, 42.364353], [-83.087988, 42.363628], [-83.088062, 42.363574], [-83.087483, 42.363503], [-83.086511, 42.363383], [-83.085699, 42.363283], [-83.085115, 42.363211], [-83.084606, 42.363149], [-83.083487, 42.363012], [-83.083396, 42.363001], [-83.083601, 42.36207], [-83.083259, 42.362174], [-83.083212, 42.362176], [-83.083198, 42.362173], [-83.083161, 42.362168], [-83.083111, 42.362127], [-83.083057, 42.362052], [-83.082574, 42.361191], [-83.082375, 42.360836], [-83.082208, 42.360543], [-83.082068, 42.360299], [-83.081276, 42.35892], [-83.081456, 42.35865], [-83.081308, 42.358498], [-83.081068, 42.358474], [-83.080835, 42.358604], [-83.078998, 42.357708], [-83.079741, 42.357187], [-83.080666, 42.35654], [-83.081117, 42.35625], [-83.080993, 42.356037], [-83.079395, 42.356951], [-83.078916, 42.357255], [-83.078779, 42.357334], [-83.078246, 42.35767], [-83.07729, 42.358271], [-83.076514, 42.358757], [-83.076113, 42.358074], [-83.075597, 42.357204], [-83.075096, 42.356334], [-83.074989, 42.356146], [-83.074413, 42.35513], [-83.073675, 42.353862], [-83.074009, 42.353757], [-83.073917, 42.3536], [-83.074125, 42.353532], [-83.074474, 42.353423], [-83.076496, 42.352792], [-83.077592, 42.352446], [-83.077205, 42.351994], [-83.076286, 42.350306], [-83.075997, 42.34977], [-83.075698, 42.349218], [-83.075262, 42.348444], [-83.074668, 42.348629], [-83.074233, 42.347878], [-83.073803, 42.347138], [-83.073544, 42.346696], [-83.073396, 42.346432], [-83.073369, 42.346314], [-83.073286, 42.346166], [-83.073062, 42.345794], [-83.072535, 42.344889], [-83.072477, 42.344798], [-83.072003, 42.343977], [-83.071572, 42.343232], [-83.0711, 42.342409], [-83.071022, 42.342276], [-83.070581, 42.341512], [-83.070542, 42.341445], [-83.069691, 42.341711], [-83.068904, 42.341957], [-83.068044, 42.340469], [-83.06804, 42.34045], [-83.068044, 42.340431], [-83.068222, 42.34018], [-83.06713, 42.339737], [-83.066501, 42.339475], [-83.066207, 42.339359], [-83.06612, 42.339166], [-83.06635, 42.33914], [-83.066509, 42.339123], [-83.066515, 42.339039], [-83.066516, 42.338763], [-83.066331, 42.338376], [-83.06748, 42.338017], [-83.067907, 42.338772], [-83.068333, 42.339527], [-83.068596, 42.339989], [-83.068654, 42.340102], [-83.068822, 42.340427], [-83.069377, 42.340652], [-83.07008, 42.340938], [-83.070255, 42.3407], [-83.071517, 42.340311], [-83.071904, 42.340186], [-83.072124, 42.340117], [-83.073468, 42.339697], [-83.074012, 42.339527], [-83.07498, 42.339223], [-83.076241, 42.338831], [-83.078785, 42.338028], [-83.079695, 42.337747], [-83.079901, 42.337677], [-83.080075, 42.337625], [-83.08124, 42.337265], [-83.082241, 42.336951], [-83.08339, 42.336589], [-83.084693, 42.33618], [-83.085329, 42.335983], [-83.086918, 42.335468], [-83.087241, 42.335397], [-83.087556, 42.33528], [-83.088558, 42.334966], [-83.089917, 42.336123], [-83.090015, 42.336215], [-83.09007, 42.336288], [-83.090176, 42.336428], [-83.090548, 42.336304], [-83.090432, 42.336165], [-83.090681, 42.33609], [-83.091092, 42.33596], [-83.090771, 42.335612], [-83.09022, 42.335036], [-83.089806, 42.33457], [-83.090257, 42.33443], [-83.091131, 42.334156], [-83.092138, 42.333839], [-83.093357, 42.333461], [-83.094296, 42.333169], [-83.095222, 42.332882], [-83.096013, 42.332637], [-83.097458, 42.332188], [-83.096796, 42.331271], [-83.098536, 42.331264], [-83.098481, 42.331411], [-83.098448, 42.331547], [-83.098583, 42.331777], [-83.099585, 42.333174], [-83.099763, 42.333433], [-83.09996, 42.333727], [-83.100272, 42.334156], [-83.100564, 42.334557], [-83.101193, 42.335426], [-83.102312, 42.334999], [-83.103213, 42.336249], [-83.103632, 42.336832], [-83.103396, 42.336922], [-83.102533, 42.337264], [-83.103753, 42.338977], [-83.104126, 42.338818], [-83.104864, 42.338529], [-83.104913, 42.338583], [-83.10695, 42.341389], [-83.107773, 42.342525], [-83.108627, 42.343703], [-83.109394, 42.344768], [-83.11106, 42.344737], [-83.111622, 42.345513], [-83.111164, 42.345771], [-83.110605, 42.346062], [-83.110359, 42.346181], [-83.110033, 42.346338], [-83.109434, 42.346607], [-83.109573, 42.346795], [-83.109655, 42.346899], [-83.110005, 42.346768], [-83.11061, 42.346514], [-83.110802, 42.346706], [-83.111229, 42.347289], [-83.111184, 42.347314], [-83.110399, 42.347884], [-83.110475, 42.348001], [-83.111431, 42.347984], [-83.111571, 42.349955], [-83.111468, 42.351937], [-83.111615, 42.35391], [-83.111631, 42.355608], [-83.111613, 42.355605], [-83.111405, 42.355531], [-83.111649, 42.355732], [-83.111525, 42.355746], [-83.111425, 42.355769], [-83.111329, 42.355798], [-83.111237, 42.355833], [-83.111149, 42.355874], [-83.111012, 42.355954], [-83.110875, 42.356057], [-83.110799, 42.356125], [-83.110723, 42.356216], [-83.110675, 42.356298], [-83.110492, 42.356427], [-83.110323, 42.356526], [-83.11021, 42.356584], [-83.109852, 42.356739], [-83.109559, 42.356857], [-83.109286, 42.356966], [-83.108843, 42.357133], [-83.109068, 42.35747], [-83.107401, 42.358268], [-83.105865, 42.358744], [-83.103639, 42.359463], [-83.103061, 42.359621], [-83.101894, 42.360278], [-83.100422, 42.360977], [-83.099431, 42.36136], [-83.097557, 42.361957], [-83.097241, 42.361464], [-83.0946, 42.362447]]]}, "properties": {"ZCTA5": "48208", "total_n_nonNAP": 128, "achieved_n": 74, "reconveyed_n": 22, "closed_n": 96, "reconveyance_rate_pct": 22.9, "in_progress_n": 32, "at_risk_n": 4, "at_risk_pct": 12.5, "tax_delinquent_pct": 50.0, "median_days_to_compliance": 753.0}}, {"type": "Feature", "geometry": {"type": "Polygon", "coordinates": [[[-83.119393, 42.475733], [-83.11832, 42.475753], [-83.117397, 42.475775], [-83.116951, 42.475844], [-83.115373, 42.475897], [-83.114905, 42.475908], [-83.113975, 42.47593], [-83.113972, 42.475867], [-83.113968, 42.475785], [-83.113935, 42.475079], [-83.113932, 42.475028], [-83.11393, 42.474987], [-83.113911, 42.47442], [-83.113887, 42.473678], [-83.113864, 42.472942], [-83.113841, 42.472234], [-83.113811, 42.47151], [-83.113782, 42.470779], [-83.113773, 42.470006], [-83.113758, 42.469305], [-83.113743, 42.46854], [-83.113389, 42.468546], [-83.111361, 42.468595], [-83.111336, 42.467834], [-83.11131, 42.467109], [-83.111276, 42.466377], [-83.111246, 42.46565], [-83.111216, 42.464895], [-83.111167, 42.463304], [-83.111115, 42.46169], [-83.111099, 42.46118], [-83.110557, 42.461196], [-83.110511, 42.460427], [-83.110463, 42.45968], [-83.110414, 42.458915], [-83.110367, 42.458177], [-83.110321, 42.457422], [-83.110274, 42.45667], [-83.110222, 42.455928], [-83.110171, 42.455183], [-83.110118, 42.454434], [-83.110105, 42.453693], [-83.11005, 42.452934], [-83.109999, 42.452186], [-83.109947, 42.451429], [-83.109895, 42.450681], [-83.109842, 42.449929], [-83.109788, 42.449176], [-83.109736, 42.448416], [-83.109685, 42.447666], [-83.109652, 42.447083], [-83.109626, 42.446959], [-83.109846, 42.446944], [-83.109933, 42.44694], [-83.111706, 42.446831], [-83.111822, 42.446826], [-83.112108, 42.446816], [-83.112342, 42.446809], [-83.112595, 42.4468], [-83.112597, 42.446799], [-83.11263, 42.446799], [-83.112637, 42.446799], [-83.112679, 42.446797], [-83.112954, 42.44679], [-83.112961, 42.44679], [-83.117492, 42.446719], [-83.119415, 42.446688], [-83.119541, 42.446686], [-83.120581, 42.44667], [-83.120811, 42.446666], [-83.121025, 42.446664], [-83.121301, 42.446659], [-83.121464, 42.446657], [-83.122533, 42.446639], [-83.122609, 42.446638], [-83.122647, 42.446637], [-83.122651, 42.446637], [-83.122682, 42.446636], [-83.12272, 42.446635], [-83.122759, 42.446634], [-83.122779, 42.446633], [-83.122807, 42.446632], [-83.12284, 42.446631], [-83.122862, 42.446631], [-83.122899, 42.44663], [-83.122937, 42.446629], [-83.122971, 42.446627], [-83.123007, 42.446626], [-83.12457, 42.446582], [-83.124595, 42.446581], [-83.124645, 42.44658], [-83.124679, 42.446579], [-83.124708, 42.446578], [-83.124758, 42.446575], [-83.124799, 42.446573], [-83.124896, 42.446569], [-83.125, 42.446567], [-83.125073, 42.446566], [-83.125119, 42.446566], [-83.125163, 42.446565], [-83.125183, 42.446564], [-83.125237, 42.446563], [-83.125245, 42.446563], [-83.125321, 42.446562], [-83.125327, 42.446562], [-83.125348, 42.446561], [-83.125377, 42.44656], [-83.125428, 42.446558], [-83.125491, 42.446556], [-83.125536, 42.446555], [-83.125598, 42.446553], [-83.126465, 42.446527], [-83.127595, 42.446493], [-83.127665, 42.446491], [-83.129528, 42.446458], [-83.130437, 42.446441], [-83.131761, 42.446418], [-83.132372, 42.446408], [-83.133115, 42.446395], [-83.133228, 42.446393], [-83.133318, 42.446391], [-83.135416, 42.446361], [-83.135455, 42.446361], [-83.136428, 42.446347], [-83.136553, 42.446345], [-83.137447, 42.446327], [-83.137684, 42.44632], [-83.138209, 42.44631], [-83.138846, 42.446297], [-83.138863, 42.446296], [-83.139277, 42.446287], [-83.139362, 42.446285], [-83.139739, 42.446278], [-83.139896, 42.446275], [-83.140322, 42.446265], [-83.140414, 42.446263], [-83.140808, 42.446255], [-83.140937, 42.446253], [-83.141254, 42.446246], [-83.141502, 42.44624], [-83.142006, 42.44623], [-83.142041, 42.446229], [-83.14206, 42.446229], [-83.142111, 42.446228], [-83.142125, 42.446228], [-83.142933, 42.446209], [-83.143209, 42.446203], [-83.143595, 42.446195], [-83.144118, 42.446182], [-83.14419, 42.446181], [-83.144607, 42.446172], [-83.144814, 42.446167], [-83.14488, 42.446166], [-83.145166, 42.44616], [-83.145243, 42.446157], [-83.146163, 42.446137], [-83.146338, 42.446133], [-83.14699, 42.44612], [-83.147087, 42.446117], [-83.147117, 42.446116], [-83.147211, 42.446115], [-83.147712, 42.446103], [-83.147848, 42.4461], [-83.149318, 42.446066], [-83.15077, 42.446035], [-83.150944, 42.446031], [-83.151779, 42.446012], [-83.152164, 42.446003], [-83.152384, 42.445998], [-83.152485, 42.445995], [-83.153377, 42.445976], [-83.153582, 42.445971], [-83.153947, 42.445963], [-83.154006, 42.445961], [-83.154784, 42.445944], [-83.155398, 42.445931], [-83.15594, 42.445919], [-83.156018, 42.445917], [-83.156578, 42.445905], [-83.156618, 42.445904], [-83.156704, 42.445902], [-83.157141, 42.445891], [-83.157534, 42.445884], [-83.157658, 42.44588], [-83.158001, 42.445872], [-83.158248, 42.445867], [-83.158553, 42.44586], [-83.158893, 42.445854], [-83.159222, 42.44585], [-83.159318, 42.445849], [-83.159349, 42.445848], [-83.159507, 42.445844], [-83.160443, 42.445821], [-83.161509, 42.445794], [-83.161516, 42.445794], [-83.162578, 42.445773], [-83.162675, 42.445772], [-83.163581, 42.445755], [-83.163679, 42.445754], [-83.163737, 42.445753], [-83.164682, 42.445732], [-83.164792, 42.44573], [-83.165872, 42.445706], [-83.166866, 42.445685], [-83.16696, 42.445683], [-83.167845, 42.445648], [-83.167999, 42.445643], [-83.1689, 42.44561], [-83.169055, 42.445604], [-83.169203, 42.445602], [-83.170084, 42.445577], [-83.170167, 42.445574], [-83.170444, 42.445566], [-83.170666, 42.445561], [-83.171265, 42.445545], [-83.171276, 42.445691], [-83.171275, 42.44586], [-83.171295, 42.446237], [-83.171428, 42.448192], [-83.171575, 42.450218], [-83.171592, 42.450447], [-83.17176, 42.452722], [-83.171824, 42.453559], [-83.171868, 42.454127], [-83.17193, 42.454476], [-83.168304, 42.454566], [-83.161871, 42.454745], [-83.161862, 42.454497], [-83.161827, 42.453518], [-83.161804, 42.452891], [-83.160757, 42.452969], [-83.158959, 42.453119], [-83.15696, 42.453268], [-83.15701, 42.454023], [-83.157067, 42.454871], [-83.15712, 42.455659], [-83.157123, 42.455709], [-83.15718, 42.45656], [-83.157185, 42.456642], [-83.157235, 42.457421], [-83.157288, 42.458278], [-83.157309, 42.458604], [-83.157342, 42.459132], [-83.157407, 42.460166], [-83.156841, 42.460163], [-83.155782, 42.460156], [-83.154748, 42.460153], [-83.153905, 42.46015], [-83.153924, 42.460544], [-83.15422, 42.460546], [-83.154292, 42.462105], [-83.154348, 42.463319], [-83.154033, 42.463333], [-83.154041, 42.463439], [-83.15407, 42.463839], [-83.153996, 42.463842], [-83.154013, 42.464078], [-83.154018, 42.464252], [-83.154023, 42.464389], [-83.154031, 42.464663], [-83.154033, 42.46473], [-83.154043, 42.465061], [-83.154052, 42.465305], [-83.154181, 42.466338], [-83.154184, 42.466426], [-83.154204, 42.466876], [-83.154101, 42.466878], [-83.154133, 42.467596], [-83.153569, 42.467597], [-83.148254, 42.467676], [-83.148254, 42.467715], [-83.148148, 42.467716], [-83.143293, 42.467794], [-83.139826, 42.467922], [-83.139361, 42.467937], [-83.13926, 42.46794], [-83.139231, 42.467897], [-83.13867, 42.467911], [-83.138894, 42.468239], [-83.133278, 42.468221], [-83.133252, 42.468217], [-83.133285, 42.468691], [-83.133275, 42.468764], [-83.133258, 42.469093], [-83.133316, 42.469094], [-83.133306, 42.469423], [-83.133325, 42.46952], [-83.133339, 42.469589], [-83.133383, 42.470343], [-83.133386, 42.470419], [-83.133505, 42.471837], [-83.133523, 42.472112], [-83.133542, 42.472403], [-83.133628, 42.47372], [-83.13374, 42.47542], [-83.133592, 42.47546], [-83.133038, 42.475473], [-83.131801, 42.47554], [-83.130671, 42.475524], [-83.130574, 42.475529], [-83.129762, 42.475531], [-83.129357, 42.475545], [-83.128853, 42.475563], [-83.128503, 42.47557], [-83.127715, 42.475587], [-83.126264, 42.475619], [-83.12583, 42.475629], [-83.125434, 42.47564], [-83.124804, 42.475684], [-83.124636, 42.475696], [-83.123727, 42.475715], [-83.122614, 42.475741], [-83.122048, 42.475755], [-83.121493, 42.475748], [-83.120427, 42.475724], [-83.12012, 42.475717], [-83.119393, 42.475733]]]}, "properties": {"ZCTA5": "48220", "total_n_nonNAP": 3, "achieved_n": 1, "reconveyed_n": 1, "closed_n": 2, "reconveyance_rate_pct": 50.0, "in_progress_n": 1, "at_risk_n": 0, "at_risk_pct": 0.0, "tax_delinquent_pct": 0.0, "median_days_to_compliance": 1589}}, {"type": "Feature", "geometry": {"type": "MultiPolygon", "coordinates": [[[[-82.976517, 42.347581], [-82.976684, 42.347917], [-82.973072, 42.350535], [-82.972374, 42.351935], [-82.971472, 42.351493], [-82.971946, 42.349784], [-82.972483, 42.348538], [-82.971243, 42.348773], [-82.970624, 42.350439], [-82.970924, 42.351918], [-82.970198, 42.352047], [-82.969828, 42.352114], [-82.968278, 42.351526], [-82.967508, 42.351891], [-82.967405, 42.35197], [-82.967317, 42.351982], [-82.965653, 42.352208], [-82.964286, 42.352169], [-82.964547, 42.351828], [-82.964859, 42.351264], [-82.964601, 42.350841], [-82.964822, 42.350455], [-82.964833, 42.350237], [-82.964665, 42.349991], [-82.964058, 42.349955], [-82.963342, 42.349893], [-82.959533, 42.349566], [-82.956286, 42.349228], [-82.955516, 42.349403], [-82.954505, 42.349845], [-82.954419, 42.349795], [-82.954712, 42.349491], [-82.955301, 42.349241], [-82.956117, 42.349093], [-82.957072, 42.349157], [-82.956358, 42.348924], [-82.95516, 42.348934], [-82.955098, 42.348947], [-82.954805, 42.348796], [-82.954777, 42.348799], [-82.954644, 42.348671], [-82.954405, 42.348559], [-82.95413, 42.348431], [-82.954101, 42.348241], [-82.953678, 42.348232], [-82.953661, 42.347917], [-82.953612, 42.347012], [-82.956266, 42.343588], [-82.958032, 42.341725], [-82.958823, 42.341516], [-82.959585, 42.340673], [-82.960822, 42.340048], [-82.961569, 42.339826], [-82.97349, 42.337611], [-82.975244, 42.336862], [-82.975673, 42.336558], [-82.979273, 42.335593], [-82.981158, 42.335241], [-82.981447, 42.335187], [-82.983758, 42.334804], [-82.984316, 42.334975], [-82.985269, 42.334754], [-82.985173, 42.334572], [-82.986046, 42.334258], [-82.985887, 42.334622], [-82.987486, 42.334146], [-82.987766, 42.333795], [-82.989133, 42.33338], [-82.999921, 42.33306], [-83.002477, 42.333001], [-83.00473, 42.33298], [-83.004862, 42.332993], [-83.00495, 42.333033], [-83.005012, 42.33308], [-83.004994, 42.333159], [-83.004914, 42.333263], [-83.004785, 42.333393], [-83.003027, 42.334913], [-83.002407, 42.335423], [-83.001598, 42.336141], [-83.000886, 42.336883], [-83.000732, 42.337005], [-83.000613, 42.337099], [-83.000464, 42.337202], [-83.000388, 42.337296], [-83.000331, 42.337432], [-83.000264, 42.337633], [-83.000194, 42.337759], [-83.0001, 42.337854], [-82.999998, 42.337956], [-82.998715, 42.338991], [-82.998498, 42.339161], [-82.998293, 42.339251], [-82.998177, 42.339285], [-82.99803, 42.339366], [-82.997864, 42.339499], [-82.997674, 42.339602], [-82.996665, 42.340077], [-82.993641, 42.339792], [-82.989688, 42.341311], [-82.98959, 42.341615], [-82.987402, 42.341721], [-82.986896, 42.342026], [-82.978807, 42.344426], [-82.978246, 42.345037], [-82.977171, 42.346194], [-82.976959, 42.346442], [-82.976861, 42.346558], [-82.976104, 42.34741], [-82.976407, 42.347536], [-82.976484, 42.347515], [-82.976517, 42.347581]]], [[[-83.051838, 42.361907], [-83.051014, 42.362249], [-83.051408, 42.362839], [-83.051815, 42.363451], [-83.052258, 42.364131], [-83.052319, 42.364261], [-83.050695, 42.36485], [-83.050177, 42.36407], [-83.049704, 42.363359], [-83.047125, 42.364275], [-83.046843, 42.363848], [-83.046634, 42.36358], [-83.046309, 42.363698], [-83.046102, 42.363773], [-83.045107, 42.364132], [-83.04435, 42.364406], [-83.042807, 42.364966], [-83.040792, 42.365697], [-83.040322, 42.365864], [-83.038751, 42.366439], [-83.037787, 42.366792], [-83.036827, 42.36714], [-83.035857, 42.367492], [-83.034211, 42.368092], [-83.034686, 42.368811], [-83.03228, 42.369685], [-83.031803, 42.368967], [-83.031002, 42.369257], [-83.030287, 42.369516], [-83.027655, 42.370473], [-83.026679, 42.370828], [-83.025101, 42.371401], [-83.024749, 42.371528], [-83.024356, 42.371671], [-83.023791, 42.371877], [-83.022485, 42.372353], [-83.021499, 42.372712], [-83.020545, 42.373056], [-83.019257, 42.37352], [-83.019043, 42.373603], [-83.018819, 42.373691], [-83.018686, 42.373743], [-83.018267, 42.37389], [-83.017866, 42.374041], [-83.017381, 42.373341], [-83.016931, 42.372723], [-83.016949, 42.372694], [-83.016946, 42.372668], [-83.016896, 42.372584], [-83.016484, 42.371958], [-83.017258, 42.371674], [-83.015806, 42.369639], [-83.013891, 42.366931], [-83.014487, 42.366714], [-83.013776, 42.365628], [-83.013055, 42.364417], [-83.013148, 42.364383], [-83.01324, 42.364348], [-83.012553, 42.36324], [-83.012057, 42.362491], [-83.012027, 42.362453], [-83.011921, 42.362356], [-83.011168, 42.362629], [-83.009685, 42.36038], [-83.008107, 42.357988], [-83.008858, 42.357718], [-83.007463, 42.355604], [-83.005909, 42.356166], [-83.004719, 42.354365], [-83.003595, 42.352665], [-83.002477, 42.350975], [-83.003195, 42.350704], [-83.001997, 42.349015], [-83.002105, 42.348976], [-83.002465, 42.348835], [-83.002918, 42.348658], [-83.002776, 42.348251], [-83.002682, 42.348075], [-83.002559, 42.347895], [-83.002079, 42.347158], [-83.001922, 42.346904], [-83.000899, 42.345631], [-83.000569, 42.345295], [-83.000416, 42.345086], [-83.005504, 42.341106], [-83.006132, 42.340769], [-83.006331, 42.340734], [-83.006452, 42.340657], [-83.00661, 42.340535], [-83.006686, 42.340463], [-83.006733, 42.340405], [-83.006825, 42.34036], [-83.006943, 42.340337], [-83.007119, 42.340228], [-83.007259, 42.340132], [-83.007402, 42.340026], [-83.008896, 42.339362], [-83.008863, 42.339301], [-83.009235, 42.339044], [-83.009722, 42.3388], [-83.010498, 42.338412], [-83.01069, 42.338316], [-83.011014, 42.338124], [-83.010971, 42.33807], [-83.011074, 42.337999], [-83.011196, 42.337875], [-83.011273, 42.337784], [-83.011397, 42.337722], [-83.011641, 42.3376], [-83.011926, 42.337475], [-83.012988, 42.336967], [-83.01383, 42.336565], [-83.01393, 42.336534], [-83.014021, 42.336516], [-83.014078, 42.336465], [-83.014125, 42.336406], [-83.015114, 42.336025], [-83.016929, 42.335261], [-83.021525, 42.333399], [-83.025685, 42.331869], [-83.025743, 42.331849], [-83.026197, 42.33169], [-83.026398, 42.332002], [-83.02663, 42.332781], [-83.026802, 42.332766], [-83.026929, 42.332729], [-83.026636, 42.331908], [-83.026656, 42.331482], [-83.027198, 42.331242], [-83.02727, 42.331244], [-83.027369, 42.331234], [-83.027561, 42.331179], [-83.027717, 42.331109], [-83.027755, 42.331057], [-83.028193, 42.330946], [-83.031587, 42.329953], [-83.03609, 42.328636], [-83.039229, 42.327718], [-83.040631, 42.32737], [-83.040747, 42.3276], [-83.040766, 42.327669], [-83.040702, 42.327644], [-83.040571, 42.327627], [-83.040475, 42.32763], [-83.040169, 42.327734], [-83.03911, 42.328149], [-83.037895, 42.328643], [-83.038003, 42.32871], [-83.037158, 42.329009], [-83.036952, 42.329113], [-83.036875, 42.329166], [-83.036851, 42.329221], [-83.036841, 42.329264], [-83.036854, 42.329322], [-83.036958, 42.329497], [-83.03698, 42.329532], [-83.036997, 42.329559], [-83.037009, 42.329578], [-83.03496, 42.330232], [-83.034848, 42.330276], [-83.035031, 42.330538], [-83.035193, 42.330769], [-83.035374, 42.331034], [-83.035808, 42.331672], [-83.037814, 42.330801], [-83.037863, 42.330872], [-83.038065, 42.331115], [-83.036794, 42.331455], [-83.036551, 42.331528], [-83.036479, 42.331555], [-83.036305, 42.331634], [-83.036146, 42.331727], [-83.036057, 42.33179], [-83.035962, 42.331866], [-83.035905, 42.33192], [-83.035852, 42.331971], [-83.035784, 42.332051], [-83.035677, 42.3322], [-83.035887, 42.332226], [-83.036, 42.332257], [-83.03594, 42.33238], [-83.035913, 42.332465], [-83.03589, 42.332592], [-83.035886, 42.332713], [-83.035895, 42.332788], [-83.035914, 42.332877], [-83.035941, 42.332966], [-83.035977, 42.333053], [-83.036021, 42.333137], [-83.036163, 42.333346], [-83.03626, 42.333491], [-83.037675, 42.335577], [-83.037738, 42.335675], [-83.03783, 42.335795], [-83.037997, 42.335725], [-83.038607, 42.336616], [-83.039068, 42.337306], [-83.039377, 42.337771], [-83.039728, 42.338226], [-83.039978, 42.338498], [-83.040499, 42.338964], [-83.039623, 42.338522], [-83.039932, 42.338927], [-83.040083, 42.339093], [-83.040244, 42.339252], [-83.040454, 42.339434], [-83.040541, 42.339531], [-83.041344, 42.340161], [-83.042003, 42.340679], [-83.042151, 42.340802], [-83.042209, 42.340849], [-83.042356, 42.340982], [-83.042559, 42.341188], [-83.042728, 42.341389], [-83.042948, 42.341675], [-83.043097, 42.341884], [-83.043238, 42.342097], [-83.043348, 42.342275], [-83.043388, 42.34234], [-83.043501, 42.342537], [-83.043619, 42.342862], [-83.043696, 42.343108], [-83.043756, 42.343369], [-83.043542, 42.343448], [-83.043157, 42.343587], [-83.04268, 42.343759], [-83.042577, 42.343794], [-83.042236, 42.34391], [-83.041509, 42.344171], [-83.040848, 42.344409], [-83.041009, 42.344563], [-83.041151, 42.3447], [-83.041269, 42.344813], [-83.04162, 42.344836], [-83.041813, 42.344858], [-83.04211, 42.344908], [-83.042399, 42.344974], [-83.042679, 42.345056], [-83.042926, 42.345145], [-83.043241, 42.345282], [-83.043379, 42.345358], [-83.043454, 42.34541], [-83.043545, 42.345486], [-83.043606, 42.345548], [-83.043658, 42.345611], [-83.044024, 42.346166], [-83.044485, 42.346866], [-83.045307, 42.348119], [-83.045659, 42.347991], [-83.046698, 42.34948], [-83.047821, 42.351218], [-83.047905, 42.351345], [-83.04749, 42.351501], [-83.047608, 42.351677], [-83.047863, 42.352106], [-83.047945, 42.352229], [-83.048145, 42.352493], [-83.048752, 42.353237], [-83.049177, 42.353875], [-83.049597, 42.354511], [-83.050023, 42.35518], [-83.050135, 42.355357], [-83.050435, 42.355858], [-83.050995, 42.356795], [-83.05144, 42.356632], [-83.051759, 42.357111], [-83.052337, 42.357984], [-83.052693, 42.358534], [-83.053026, 42.359029], [-83.054241, 42.360835], [-83.054365, 42.361004], [-83.053894, 42.361162], [-83.052424, 42.361697], [-83.051838, 42.361907]]]]}, "properties": {"ZCTA5": "48207", "total_n_nonNAP": 120, "achieved_n": 71, "reconveyed_n": 28, "closed_n": 99, "reconveyance_rate_pct": 28.3, "in_progress_n": 21, "at_risk_n": 7, "at_risk_pct": 33.3, "tax_delinquent_pct": 57.1, "median_days_to_compliance": 940}}, {"type": "Feature", "geometry": {"type": "Polygon", "coordinates": [[[-83.23634, 42.335786], [-83.23732, 42.335742], [-83.237568, 42.335736], [-83.237707, 42.339448], [-83.237846, 42.343086], [-83.23901, 42.343066], [-83.240015, 42.343047], [-83.240186, 42.343044], [-83.241355, 42.343022], [-83.242505, 42.343005], [-83.243076, 42.342989], [-83.243275, 42.342981], [-83.243721, 42.342949], [-83.244281, 42.342897], [-83.244502, 42.34288], [-83.248867, 42.342397], [-83.249148, 42.342707], [-83.249369, 42.343017], [-83.249928, 42.343473], [-83.250084, 42.343757], [-83.250019, 42.343924], [-83.249815, 42.343995], [-83.249478, 42.343932], [-83.248544, 42.344104], [-83.24789, 42.344595], [-83.247421, 42.345066], [-83.246723, 42.346186], [-83.246503, 42.346452], [-83.246551, 42.346723], [-83.246803, 42.347067], [-83.247043, 42.347324], [-83.247273, 42.347879], [-83.247393, 42.348404], [-83.247304, 42.349166], [-83.247825, 42.35011], [-83.247848, 42.35015], [-83.248225, 42.350686], [-83.248443, 42.35105], [-83.249289, 42.35147], [-83.249929, 42.35154], [-83.250167, 42.351071], [-83.25018, 42.350946], [-83.250085, 42.350591], [-83.250234, 42.350369], [-83.250393, 42.350279], [-83.250769, 42.350327], [-83.251406, 42.350584], [-83.251664, 42.350774], [-83.251818, 42.350992], [-83.251867, 42.351234], [-83.251651, 42.351736], [-83.251622, 42.351945], [-83.251827, 42.352182], [-83.251989, 42.352325], [-83.251504, 42.352617], [-83.251421, 42.352682], [-83.251351, 42.352755], [-83.251296, 42.352835], [-83.251264, 42.352898], [-83.251236, 42.352986], [-83.251225, 42.353075], [-83.25123, 42.353165], [-83.251252, 42.353253], [-83.251356, 42.353397], [-83.251458, 42.353582], [-83.251538, 42.353774], [-83.251594, 42.353969], [-83.251622, 42.354128], [-83.251635, 42.354328], [-83.251623, 42.354529], [-83.251594, 42.354697], [-83.25155, 42.354851], [-83.251492, 42.355003], [-83.25142, 42.355151], [-83.251333, 42.355294], [-83.251229, 42.355439], [-83.250426, 42.356478], [-83.250382, 42.356541], [-83.250347, 42.356605], [-83.250314, 42.356694], [-83.250296, 42.356809], [-83.250313, 42.357309], [-83.246968, 42.357363], [-83.24688, 42.357364], [-83.246987, 42.359119], [-83.247079, 42.3609], [-83.247169, 42.362682], [-83.24726, 42.36454], [-83.245947, 42.364559], [-83.245963, 42.364643], [-83.246052, 42.366971], [-83.246144, 42.369479], [-83.246228, 42.371829], [-83.250563, 42.371765], [-83.255488, 42.371693], [-83.255543, 42.372058], [-83.255428, 42.372393], [-83.25492, 42.373017], [-83.254596, 42.373315], [-83.254168, 42.373571], [-83.253325, 42.373821], [-83.252598, 42.373933], [-83.251965, 42.373964], [-83.251577, 42.373945], [-83.250898, 42.373808], [-83.250241, 42.373684], [-83.248884, 42.373449], [-83.248165, 42.373749], [-83.247718, 42.374109], [-83.247475, 42.374777], [-83.247626, 42.375295], [-83.247973, 42.375873], [-83.248112, 42.375957], [-83.248379, 42.375883], [-83.249115, 42.375428], [-83.249833, 42.375173], [-83.250406, 42.375104], [-83.250802, 42.375175], [-83.251371, 42.375183], [-83.252182, 42.375239], [-83.253387, 42.37559], [-83.254059, 42.375928], [-83.255063, 42.376709], [-83.255462, 42.377121], [-83.256001, 42.377541], [-83.256336, 42.377889], [-83.256323, 42.378126], [-83.25626, 42.378305], [-83.256089, 42.378508], [-83.255961, 42.37874], [-83.255864, 42.378852], [-83.255852, 42.378916], [-83.246411, 42.378981], [-83.241433, 42.379026], [-83.24019, 42.379038], [-83.239193, 42.379165], [-83.23885, 42.379207], [-83.238418, 42.379167], [-83.238182, 42.379129], [-83.237593, 42.379014], [-83.237109, 42.37891], [-83.236718, 42.378794], [-83.236561, 42.378763], [-83.236571, 42.378925], [-83.236591, 42.379236], [-83.236614, 42.379659], [-83.236625, 42.379851], [-83.236634, 42.380031], [-83.236646, 42.380256], [-83.236653, 42.380462], [-83.236506, 42.380366], [-83.235494, 42.379708], [-83.234897, 42.37936], [-83.234494, 42.37914], [-83.234199, 42.379], [-83.233884, 42.378839], [-83.233185, 42.378558], [-83.232808, 42.37844], [-83.232461, 42.378354], [-83.23218, 42.37829], [-83.231853, 42.378223], [-83.231472, 42.378171], [-83.231265, 42.378149], [-83.230807, 42.378112], [-83.23036, 42.378082], [-83.229755, 42.378052], [-83.2293, 42.378037], [-83.228692, 42.378024], [-83.22817, 42.378019], [-83.227648, 42.37802], [-83.227126, 42.378028], [-83.226626, 42.378041], [-83.226084, 42.378063], [-83.225541, 42.37809], [-83.224978, 42.378126], [-83.224488, 42.378163], [-83.224015, 42.378205], [-83.223442, 42.378264], [-83.222932, 42.378325], [-83.222515, 42.378381], [-83.22117, 42.378545], [-83.219614, 42.378711], [-83.218989, 42.378753], [-83.21852, 42.378777], [-83.217893, 42.378798], [-83.217861, 42.378798], [-83.217343, 42.378801], [-83.217209, 42.378803], [-83.217117, 42.378804], [-83.217054, 42.378805], [-83.216979, 42.378803], [-83.216931, 42.378803], [-83.216925, 42.37875], [-83.216912, 42.378639], [-83.216892, 42.378485], [-83.216883, 42.378409], [-83.216873, 42.378245], [-83.216866, 42.378073], [-83.216827, 42.377447], [-83.216763, 42.376432], [-83.21669, 42.374776], [-83.216678, 42.374374], [-83.216664, 42.374246], [-83.216658, 42.3741], [-83.216585, 42.372257], [-83.216484, 42.369799], [-83.216441, 42.369134], [-83.216417, 42.367825], [-83.216383, 42.36526], [-83.216142, 42.365248], [-83.215959, 42.365229], [-83.215459, 42.365156], [-83.214947, 42.365081], [-83.214252, 42.365095], [-83.213048, 42.365118], [-83.21181, 42.365138], [-83.210585, 42.365158], [-83.209377, 42.365178], [-83.20817, 42.365197], [-83.206963, 42.365217], [-83.205705, 42.365239], [-83.2045, 42.365261], [-83.203761, 42.365274], [-83.203294, 42.365282], [-83.202667, 42.365293], [-83.202067, 42.365302], [-83.200904, 42.365316], [-83.200481, 42.365322], [-83.19969, 42.365332], [-83.199399, 42.365336], [-83.198477, 42.365347], [-83.198325, 42.365349], [-83.197286, 42.365365], [-83.196189, 42.36539], [-83.195115, 42.365412], [-83.194044, 42.365435], [-83.19297, 42.365459], [-83.19184, 42.365484], [-83.190755, 42.365508], [-83.189673, 42.365531], [-83.188595, 42.365559], [-83.187502, 42.365582], [-83.18628, 42.365609], [-83.185064, 42.365635], [-83.183854, 42.365658], [-83.182474, 42.365688], [-83.180123, 42.365739], [-83.1789, 42.365766], [-83.177724, 42.365793], [-83.1765, 42.365817], [-83.175281, 42.365844], [-83.174047, 42.36587], [-83.172814, 42.365896], [-83.171608, 42.365921], [-83.170386, 42.365947], [-83.169765, 42.36596], [-83.169137, 42.365974], [-83.167928, 42.365998], [-83.167374, 42.366009], [-83.167322, 42.363822], [-83.167258, 42.361016], [-83.167206, 42.358741], [-83.167167, 42.357011], [-83.167628, 42.356645], [-83.167625, 42.356569], [-83.167615, 42.356348], [-83.167606, 42.356163], [-83.167017, 42.355814], [-83.16696, 42.353917], [-83.167504, 42.353902], [-83.167434, 42.352351], [-83.16827, 42.352343], [-83.168392, 42.352335], [-83.168543, 42.352315], [-83.168503, 42.351475], [-83.1697, 42.351445], [-83.169999, 42.351441], [-83.171368, 42.351411], [-83.172601, 42.351384], [-83.173758, 42.351359], [-83.174916, 42.351334], [-83.176024, 42.35131], [-83.177184, 42.351284], [-83.17838, 42.351258], [-83.179592, 42.351232], [-83.181934, 42.351181], [-83.182073, 42.351179], [-83.184479, 42.351128], [-83.185684, 42.351103], [-83.186767, 42.351085], [-83.186911, 42.351079], [-83.188103, 42.351053], [-83.189256, 42.351032], [-83.190283, 42.351011], [-83.191287, 42.350992], [-83.192331, 42.350972], [-83.193392, 42.350952], [-83.194452, 42.350931], [-83.195508, 42.350912], [-83.196609, 42.35089], [-83.196544, 42.349595], [-83.196488, 42.348421], [-83.196432, 42.347276], [-83.196373, 42.346049], [-83.196342, 42.345456], [-83.196315, 42.34488], [-83.196324, 42.344619], [-83.196289, 42.343889], [-83.196288, 42.343665], [-83.196287, 42.343488], [-83.196223, 42.341951], [-83.196142, 42.340051], [-83.196124, 42.339682], [-83.196033, 42.339433], [-83.195983, 42.33824], [-83.19591, 42.336439], [-83.196135, 42.336435], [-83.197173, 42.336427], [-83.198286, 42.336413], [-83.198393, 42.336408], [-83.198532, 42.3364], [-83.199625, 42.336389], [-83.200866, 42.336368], [-83.20211, 42.336353], [-83.20335, 42.336329], [-83.20458, 42.336319], [-83.205886, 42.336317], [-83.207067, 42.336306], [-83.208288, 42.336288], [-83.209507, 42.336268], [-83.210729, 42.336244], [-83.211993, 42.336212], [-83.212594, 42.336194], [-83.212812, 42.336174], [-83.213037, 42.336127], [-83.213204, 42.336063], [-83.213248, 42.336046], [-83.213658, 42.335784], [-83.213773, 42.335849], [-83.213867, 42.335895], [-83.214025, 42.335961], [-83.214199, 42.33602], [-83.214447, 42.336078], [-83.214688, 42.336116], [-83.214884, 42.336133], [-83.215082, 42.336139], [-83.215415, 42.336135], [-83.215407, 42.334729], [-83.215394, 42.333584], [-83.21539, 42.333347], [-83.215358, 42.333061], [-83.215277, 42.332213], [-83.21528, 42.331924], [-83.215291, 42.331699], [-83.215395, 42.330332], [-83.215381, 42.329769], [-83.215362, 42.329105], [-83.215359, 42.329019], [-83.215358, 42.329018], [-83.215355, 42.328945], [-83.215585, 42.328941], [-83.215667, 42.328939], [-83.215768, 42.328938], [-83.215997, 42.328934], [-83.216074, 42.328933], [-83.216968, 42.328931], [-83.2176, 42.328924], [-83.218132, 42.328891], [-83.21997, 42.328779], [-83.220448, 42.328758], [-83.221484, 42.328717], [-83.222681, 42.328682], [-83.223863, 42.328659], [-83.22481, 42.328641], [-83.225014, 42.328803], [-83.225188, 42.328942], [-83.225606, 42.329369], [-83.22645, 42.330578], [-83.227707, 42.332377], [-83.230086, 42.331798], [-83.231268, 42.33133], [-83.23245, 42.33087], [-83.234654, 42.329843], [-83.234981, 42.32983], [-83.235006, 42.330776], [-83.234937, 42.33199], [-83.234951, 42.332266], [-83.234972, 42.332727], [-83.235, 42.333043], [-83.235046, 42.33427], [-83.235105, 42.335834], [-83.235527, 42.335807], [-83.23634, 42.335786]]]}, "properties": {"ZCTA5": "48228", "total_n_nonNAP": 1144, "achieved_n": 927, "reconveyed_n": 117, "closed_n": 1044, "reconveyance_rate_pct": 11.2, "in_progress_n": 100, "at_risk_n": 26, "at_risk_pct": 26.0, "tax_delinquent_pct": 48.0, "median_days_to_compliance": 472}}, {"type": "Feature", "geometry": {"type": "Polygon", "coordinates": [[[-83.237791, 42.40854], [-83.237743, 42.407896], [-83.238325, 42.407869], [-83.238783, 42.407861], [-83.239672, 42.407845], [-83.239857, 42.407842], [-83.240766, 42.407824], [-83.241853, 42.407803], [-83.242947, 42.407781], [-83.244061, 42.407758], [-83.245178, 42.407737], [-83.24629, 42.407716], [-83.247435, 42.407694], [-83.248545, 42.407672], [-83.249625, 42.407652], [-83.250711, 42.407632], [-83.252294, 42.407602], [-83.252891, 42.407586], [-83.253502, 42.407565], [-83.25468, 42.407538], [-83.255884, 42.407495], [-83.256283, 42.407482], [-83.257118, 42.407468], [-83.257838, 42.407461], [-83.257858, 42.407704], [-83.261345, 42.407898], [-83.262043, 42.407514], [-83.26204, 42.407439], [-83.263384, 42.407442], [-83.263546, 42.407441], [-83.263596, 42.407448], [-83.263644, 42.407461], [-83.263689, 42.407479], [-83.263751, 42.407522], [-83.263795, 42.407573], [-83.263852, 42.40762], [-83.263903, 42.40765], [-83.264087, 42.407722], [-83.264336, 42.4078], [-83.264668, 42.40788], [-83.264779, 42.4079], [-83.264892, 42.407914], [-83.265082, 42.407922], [-83.265196, 42.407919], [-83.265649, 42.407881], [-83.265825, 42.407872], [-83.265932, 42.407867], [-83.266039, 42.407872], [-83.266626, 42.407923], [-83.267008, 42.407941], [-83.268422, 42.408031], [-83.268414, 42.408117], [-83.268364, 42.408398], [-83.268301, 42.408606], [-83.268281, 42.408695], [-83.268267, 42.408814], [-83.268267, 42.408904], [-83.268285, 42.409053], [-83.268455, 42.409727], [-83.268472, 42.409853], [-83.268542, 42.409863], [-83.269466, 42.409936], [-83.269526, 42.409953], [-83.269567, 42.409976], [-83.269607, 42.41002], [-83.26962, 42.410041], [-83.269627, 42.410069], [-83.269627, 42.410107], [-83.269596, 42.410183], [-83.269581, 42.410277], [-83.269576, 42.410407], [-83.269611, 42.410567], [-83.269663, 42.410707], [-83.269749, 42.410877], [-83.269812, 42.410976], [-83.26996, 42.411181], [-83.270036, 42.411313], [-83.270095, 42.41146], [-83.270202, 42.411764], [-83.270221, 42.411837], [-83.270232, 42.41191], [-83.270232, 42.412008], [-83.270217, 42.412145], [-83.270166, 42.412347], [-83.270117, 42.4125], [-83.270007, 42.412798], [-83.269909, 42.413112], [-83.26988, 42.413224], [-83.269873, 42.413268], [-83.270056, 42.4133], [-83.270608, 42.413465], [-83.271323, 42.413637], [-83.271887, 42.413632], [-83.272174, 42.413468], [-83.272312, 42.413247], [-83.27218, 42.412979], [-83.271784, 42.412552], [-83.271251, 42.411878], [-83.270889, 42.411546], [-83.270634, 42.411321], [-83.270366, 42.411143], [-83.270067, 42.410768], [-83.269852, 42.409893], [-83.269834, 42.40942], [-83.270059, 42.408061], [-83.270223, 42.407763], [-83.270491, 42.407526], [-83.270683, 42.407426], [-83.270991, 42.407484], [-83.271489, 42.407724], [-83.272178, 42.407982], [-83.272535, 42.408082], [-83.272911, 42.408177], [-83.273766, 42.408429], [-83.27413, 42.408461], [-83.27434, 42.40831], [-83.274455, 42.408085], [-83.274479, 42.407705], [-83.274762, 42.407815], [-83.275025, 42.407891], [-83.275056, 42.407847], [-83.275068, 42.407804], [-83.275065, 42.40758], [-83.275069, 42.407526], [-83.275076, 42.407508], [-83.275098, 42.4075], [-83.275487, 42.407506], [-83.276686, 42.407458], [-83.276681, 42.407278], [-83.277131, 42.407278], [-83.278032, 42.407265], [-83.278699, 42.407251], [-83.279372, 42.407231], [-83.280013, 42.407211], [-83.280702, 42.407196], [-83.281417, 42.407181], [-83.281571, 42.407175], [-83.281952, 42.40716], [-83.282029, 42.407157], [-83.282239, 42.407151], [-83.282846, 42.407127], [-83.283492, 42.407103], [-83.284922, 42.407047], [-83.285608, 42.407026], [-83.28589, 42.411774], [-83.28604, 42.414263], [-83.286111, 42.416646], [-83.286184, 42.419114], [-83.286253, 42.421454], [-83.286307, 42.423271], [-83.28636, 42.425081], [-83.287197, 42.425056], [-83.287227, 42.425699], [-83.287271, 42.426882], [-83.287328, 42.42822], [-83.287341, 42.428554], [-83.287207, 42.428554], [-83.286609, 42.428577], [-83.286182, 42.429699], [-83.287136, 42.434895], [-83.287527, 42.434882], [-83.287551, 42.435882], [-83.287471, 42.435896], [-83.286912, 42.435915], [-83.286897, 42.43773], [-83.286397, 42.437736], [-83.286455, 42.439546], [-83.287151, 42.439519], [-83.287239, 42.442402], [-83.287593, 42.442476], [-83.287626, 42.442485], [-83.28777, 42.442524], [-83.287791, 42.442604], [-83.287796, 42.442629], [-83.287803, 42.442683], [-83.287639, 42.442686], [-83.287473, 42.44269], [-83.287422, 42.442691], [-83.286969, 42.442699], [-83.285189, 42.442734], [-83.281777, 42.442799], [-83.281321, 42.442806], [-83.280927, 42.442814], [-83.28074, 42.442818], [-83.280037, 42.442833], [-83.279087, 42.442852], [-83.278619, 42.442862], [-83.278517, 42.442864], [-83.278461, 42.442865], [-83.278436, 42.442865], [-83.278299, 42.442868], [-83.278263, 42.442868], [-83.278191, 42.44287], [-83.277532, 42.44289], [-83.277002, 42.442907], [-83.276863, 42.44291], [-83.275694, 42.442945], [-83.273373, 42.443015], [-83.273252, 42.443019], [-83.270183, 42.443112], [-83.269345, 42.443135], [-83.269253, 42.443137], [-83.268549, 42.443155], [-83.268509, 42.443156], [-83.266532, 42.443206], [-83.265308, 42.443237], [-83.264753, 42.443251], [-83.264619, 42.443254], [-83.262862, 42.443299], [-83.261049, 42.443345], [-83.260929, 42.443348], [-83.258897, 42.443401], [-83.258867, 42.443403], [-83.257123, 42.443448], [-83.257028, 42.44345], [-83.256552, 42.443463], [-83.25641, 42.443467], [-83.256322, 42.443469], [-83.255353, 42.443495], [-83.255176, 42.443499], [-83.250371, 42.443628], [-83.250253, 42.44363], [-83.249155, 42.44366], [-83.24889, 42.443666], [-83.247934, 42.44369], [-83.246837, 42.443718], [-83.246648, 42.443723], [-83.246072, 42.443739], [-83.245961, 42.443742], [-83.245548, 42.443753], [-83.245477, 42.443755], [-83.245402, 42.443757], [-83.244252, 42.443791], [-83.24295, 42.443825], [-83.24268, 42.443832], [-83.242581, 42.443833], [-83.242553, 42.443834], [-83.241814, 42.443854], [-83.241452, 42.443863], [-83.241419, 42.443864], [-83.240683, 42.443884], [-83.239423, 42.443918], [-83.239411, 42.443918], [-83.238226, 42.443943], [-83.237373, 42.443962], [-83.237315, 42.443963], [-83.236972, 42.44397], [-83.236415, 42.443983], [-83.235938, 42.443993], [-83.235725, 42.443998], [-83.235024, 42.444013], [-83.234553, 42.444024], [-83.233961, 42.444037], [-83.233336, 42.44405], [-83.232727, 42.444064], [-83.232266, 42.444074], [-83.228819, 42.444149], [-83.228407, 42.444159], [-83.228116, 42.444164], [-83.227207, 42.444185], [-83.22713, 42.444186], [-83.22614, 42.444208], [-83.226042, 42.44421], [-83.225608, 42.444219], [-83.225433, 42.444223], [-83.224856, 42.444235], [-83.224763, 42.444237], [-83.223776, 42.444259], [-83.22368, 42.444261], [-83.223146, 42.444273], [-83.223044, 42.444275], [-83.222519, 42.444287], [-83.22244, 42.444288], [-83.221342, 42.444312], [-83.220164, 42.444339], [-83.220156, 42.444339], [-83.220147, 42.444339], [-83.220026, 42.444342], [-83.219891, 42.444345], [-83.219887, 42.444345], [-83.219806, 42.444346], [-83.219803, 42.444173], [-83.22015, 42.444166], [-83.221302, 42.444142], [-83.221293, 42.443923], [-83.221243, 42.442582], [-83.220666, 42.442584], [-83.220604, 42.440762], [-83.220543, 42.438953], [-83.220436, 42.437226], [-83.21991, 42.437231], [-83.219729, 42.437234], [-83.219523, 42.433627], [-83.219369, 42.433632], [-83.219332, 42.432604], [-83.219311, 42.432052], [-83.219233, 42.43002], [-83.219154, 42.428317], [-83.219146, 42.42785], [-83.219138, 42.427701], [-83.219071, 42.426381], [-83.218958, 42.422785], [-83.218827, 42.419267], [-83.21882, 42.419073], [-83.21875, 42.417433], [-83.218717, 42.416104], [-83.218712, 42.415553], [-83.218895, 42.415548], [-83.218897, 42.415402], [-83.218872, 42.413755], [-83.218864, 42.412931], [-83.218865, 42.411913], [-83.218862, 42.410846], [-83.218822, 42.410117], [-83.218775, 42.40928], [-83.218713, 42.408328], [-83.218996, 42.408321], [-83.219291, 42.408321], [-83.219769, 42.408309], [-83.221138, 42.408278], [-83.222563, 42.408245], [-83.223885, 42.408215], [-83.225029, 42.408189], [-83.225074, 42.408243], [-83.225183, 42.409985], [-83.226384, 42.40996], [-83.226273, 42.408161], [-83.227508, 42.408132], [-83.227614, 42.408126], [-83.228337, 42.408109], [-83.228408, 42.4081], [-83.22861, 42.408068], [-83.228571, 42.407946], [-83.228505, 42.407761], [-83.228588, 42.407807], [-83.229031, 42.408007], [-83.229459, 42.408196], [-83.230221, 42.408533], [-83.231294, 42.409002], [-83.231427, 42.409044], [-83.231589, 42.409092], [-83.231601, 42.409258], [-83.231638, 42.409876], [-83.232182, 42.409867], [-83.232871, 42.409849], [-83.233644, 42.409831], [-83.234088, 42.409826], [-83.235115, 42.409799], [-83.23558, 42.409794], [-83.235673, 42.409821], [-83.235777, 42.409669], [-83.235815, 42.409569], [-83.235838, 42.409434], [-83.235852, 42.409195], [-83.235854, 42.40898], [-83.235842, 42.408789], [-83.235899, 42.40874], [-83.235978, 42.408651], [-83.236103, 42.408469], [-83.236095, 42.408316], [-83.23627, 42.408085], [-83.236378, 42.407972], [-83.236547, 42.408041], [-83.237791, 42.40854]]]}, "properties": {"ZCTA5": "48219", "total_n_nonNAP": 536, "achieved_n": 406, "reconveyed_n": 75, "closed_n": 481, "reconveyance_rate_pct": 15.6, "in_progress_n": 55, "at_risk_n": 18, "at_risk_pct": 32.7, "tax_delinquent_pct": 61.8, "median_days_to_compliance": 563}}, {"type": "Feature", "geometry": {"type": "Polygon", "coordinates": [[[-83.107625, 42.400447], [-83.107685, 42.400532], [-83.108752, 42.400143], [-83.109836, 42.39974], [-83.11021, 42.400291], [-83.110671, 42.400971], [-83.111118, 42.401635], [-83.111572, 42.402288], [-83.112089, 42.403031], [-83.112156, 42.403121], [-83.113192, 42.404493], [-83.113233, 42.404554], [-83.113273, 42.404616], [-83.113309, 42.404673], [-83.114252, 42.404274], [-83.115455, 42.403748], [-83.11551, 42.403837], [-83.115544, 42.403935], [-83.115609, 42.405206], [-83.114011, 42.405795], [-83.11571, 42.408221], [-83.115744, 42.408183], [-83.115758, 42.408137], [-83.116396, 42.408041], [-83.116414, 42.408323], [-83.116486, 42.409394], [-83.11682, 42.409899], [-83.117146, 42.410391], [-83.117524, 42.410383], [-83.118529, 42.41036], [-83.119478, 42.410338], [-83.120456, 42.410316], [-83.121554, 42.410292], [-83.122085, 42.410279], [-83.122227, 42.412662], [-83.122371, 42.415071], [-83.122515, 42.417469], [-83.122335, 42.417473], [-83.123956, 42.421707], [-83.129452, 42.430803], [-83.129753, 42.431797], [-83.131471, 42.432867], [-83.131642, 42.433844], [-83.132001, 42.437672], [-83.132033, 42.443664], [-83.132049, 42.44483], [-83.133191, 42.444988], [-83.133202, 42.445299], [-83.133218, 42.446118], [-83.13322, 42.446259], [-83.132382, 42.446279], [-83.132974, 42.446356], [-83.133069, 42.446376], [-83.133115, 42.446395], [-83.132372, 42.446408], [-83.131761, 42.446418], [-83.130437, 42.446441], [-83.129528, 42.446458], [-83.127665, 42.446491], [-83.127595, 42.446493], [-83.126465, 42.446527], [-83.125598, 42.446553], [-83.125536, 42.446555], [-83.125491, 42.446556], [-83.125428, 42.446558], [-83.125377, 42.44656], [-83.125348, 42.446561], [-83.125327, 42.446562], [-83.125321, 42.446562], [-83.125245, 42.446563], [-83.125237, 42.446563], [-83.125183, 42.446564], [-83.125163, 42.446565], [-83.125119, 42.446566], [-83.125073, 42.446566], [-83.125, 42.446567], [-83.124896, 42.446569], [-83.124799, 42.446573], [-83.124758, 42.446575], [-83.124708, 42.446578], [-83.124679, 42.446579], [-83.124645, 42.44658], [-83.124595, 42.446581], [-83.12457, 42.446582], [-83.123007, 42.446626], [-83.122971, 42.446627], [-83.122937, 42.446629], [-83.122899, 42.44663], [-83.122862, 42.446631], [-83.12284, 42.446631], [-83.122807, 42.446632], [-83.122779, 42.446633], [-83.122759, 42.446634], [-83.12272, 42.446635], [-83.122682, 42.446636], [-83.122651, 42.446637], [-83.122647, 42.446637], [-83.122609, 42.446638], [-83.122533, 42.446639], [-83.121464, 42.446657], [-83.121301, 42.446659], [-83.121025, 42.446664], [-83.120811, 42.446666], [-83.120581, 42.44667], [-83.119541, 42.446686], [-83.119415, 42.446688], [-83.117492, 42.446719], [-83.112961, 42.44679], [-83.112954, 42.44679], [-83.112679, 42.446797], [-83.112637, 42.446799], [-83.11263, 42.446799], [-83.112597, 42.446799], [-83.112595, 42.4468], [-83.112342, 42.446809], [-83.112108, 42.446816], [-83.111822, 42.446826], [-83.111706, 42.446831], [-83.109933, 42.44694], [-83.109846, 42.446944], [-83.109626, 42.446959], [-83.109505, 42.446969], [-83.109478, 42.446971], [-83.109471, 42.446971], [-83.109147, 42.446979], [-83.108707, 42.446992], [-83.108412, 42.446999], [-83.108068, 42.44701], [-83.107333, 42.447029], [-83.106316, 42.447056], [-83.105395, 42.447079], [-83.105332, 42.447081], [-83.105325, 42.447082], [-83.104058, 42.447111], [-83.103942, 42.447113], [-83.102883, 42.44714], [-83.102875, 42.44714], [-83.10179, 42.447102], [-83.10163, 42.447093], [-83.100682, 42.447033], [-83.100578, 42.447026], [-83.100531, 42.447024], [-83.100461, 42.44702], [-83.100047, 42.44699], [-83.099826, 42.446977], [-83.099599, 42.446962], [-83.099358, 42.44694], [-83.099239, 42.446929], [-83.099101, 42.446916], [-83.098454, 42.446878], [-83.098267, 42.446868], [-83.097421, 42.44682], [-83.09741, 42.446819], [-83.096056, 42.446838], [-83.095979, 42.446839], [-83.09589, 42.44684], [-83.095592, 42.446845], [-83.095319, 42.446851], [-83.094929, 42.446862], [-83.094925, 42.446862], [-83.0947, 42.446865], [-83.094571, 42.446868], [-83.094357, 42.446873], [-83.094355, 42.446873], [-83.094036, 42.446878], [-83.093121, 42.446898], [-83.093113, 42.446897], [-83.092104, 42.446931], [-83.091555, 42.44695], [-83.091239, 42.446961], [-83.09113, 42.446965], [-83.090247, 42.446994], [-83.089441, 42.447018], [-83.089241, 42.447024], [-83.088873, 42.447035], [-83.088269, 42.447049], [-83.088256, 42.447048], [-83.087076, 42.447083], [-83.086802, 42.44709], [-83.086501, 42.447098], [-83.086499, 42.447098], [-83.086335, 42.447102], [-83.086283, 42.447103], [-83.085904, 42.447111], [-83.085849, 42.447112], [-83.0856, 42.447117], [-83.084588, 42.447136], [-83.084503, 42.447137], [-83.083715, 42.44715], [-83.083393, 42.447153], [-83.083386, 42.44702], [-83.083339, 42.446656], [-83.083361, 42.445974], [-83.083309, 42.444937], [-83.083902, 42.444926], [-83.083786, 42.442486], [-83.083671, 42.440081], [-83.083557, 42.437708], [-83.083445, 42.435351], [-83.083492, 42.432888], [-83.08338, 42.430465], [-83.083334, 42.428259], [-83.083215, 42.425244], [-83.082544, 42.42534], [-83.082478, 42.423796], [-83.082457, 42.423301], [-83.082403, 42.422016], [-83.082358, 42.420941], [-83.082327, 42.420234], [-83.08225, 42.418432], [-83.082228, 42.417929], [-83.082166, 42.416526], [-83.082149, 42.416463], [-83.082126, 42.416418], [-83.081861, 42.416024], [-83.081828, 42.415974], [-83.081787, 42.415914], [-83.081128, 42.414943], [-83.080956, 42.414689], [-83.079799, 42.412979], [-83.080099, 42.412866], [-83.078316, 42.410047], [-83.078214, 42.410066], [-83.077882, 42.410159], [-83.077603, 42.409699], [-83.077509, 42.409575], [-83.077332, 42.409343], [-83.077227, 42.409187], [-83.076924, 42.408736], [-83.076799, 42.408551], [-83.07691, 42.408365], [-83.076963, 42.408255], [-83.077007, 42.408112], [-83.077027, 42.407969], [-83.077027, 42.407884], [-83.077019, 42.4078], [-83.076987, 42.407661], [-83.076931, 42.407526], [-83.076845, 42.407383], [-83.076794, 42.407316], [-83.076735, 42.407252], [-83.07667, 42.407192], [-83.076572, 42.407118], [-83.075962, 42.406717], [-83.075238, 42.406242], [-83.075308, 42.406169], [-83.075272, 42.406147], [-83.075008, 42.405983], [-83.074758, 42.405845], [-83.074372, 42.405589], [-83.07426, 42.405506], [-83.074095, 42.405366], [-83.073937, 42.405221], [-83.073785, 42.405072], [-83.07364, 42.404919], [-83.073458, 42.40471], [-83.07325, 42.40444], [-83.072477, 42.403296], [-83.072743, 42.403177], [-83.073115, 42.403012], [-83.073457, 42.402908], [-83.074015, 42.402705], [-83.074296, 42.402602], [-83.074576, 42.402498], [-83.075168, 42.402282], [-83.076177, 42.401924], [-83.076295, 42.401882], [-83.075843, 42.401316], [-83.074655, 42.399875], [-83.073788, 42.39879], [-83.073762, 42.398757], [-83.073631, 42.398594], [-83.073713, 42.398564], [-83.073841, 42.398721], [-83.074544, 42.398453], [-83.075201, 42.398204], [-83.076168, 42.397837], [-83.07824, 42.397049], [-83.079728, 42.396482], [-83.07997, 42.39639], [-83.082691, 42.395356], [-83.085657, 42.394228], [-83.088665, 42.393102], [-83.091773, 42.391985], [-83.094678, 42.39094], [-83.097727, 42.389843], [-83.100588, 42.388814], [-83.102085, 42.388276], [-83.102278, 42.388084], [-83.102524, 42.388452], [-83.102593, 42.388551], [-83.102943, 42.38905], [-83.103009, 42.389152], [-83.103164, 42.389393], [-83.103335, 42.389644], [-83.103553, 42.389931], [-83.103719, 42.390142], [-83.104337, 42.390932], [-83.104415, 42.39103], [-83.104891, 42.391693], [-83.105462, 42.392489], [-83.105906, 42.393101], [-83.106115, 42.393561], [-83.106201, 42.393751], [-83.106284, 42.39399], [-83.106286, 42.394122], [-83.106734, 42.39505], [-83.107134, 42.39574], [-83.107962, 42.396969], [-83.108551, 42.397849], [-83.108563, 42.397876], [-83.108706, 42.398085], [-83.108886, 42.398348], [-83.108912, 42.398386], [-83.109048, 42.398585], [-83.109041, 42.398615], [-83.109119, 42.398749], [-83.109212, 42.398863], [-83.10925, 42.39888], [-83.109102, 42.398885], [-83.108921, 42.398919], [-83.108694, 42.398984], [-83.107158, 42.399789], [-83.107625, 42.400447]]]}, "properties": {"ZCTA5": "48203", "total_n_nonNAP": 844, "achieved_n": 469, "reconveyed_n": 156, "closed_n": 625, "reconveyance_rate_pct": 25.0, "in_progress_n": 219, "at_risk_n": 71, "at_risk_pct": 32.4, "tax_delinquent_pct": 58.4, "median_days_to_compliance": 674}}, {"type": "Feature", "geometry": {"type": "Polygon", "coordinates": [[[-83.059194, 42.370641], [-83.059352, 42.370584], [-83.059487, 42.370535], [-83.059807, 42.370418], [-83.059462, 42.369896], [-83.059139, 42.369422], [-83.059129, 42.369391], [-83.059137, 42.369357], [-83.059156, 42.369331], [-83.059188, 42.369309], [-83.060423, 42.368865], [-83.062519, 42.368102], [-83.062841, 42.368585], [-83.062921, 42.36869], [-83.063238, 42.369167], [-83.061131, 42.369937], [-83.062108, 42.371404], [-83.062164, 42.371489], [-83.062758, 42.372388], [-83.062889, 42.37258], [-83.062933, 42.372642], [-83.064002, 42.372265], [-83.064721, 42.373351], [-83.064275, 42.373517], [-83.064386, 42.373671], [-83.064873, 42.374399], [-83.065152, 42.374808], [-83.065418, 42.375209], [-83.065497, 42.375334], [-83.065742, 42.375683], [-83.066274, 42.376467], [-83.066573, 42.376913], [-83.066893, 42.377385], [-83.06745, 42.37821], [-83.067974, 42.378986], [-83.068478, 42.379734], [-83.069002, 42.38051], [-83.069545, 42.381313], [-83.07009, 42.382122], [-83.070644, 42.382941], [-83.07116, 42.383704], [-83.071646, 42.384427], [-83.072239, 42.385312], [-83.072749, 42.386079], [-83.073248, 42.386826], [-83.073807, 42.387664], [-83.074187, 42.388233], [-83.074461, 42.388644], [-83.075093, 42.389585], [-83.075186, 42.389727], [-83.075465, 42.390191], [-83.075906, 42.390821], [-83.076002, 42.390959], [-83.076369, 42.391498], [-83.076688, 42.391979], [-83.077161, 42.392685], [-83.077216, 42.392777], [-83.077274, 42.392871], [-83.077407, 42.393026], [-83.077438, 42.393141], [-83.07748, 42.393211], [-83.077642, 42.393399], [-83.077879, 42.393652], [-83.077964, 42.39375], [-83.07843, 42.394431], [-83.078547, 42.394606], [-83.078967, 42.395236], [-83.079348, 42.395819], [-83.079474, 42.396025], [-83.079728, 42.396482], [-83.07824, 42.397049], [-83.076168, 42.397837], [-83.075201, 42.398204], [-83.074544, 42.398453], [-83.073841, 42.398721], [-83.073713, 42.398564], [-83.073631, 42.398594], [-83.073221, 42.398085], [-83.073317, 42.39808], [-83.073307, 42.398068], [-83.073273, 42.398026], [-83.073234, 42.397978], [-83.073221, 42.397963], [-83.073148, 42.397866], [-83.07314, 42.397864], [-83.072967, 42.397393], [-83.072539, 42.39675], [-83.072069, 42.396031], [-83.071629, 42.395428], [-83.07127, 42.395568], [-83.071195, 42.395598], [-83.070929, 42.395254], [-83.069242, 42.393277], [-83.069115, 42.393099], [-83.068941, 42.392876], [-83.068798, 42.392704], [-83.068187, 42.392183], [-83.067737, 42.391728], [-83.067156, 42.390953], [-83.067075, 42.390844], [-83.066848, 42.390453], [-83.066693, 42.390148], [-83.066571, 42.389894], [-83.066458, 42.389762], [-83.06523, 42.388322], [-83.06507, 42.388127], [-83.064942, 42.388038], [-83.064339, 42.387367], [-83.061164, 42.383836], [-83.060953, 42.383755], [-83.060783, 42.383568], [-83.060713, 42.383447], [-83.059904, 42.383082], [-83.059125, 42.383844], [-83.058188, 42.384419], [-83.058012, 42.384644], [-83.057739, 42.384248], [-83.056446, 42.382318], [-83.056152, 42.381902], [-83.055994, 42.381641], [-83.055746, 42.381245], [-83.055683, 42.381145], [-83.052155, 42.385712], [-83.051304, 42.386894], [-83.051028, 42.387277], [-83.049321, 42.389646], [-83.048376, 42.390957], [-83.046414, 42.393447], [-83.04287, 42.398229], [-83.042481, 42.398766], [-83.042485, 42.399273], [-83.038339, 42.405015], [-83.038221, 42.404805], [-83.038167, 42.404682], [-83.037812, 42.404686], [-83.037738, 42.404717], [-83.037647, 42.40474], [-83.037364, 42.404751], [-83.035473, 42.404788], [-83.035168, 42.404797], [-83.034852, 42.397554], [-83.034708, 42.39756], [-83.034365, 42.39757], [-83.034297, 42.397571], [-83.033223, 42.39759], [-83.032196, 42.397606], [-83.031209, 42.397623], [-83.030223, 42.397637], [-83.029241, 42.397654], [-83.028254, 42.397669], [-83.028223, 42.396831], [-83.028194, 42.39603], [-83.02918, 42.396014], [-83.029086, 42.393587], [-83.028358, 42.393596], [-83.028103, 42.393605], [-83.027895, 42.393612], [-83.027753, 42.393607], [-83.02756, 42.393624], [-83.027238, 42.39363], [-83.027218, 42.393476], [-83.027186, 42.39324], [-83.027102, 42.392705], [-83.027042, 42.392354], [-83.026927, 42.391976], [-83.026688, 42.391233], [-83.026448, 42.390469], [-83.027985, 42.390453], [-83.028972, 42.390443], [-83.029084, 42.390441], [-83.029082, 42.389636], [-83.029084, 42.388858], [-83.028106, 42.38887], [-83.027123, 42.388882], [-83.027123, 42.38736], [-83.027598, 42.387002], [-83.028106, 42.386619], [-83.028293, 42.386479], [-83.027268, 42.385657], [-83.026999, 42.385472], [-83.026823, 42.385603], [-83.026527, 42.385162], [-83.026359, 42.384908], [-83.026271, 42.384776], [-83.025102, 42.385009], [-83.023553, 42.385306], [-83.022845, 42.385442], [-83.021774, 42.385822], [-83.021752, 42.38583], [-83.021328, 42.385935], [-83.021169, 42.385978], [-83.020943, 42.386039], [-83.020603, 42.38614], [-83.020176, 42.386277], [-83.020084, 42.386152], [-83.019826, 42.385803], [-83.020281, 42.385638], [-83.021083, 42.385438], [-83.021356, 42.385375], [-83.021916, 42.385268], [-83.022731, 42.385145], [-83.02331, 42.385052], [-83.023881, 42.384951], [-83.024984, 42.384737], [-83.025488, 42.384637], [-83.024148, 42.382546], [-83.024667, 42.382358], [-83.024174, 42.381615], [-83.023685, 42.380878], [-83.023501, 42.380602], [-83.023086, 42.379952], [-83.02236, 42.378856], [-83.021807, 42.378018], [-83.021666, 42.377813], [-83.021427, 42.377898], [-83.021295, 42.377953], [-83.020628, 42.378196], [-83.019936, 42.377154], [-83.020977, 42.376775], [-83.02037, 42.375862], [-83.019377, 42.374366], [-83.01833, 42.374748], [-83.018173, 42.374513], [-83.018134, 42.37447], [-83.017697, 42.374297], [-83.017866, 42.374041], [-83.018267, 42.37389], [-83.018686, 42.373743], [-83.018819, 42.373691], [-83.019043, 42.373603], [-83.019257, 42.37352], [-83.020545, 42.373056], [-83.021499, 42.372712], [-83.022485, 42.372353], [-83.023791, 42.371877], [-83.024356, 42.371671], [-83.024749, 42.371528], [-83.025101, 42.371401], [-83.026679, 42.370828], [-83.027655, 42.370473], [-83.030287, 42.369516], [-83.031002, 42.369257], [-83.031803, 42.368967], [-83.03228, 42.369685], [-83.034686, 42.368811], [-83.034211, 42.368092], [-83.035857, 42.367492], [-83.036827, 42.36714], [-83.037787, 42.366792], [-83.038751, 42.366439], [-83.040322, 42.365864], [-83.040792, 42.365697], [-83.042807, 42.364966], [-83.04435, 42.364406], [-83.045107, 42.364132], [-83.046102, 42.363773], [-83.046309, 42.363698], [-83.046634, 42.36358], [-83.046843, 42.363848], [-83.047125, 42.364275], [-83.049704, 42.363359], [-83.050177, 42.36407], [-83.050695, 42.36485], [-83.052319, 42.364261], [-83.052258, 42.364131], [-83.051815, 42.363451], [-83.051408, 42.362839], [-83.051014, 42.362249], [-83.051838, 42.361907], [-83.052424, 42.361697], [-83.053894, 42.361162], [-83.054365, 42.361004], [-83.054412, 42.361087], [-83.054655, 42.361516], [-83.055229, 42.362667], [-83.055898, 42.363976], [-83.056244, 42.364937], [-83.056373, 42.365209], [-83.057339, 42.367273], [-83.05768, 42.367999], [-83.057919, 42.368497], [-83.057947, 42.36856], [-83.058023, 42.36873], [-83.058102, 42.368903], [-83.058346, 42.369427], [-83.058549, 42.36986], [-83.058806, 42.370411], [-83.058956, 42.370728], [-83.059194, 42.370641]]]}, "properties": {"ZCTA5": "48211", "total_n_nonNAP": 171, "achieved_n": 102, "reconveyed_n": 30, "closed_n": 132, "reconveyance_rate_pct": 22.7, "in_progress_n": 39, "at_risk_n": 16, "at_risk_pct": 41.0, "tax_delinquent_pct": 53.8, "median_days_to_compliance": 577.5}}, {"type": "Feature", "geometry": {"type": "Polygon", "coordinates": [[[-83.127606, 42.379999], [-83.127151, 42.379327], [-83.126698, 42.378656], [-83.126246, 42.377985], [-83.125792, 42.377313], [-83.125339, 42.376641], [-83.124883, 42.37597], [-83.123467, 42.37388], [-83.122364, 42.372258], [-83.121359, 42.370776], [-83.120254, 42.369158], [-83.119928, 42.369282], [-83.119464, 42.368598], [-83.119018, 42.367941], [-83.118574, 42.367284], [-83.118119, 42.366615], [-83.117639, 42.365908], [-83.117161, 42.365202], [-83.116683, 42.364497], [-83.116207, 42.363795], [-83.115732, 42.363094], [-83.11524, 42.362366], [-83.114736, 42.361623], [-83.114254, 42.36091], [-83.113771, 42.360196], [-83.113287, 42.359482], [-83.112807, 42.358769], [-83.1124, 42.358156], [-83.112395, 42.358005], [-83.112246, 42.357944], [-83.110926, 42.35741], [-83.110737, 42.357616], [-83.110649, 42.357691], [-83.110588, 42.357729], [-83.110522, 42.357762], [-83.109514, 42.358139], [-83.109068, 42.35747], [-83.108843, 42.357133], [-83.109286, 42.356966], [-83.109559, 42.356857], [-83.109852, 42.356739], [-83.11021, 42.356584], [-83.110323, 42.356526], [-83.110492, 42.356427], [-83.110675, 42.356298], [-83.110723, 42.356216], [-83.110799, 42.356125], [-83.110875, 42.356057], [-83.111012, 42.355954], [-83.111149, 42.355874], [-83.111237, 42.355833], [-83.111329, 42.355798], [-83.111425, 42.355769], [-83.111525, 42.355746], [-83.111649, 42.355732], [-83.112482, 42.355685], [-83.113635, 42.355212], [-83.11481, 42.354774], [-83.115973, 42.354339], [-83.116212, 42.35425], [-83.117301, 42.35384], [-83.118394, 42.353432], [-83.119351, 42.353074], [-83.120444, 42.352665], [-83.121315, 42.352338], [-83.121433, 42.352294], [-83.122573, 42.351859], [-83.122661, 42.35183], [-83.122713, 42.351825], [-83.123124, 42.351838], [-83.124381, 42.35186], [-83.125659, 42.351882], [-83.127029, 42.351906], [-83.128247, 42.351928], [-83.12976, 42.35196], [-83.13208, 42.352004], [-83.13219, 42.352006], [-83.133506, 42.352031], [-83.134582, 42.352052], [-83.135703, 42.352072], [-83.137143, 42.352092], [-83.138246, 42.352101], [-83.139715, 42.352076], [-83.139997, 42.35207], [-83.140728, 42.352056], [-83.14106, 42.352049], [-83.141739, 42.352035], [-83.142125, 42.352028], [-83.142798, 42.352014], [-83.143188, 42.352006], [-83.143905, 42.351992], [-83.14425, 42.351985], [-83.144963, 42.35197], [-83.145242, 42.351965], [-83.146021, 42.35195], [-83.146249, 42.351946], [-83.147079, 42.351929], [-83.147736, 42.351916], [-83.148618, 42.351898], [-83.149623, 42.351877], [-83.15063, 42.351856], [-83.151635, 42.351836], [-83.152635, 42.351816], [-83.153987, 42.351787], [-83.155163, 42.351764], [-83.156339, 42.35174], [-83.157525, 42.351716], [-83.158664, 42.351691], [-83.159773, 42.351667], [-83.160929, 42.351642], [-83.162089, 42.351618], [-83.163916, 42.351577], [-83.165025, 42.351553], [-83.166122, 42.351528], [-83.166295, 42.351524], [-83.167393, 42.351499], [-83.168503, 42.351475], [-83.168543, 42.352315], [-83.168392, 42.352335], [-83.16827, 42.352343], [-83.167434, 42.352351], [-83.167504, 42.353902], [-83.16696, 42.353917], [-83.167017, 42.355814], [-83.167606, 42.356163], [-83.167615, 42.356348], [-83.167625, 42.356569], [-83.167628, 42.356645], [-83.167167, 42.357011], [-83.167206, 42.358741], [-83.167258, 42.361016], [-83.167322, 42.363822], [-83.167374, 42.366009], [-83.167467, 42.368866], [-83.167538, 42.371054], [-83.16761, 42.37324], [-83.167686, 42.375602], [-83.16776, 42.378845], [-83.168362, 42.379071], [-83.168386, 42.379665], [-83.16839, 42.379748], [-83.168392, 42.37982], [-83.168452, 42.380491], [-83.168198, 42.380497], [-83.167915, 42.380504], [-83.16736, 42.380518], [-83.166296, 42.380546], [-83.165458, 42.380567], [-83.16523, 42.380573], [-83.164227, 42.380601], [-83.164131, 42.380603], [-83.163098, 42.380628], [-83.162045, 42.380655], [-83.160988, 42.380683], [-83.160454, 42.380702], [-83.160331, 42.3807], [-83.159919, 42.380712], [-83.158834, 42.380739], [-83.157821, 42.380766], [-83.15684, 42.380791], [-83.155857, 42.380815], [-83.154872, 42.38084], [-83.153904, 42.380865], [-83.152816, 42.380892], [-83.15168, 42.38092], [-83.150595, 42.380946], [-83.149573, 42.380972], [-83.149049, 42.380983], [-83.148116, 42.381003], [-83.147428, 42.381017], [-83.147196, 42.381022], [-83.146963, 42.381026], [-83.146637, 42.381033], [-83.146452, 42.381036], [-83.146175, 42.381042], [-83.145177, 42.381062], [-83.145062, 42.381064], [-83.144206, 42.381081], [-83.14399, 42.381086], [-83.143694, 42.381092], [-83.142563, 42.381114], [-83.141477, 42.381136], [-83.140386, 42.381157], [-83.139842, 42.381169], [-83.139317, 42.381185], [-83.139303, 42.380821], [-83.139285, 42.380388], [-83.136312, 42.381555], [-83.136001, 42.382076], [-83.135566, 42.38224], [-83.135153, 42.381811], [-83.132006, 42.38304], [-83.130146, 42.383767], [-83.129857, 42.383337], [-83.129334, 42.382562], [-83.128938, 42.38197], [-83.128497, 42.381314], [-83.12805, 42.380657], [-83.127606, 42.379999]]]}, "properties": {"ZCTA5": "48204", "total_n_nonNAP": 1851, "achieved_n": 1122, "reconveyed_n": 333, "closed_n": 1455, "reconveyance_rate_pct": 22.9, "in_progress_n": 396, "at_risk_n": 117, "at_risk_pct": 29.5, "tax_delinquent_pct": 55.3, "median_days_to_compliance": 686.0}}, {"type": "Feature", "geometry": {"type": "Polygon", "coordinates": [[[-82.958955, 42.397426], [-82.958617, 42.397548], [-82.959731, 42.399223], [-82.96076, 42.400771], [-82.960882, 42.400955], [-82.961892, 42.40247], [-82.962798, 42.403828], [-82.962935, 42.404096], [-82.964219, 42.403704], [-82.964298, 42.403822], [-82.963611, 42.404031], [-82.963062, 42.404204], [-82.960329, 42.405048], [-82.960054, 42.405133], [-82.960168, 42.405309], [-82.960252, 42.405423], [-82.960326, 42.405404], [-82.96051, 42.405329], [-82.961502, 42.405126], [-82.962401, 42.404859], [-82.963314, 42.404608], [-82.96455, 42.404254], [-82.964579, 42.404347], [-82.964592, 42.404424], [-82.964596, 42.404501], [-82.964589, 42.404663], [-82.964951, 42.405318], [-82.96499, 42.405407], [-82.96437, 42.405587], [-82.964384, 42.405917], [-82.963844, 42.40626], [-82.963939, 42.408601], [-82.963415, 42.408614], [-82.963492, 42.410425], [-82.964034, 42.410411], [-82.964134, 42.412951], [-82.964711, 42.413347], [-82.964723, 42.413602], [-82.964767, 42.414586], [-82.964776, 42.414802], [-82.964823, 42.415836], [-82.964859, 42.416666], [-82.964895, 42.417515], [-82.964932, 42.418358], [-82.964954, 42.418842], [-82.96497, 42.419202], [-82.964985, 42.41956], [-82.965003, 42.419971], [-82.964087, 42.419982], [-82.963792, 42.42037], [-82.963458, 42.420815], [-82.963044, 42.421356], [-82.962444, 42.422158], [-82.961852, 42.422949], [-82.962434, 42.423184], [-82.962515, 42.423207], [-82.962688, 42.423213], [-82.962716, 42.424009], [-82.961799, 42.42402], [-82.961776, 42.424014], [-82.961227, 42.423786], [-82.960496, 42.424759], [-82.960298, 42.425001], [-82.959994, 42.425408], [-82.959391, 42.426216], [-82.959928, 42.426441], [-82.95997, 42.426453], [-82.960038, 42.426457], [-82.960395, 42.426453], [-82.960423, 42.427233], [-82.959718, 42.427243], [-82.959608, 42.427228], [-82.959546, 42.42721], [-82.958859, 42.426931], [-82.958108, 42.427945], [-82.957252, 42.429101], [-82.956785, 42.42972], [-82.956161, 42.430542], [-82.955939, 42.430837], [-82.955545, 42.43136], [-82.954927, 42.432177], [-82.955323, 42.43234], [-82.955404, 42.432368], [-82.955565, 42.432366], [-82.955676, 42.432365], [-82.955702, 42.433162], [-82.954162, 42.433187], [-82.953713, 42.433775], [-82.953522, 42.434004], [-82.953192, 42.434404], [-82.95296, 42.434657], [-82.952792, 42.435049], [-82.952538, 42.435387], [-82.952328, 42.435667], [-82.951991, 42.436119], [-82.951826, 42.436001], [-82.951357, 42.435809], [-82.949894, 42.435207], [-82.947855, 42.434373], [-82.948108, 42.434035], [-82.945989, 42.433164], [-82.94387, 42.432294], [-82.94128, 42.431229], [-82.940788, 42.431481], [-82.940416, 42.431329], [-82.940056, 42.431182], [-82.937382, 42.43009], [-82.937566, 42.429845], [-82.934562, 42.428554], [-82.934343, 42.428845], [-82.932195, 42.427968], [-82.932441, 42.427643], [-82.93026, 42.426706], [-82.92999, 42.427065], [-82.928007, 42.426253], [-82.927878, 42.426183], [-82.927656, 42.426062], [-82.927495, 42.425975], [-82.927822, 42.425556], [-82.927972, 42.425376], [-82.928448, 42.424764], [-82.92851, 42.424685], [-82.928745, 42.424387], [-82.928499, 42.424264], [-82.928402, 42.424205], [-82.928507, 42.424073], [-82.928678, 42.423857], [-82.929069, 42.42288], [-82.928841, 42.422786], [-82.927948, 42.422419], [-82.927068, 42.422057], [-82.925786, 42.421529], [-82.925616, 42.421459], [-82.923989, 42.420799], [-82.922862, 42.420343], [-82.921714, 42.419877], [-82.920696, 42.419467], [-82.920656, 42.419392], [-82.920212, 42.418741], [-82.919612, 42.417842], [-82.919189, 42.417217], [-82.918518, 42.41623], [-82.918301, 42.415911], [-82.917687, 42.415013], [-82.917401, 42.414595], [-82.916412, 42.413159], [-82.915648, 42.412042], [-82.915613, 42.412002], [-82.915495, 42.411814], [-82.915237, 42.41144], [-82.914072, 42.409749], [-82.913944, 42.409553], [-82.913897, 42.40948], [-82.914442, 42.408317], [-82.914935, 42.407266], [-82.915629, 42.405798], [-82.915926, 42.405171], [-82.916296, 42.404471], [-82.916794, 42.403528], [-82.916864, 42.403397], [-82.917135, 42.402848], [-82.917717, 42.401637], [-82.918315, 42.400383], [-82.918708, 42.399557], [-82.918748, 42.399496], [-82.919118, 42.398926], [-82.91934, 42.398583], [-82.919754, 42.397996], [-82.920129, 42.397466], [-82.920349, 42.397154], [-82.921061, 42.396145], [-82.921375, 42.395701], [-82.921569, 42.39546], [-82.921676, 42.395344], [-82.921718, 42.395299], [-82.921867, 42.395172], [-82.922181, 42.394954], [-82.922399, 42.394829], [-82.923465, 42.394432], [-82.924442, 42.394055], [-82.92462, 42.393982], [-82.925353, 42.393696], [-82.925692, 42.393564], [-82.926482, 42.393256], [-82.926671, 42.393182], [-82.927261, 42.392951], [-82.927795, 42.392733], [-82.929055, 42.392215], [-82.930325, 42.391689], [-82.931448, 42.391243], [-82.931931, 42.391061], [-82.93244, 42.390869], [-82.933431, 42.390501], [-82.9344, 42.390159], [-82.934634, 42.390079], [-82.93537, 42.389827], [-82.935503, 42.389782], [-82.9361, 42.389596], [-82.936352, 42.389522], [-82.937205, 42.389288], [-82.937347, 42.389254], [-82.937643, 42.389182], [-82.938343, 42.389016], [-82.939219, 42.388815], [-82.939416, 42.388771], [-82.939603, 42.388728], [-82.940571, 42.388543], [-82.94089, 42.388479], [-82.941662, 42.388344], [-82.94221, 42.388247], [-82.94259, 42.388183], [-82.942743, 42.388154], [-82.943353, 42.388047], [-82.944039, 42.387925], [-82.944473, 42.387847], [-82.945602, 42.387648], [-82.94647, 42.387495], [-82.946644, 42.387469], [-82.947699, 42.3873], [-82.949365, 42.389786], [-82.948787, 42.389997], [-82.950491, 42.392479], [-82.952137, 42.394878], [-82.951728, 42.395029], [-82.953337, 42.397445], [-82.953617, 42.397342], [-82.954492, 42.397021], [-82.955171, 42.396775], [-82.955671, 42.396594], [-82.956062, 42.396453], [-82.956961, 42.396128], [-82.957885, 42.395795], [-82.958848, 42.395448], [-82.959853, 42.396977], [-82.959887, 42.397094], [-82.959654, 42.397177], [-82.958955, 42.397426]]]}, "properties": {"ZCTA5": "48224", "total_n_nonNAP": 1031, "achieved_n": 756, "reconveyed_n": 172, "closed_n": 928, "reconveyance_rate_pct": 18.5, "in_progress_n": 103, "at_risk_n": 27, "at_risk_pct": 26.2, "tax_delinquent_pct": 42.7, "median_days_to_compliance": 583}}, {"type": "Feature", "geometry": {"type": "Polygon", "coordinates": [[[-83.107218, 42.325225], [-83.107145, 42.325227], [-83.107012, 42.325025], [-83.106747, 42.324635], [-83.10669, 42.324556], [-83.106575, 42.324703], [-83.10641, 42.324809], [-83.106222, 42.324939], [-83.105927, 42.32509], [-83.105623, 42.325201], [-83.105156, 42.325356], [-83.10453, 42.32549], [-83.102067, 42.325924], [-83.100145, 42.326292], [-83.10019, 42.326356], [-83.098054, 42.326684], [-83.097993, 42.326598], [-83.097323, 42.325667], [-83.095996, 42.326176], [-83.09532, 42.326502], [-83.094633, 42.325617], [-83.094086, 42.324851], [-83.093202, 42.324612], [-83.091744, 42.322403], [-83.091924, 42.321815], [-83.091276, 42.320906], [-83.09116, 42.320958], [-83.090939, 42.321046], [-83.088979, 42.318365], [-83.08752, 42.31637], [-83.087804, 42.315984], [-83.087736, 42.315906], [-83.087582, 42.315771], [-83.087307, 42.315341], [-83.08632, 42.315633], [-83.085938, 42.315761], [-83.085675, 42.315824], [-83.085889, 42.315727], [-83.086098, 42.31564], [-83.087219, 42.315205], [-83.087863, 42.314643], [-83.087041, 42.314963], [-83.086056, 42.315348], [-83.085683, 42.315505], [-83.085393, 42.315642], [-83.085112, 42.315788], [-83.08484, 42.315944], [-83.084525, 42.316144], [-83.084347, 42.315878], [-83.08463, 42.315702], [-83.084909, 42.315547], [-83.085269, 42.315367], [-83.085492, 42.315271], [-83.085754, 42.315159], [-83.08686, 42.31472], [-83.086328, 42.313965], [-83.085616, 42.314272], [-83.083708, 42.311589], [-83.082981, 42.310573], [-83.082589, 42.310751], [-83.082518, 42.3108], [-83.082459, 42.310857], [-83.08238, 42.310973], [-83.082322, 42.311108], [-83.082057, 42.311657], [-83.081812, 42.31217], [-83.081734, 42.312335], [-83.081676, 42.312468], [-83.081632, 42.312568], [-83.081432, 42.312658], [-83.079289, 42.313766], [-83.079156, 42.313585], [-83.078961, 42.313325], [-83.078526, 42.312752], [-83.080494, 42.311013], [-83.080991, 42.310673], [-83.081572, 42.310263], [-83.082501, 42.30938], [-83.084889, 42.306633], [-83.092566, 42.299116], [-83.097885, 42.293751], [-83.098427, 42.294028], [-83.098567, 42.294076], [-83.098582, 42.293995], [-83.098623, 42.293622], [-83.098229, 42.293334], [-83.099216, 42.292394], [-83.099385, 42.292453], [-83.101914, 42.290078], [-83.102185, 42.289747], [-83.102465, 42.289499], [-83.102615, 42.289416], [-83.103045, 42.288417], [-83.103666, 42.287922], [-83.10839, 42.289057], [-83.109225, 42.289225], [-83.109313, 42.289239], [-83.111144, 42.289474], [-83.112074, 42.289588], [-83.113656, 42.289998], [-83.114524, 42.290146], [-83.114705, 42.290177], [-83.115846, 42.29023], [-83.116315, 42.290203], [-83.116624, 42.290186], [-83.117376, 42.290021], [-83.117991, 42.289789], [-83.118264, 42.289727], [-83.119326, 42.289057], [-83.119536, 42.288754], [-83.119691, 42.288385], [-83.119858, 42.288014], [-83.119954, 42.287554], [-83.119811, 42.286456], [-83.119504, 42.285604], [-83.119383, 42.285116], [-83.119344, 42.284762], [-83.119367, 42.284401], [-83.119069, 42.283283], [-83.118937, 42.282975], [-83.117839, 42.281163], [-83.117719, 42.280412], [-83.117703, 42.280025], [-83.117744, 42.279623], [-83.117851, 42.279462], [-83.118057, 42.279303], [-83.118373, 42.279187], [-83.118852, 42.279134], [-83.119437, 42.279173], [-83.121971, 42.279435], [-83.12879, 42.280791], [-83.13028, 42.2811], [-83.13157, 42.281408], [-83.132856, 42.281804], [-83.13429, 42.282226], [-83.135674, 42.282745], [-83.135744, 42.282589], [-83.135867, 42.282611], [-83.135947, 42.282594], [-83.136027, 42.28255], [-83.136197, 42.282415], [-83.136362, 42.282391], [-83.136572, 42.282419], [-83.136871, 42.282531], [-83.13753, 42.282791], [-83.137146, 42.28326], [-83.137811, 42.284803], [-83.137901, 42.284943], [-83.139434, 42.2868], [-83.139496, 42.286887], [-83.139557, 42.286976], [-83.139832, 42.28736], [-83.142629, 42.291215], [-83.143435, 42.292272], [-83.144031, 42.293102], [-83.14425, 42.293345], [-83.144473, 42.293584], [-83.143998, 42.293792], [-83.14404, 42.294091], [-83.144008, 42.294195], [-83.143918, 42.294303], [-83.143773, 42.294383], [-83.143659, 42.294411], [-83.143461, 42.294433], [-83.143208, 42.294416], [-83.142998, 42.294386], [-83.142789, 42.294355], [-83.142637, 42.294406], [-83.142478, 42.294555], [-83.142318, 42.294703], [-83.141848, 42.29519], [-83.141686, 42.29535], [-83.141563, 42.295457], [-83.141276, 42.296007], [-83.14093, 42.29651], [-83.1407, 42.297036], [-83.140528, 42.297749], [-83.140403, 42.299054], [-83.140525, 42.299544], [-83.14077, 42.300341], [-83.141419, 42.301643], [-83.141652, 42.302172], [-83.141929, 42.303686], [-83.141953, 42.304073], [-83.142239, 42.304713], [-83.142281, 42.304828], [-83.142438, 42.305252], [-83.142494, 42.305502], [-83.142499, 42.305686], [-83.142478, 42.305847], [-83.142394, 42.305987], [-83.142233, 42.306098], [-83.141356, 42.306458], [-83.14118, 42.306469], [-83.140966, 42.306516], [-83.140807, 42.30659], [-83.140683, 42.306676], [-83.140584, 42.306846], [-83.140682, 42.307168], [-83.140754, 42.307437], [-83.140723, 42.307661], [-83.140606, 42.307889], [-83.140423, 42.308041], [-83.140042, 42.30821], [-83.139874, 42.308321], [-83.139775, 42.308491], [-83.139717, 42.308662], [-83.139737, 42.308841], [-83.139807, 42.309005], [-83.140484, 42.310085], [-83.140534, 42.310233], [-83.140555, 42.310385], [-83.140589, 42.310579], [-83.140682, 42.310796], [-83.14078, 42.311008], [-83.141767, 42.312402], [-83.144221, 42.315743], [-83.146118, 42.318344], [-83.146312, 42.318616], [-83.14681, 42.319308], [-83.146948, 42.319525], [-83.147038, 42.31963], [-83.146488, 42.319705], [-83.146264, 42.319728], [-83.144648, 42.319962], [-83.143959, 42.320046], [-83.14354, 42.320103], [-83.138631, 42.320842], [-83.137602, 42.321], [-83.136839, 42.321126], [-83.136263, 42.321089], [-83.135761, 42.321145], [-83.135011, 42.321279], [-83.134944, 42.321289], [-83.133935, 42.321528], [-83.133216, 42.321765], [-83.133078, 42.321822], [-83.132553, 42.322019], [-83.131368, 42.322383], [-83.130982, 42.321841], [-83.130668, 42.321412], [-83.126436, 42.322024], [-83.126366, 42.32203], [-83.121617, 42.322624], [-83.11727, 42.323298], [-83.116227, 42.32346], [-83.115664, 42.323909], [-83.11518, 42.324014], [-83.11382, 42.32422], [-83.112712, 42.324364], [-83.1123, 42.324429], [-83.107218, 42.325225]]]}, "properties": {"ZCTA5": "48209", "total_n_nonNAP": 113, "achieved_n": 103, "reconveyed_n": 7, "closed_n": 110, "reconveyance_rate_pct": 6.4, "in_progress_n": 3, "at_risk_n": 1, "at_risk_pct": 33.3, "tax_delinquent_pct": 33.3, "median_days_to_compliance": 698}}, {"type": "Feature", "geometry": {"type": "Polygon", "coordinates": [[[-83.042421, 42.426316], [-83.041342, 42.426342], [-83.04001, 42.426373], [-83.038639, 42.426403], [-83.037274, 42.426439], [-83.036002, 42.426468], [-83.035925, 42.424213], [-83.034273, 42.424303], [-83.033643, 42.424314], [-83.033669, 42.424958], [-83.033702, 42.425727], [-83.033718, 42.426116], [-83.03187, 42.426158], [-83.03025, 42.426179], [-83.030233, 42.425801], [-83.028121, 42.425845], [-83.028137, 42.426208], [-83.028157, 42.426647], [-83.027269, 42.426664], [-83.023984, 42.426735], [-83.023955, 42.425937], [-83.023927, 42.425168], [-83.023898, 42.424399], [-83.023886, 42.424056], [-83.023869, 42.423603], [-83.024284, 42.423595], [-83.024566, 42.423166], [-83.024935, 42.422665], [-83.025441, 42.421979], [-83.025664, 42.421677], [-83.026018, 42.421174], [-83.027302, 42.41943], [-83.027685, 42.418959], [-83.029109, 42.417058], [-83.030021, 42.415813], [-83.035009, 42.409059], [-83.035149, 42.40887], [-83.035346, 42.408395], [-83.035734, 42.407916], [-83.03705, 42.4064], [-83.03759, 42.405778], [-83.0378, 42.405546], [-83.037866, 42.405481], [-83.03788, 42.404937], [-83.037887, 42.404766], [-83.037812, 42.404686], [-83.038167, 42.404682], [-83.038221, 42.404805], [-83.038339, 42.405015], [-83.042485, 42.399273], [-83.042481, 42.398766], [-83.04287, 42.398229], [-83.046414, 42.393447], [-83.048376, 42.390957], [-83.049321, 42.389646], [-83.051028, 42.387277], [-83.051304, 42.386894], [-83.052155, 42.385712], [-83.055683, 42.381145], [-83.055746, 42.381245], [-83.055994, 42.381641], [-83.056152, 42.381902], [-83.056446, 42.382318], [-83.057739, 42.384248], [-83.058012, 42.384644], [-83.058188, 42.384419], [-83.059125, 42.383844], [-83.059904, 42.383082], [-83.060713, 42.383447], [-83.060783, 42.383568], [-83.060953, 42.383755], [-83.061164, 42.383836], [-83.064339, 42.387367], [-83.064942, 42.388038], [-83.06507, 42.388127], [-83.06523, 42.388322], [-83.066458, 42.389762], [-83.066571, 42.389894], [-83.066693, 42.390148], [-83.066848, 42.390453], [-83.067075, 42.390844], [-83.067156, 42.390953], [-83.067737, 42.391728], [-83.068187, 42.392183], [-83.068798, 42.392704], [-83.068941, 42.392876], [-83.069115, 42.393099], [-83.069242, 42.393277], [-83.070929, 42.395254], [-83.071195, 42.395598], [-83.07127, 42.395568], [-83.071629, 42.395428], [-83.072069, 42.396031], [-83.072539, 42.39675], [-83.072967, 42.397393], [-83.07314, 42.397864], [-83.073148, 42.397866], [-83.073221, 42.397963], [-83.073234, 42.397978], [-83.073273, 42.398026], [-83.073307, 42.398068], [-83.073317, 42.39808], [-83.073221, 42.398085], [-83.073631, 42.398594], [-83.073762, 42.398757], [-83.073788, 42.39879], [-83.074655, 42.399875], [-83.075843, 42.401316], [-83.076295, 42.401882], [-83.076177, 42.401924], [-83.075168, 42.402282], [-83.074576, 42.402498], [-83.074296, 42.402602], [-83.074015, 42.402705], [-83.073457, 42.402908], [-83.073115, 42.403012], [-83.072743, 42.403177], [-83.072477, 42.403296], [-83.07325, 42.40444], [-83.073458, 42.40471], [-83.07364, 42.404919], [-83.073785, 42.405072], [-83.073937, 42.405221], [-83.074095, 42.405366], [-83.07426, 42.405506], [-83.074372, 42.405589], [-83.074758, 42.405845], [-83.075008, 42.405983], [-83.075272, 42.406147], [-83.075308, 42.406169], [-83.075238, 42.406242], [-83.075962, 42.406717], [-83.076572, 42.407118], [-83.07667, 42.407192], [-83.076735, 42.407252], [-83.076794, 42.407316], [-83.076845, 42.407383], [-83.076931, 42.407526], [-83.076987, 42.407661], [-83.077019, 42.4078], [-83.077027, 42.407884], [-83.077027, 42.407969], [-83.077007, 42.408112], [-83.076963, 42.408255], [-83.07691, 42.408365], [-83.076799, 42.408551], [-83.076924, 42.408736], [-83.077227, 42.409187], [-83.077332, 42.409343], [-83.077509, 42.409575], [-83.077603, 42.409699], [-83.077882, 42.410159], [-83.078214, 42.410066], [-83.078316, 42.410047], [-83.080099, 42.412866], [-83.079799, 42.412979], [-83.080956, 42.414689], [-83.081128, 42.414943], [-83.081787, 42.415914], [-83.081828, 42.415974], [-83.081861, 42.416024], [-83.082126, 42.416418], [-83.082149, 42.416463], [-83.082166, 42.416526], [-83.082228, 42.417929], [-83.08225, 42.418432], [-83.082327, 42.420234], [-83.082358, 42.420941], [-83.082403, 42.422016], [-83.082457, 42.423301], [-83.082478, 42.423796], [-83.082544, 42.42534], [-83.081507, 42.425487], [-83.080542, 42.425625], [-83.080146, 42.425683], [-83.08, 42.425703], [-83.07951, 42.425708], [-83.079079, 42.42571], [-83.078445, 42.425715], [-83.077978, 42.425719], [-83.077435, 42.425724], [-83.076901, 42.425731], [-83.076465, 42.425737], [-83.07574, 42.425748], [-83.075483, 42.425752], [-83.074718, 42.425764], [-83.074425, 42.425768], [-83.073713, 42.425775], [-83.072803, 42.425786], [-83.072041, 42.425795], [-83.071656, 42.425799], [-83.071058, 42.425808], [-83.070814, 42.425809], [-83.070643, 42.425809], [-83.070078, 42.425821], [-83.069095, 42.425832], [-83.068614, 42.425834], [-83.067993, 42.424967], [-83.067718, 42.425072], [-83.067665, 42.42508], [-83.066682, 42.425096], [-83.066699, 42.425846], [-83.066312, 42.425851], [-83.065705, 42.425859], [-83.065078, 42.425868], [-83.064716, 42.425874], [-83.063882, 42.425882], [-83.063717, 42.425885], [-83.062706, 42.425901], [-83.062698, 42.425772], [-83.06267, 42.424646], [-83.062291, 42.424637], [-83.062172, 42.424615], [-83.062044, 42.424565], [-83.061913, 42.424473], [-83.061788, 42.424377], [-83.06167, 42.424324], [-83.061547, 42.424301], [-83.061365, 42.424293], [-83.05884, 42.424321], [-83.058723, 42.424311], [-83.058658, 42.424283], [-83.058605, 42.424242], [-83.058239, 42.42399], [-83.058167, 42.423953], [-83.058057, 42.423929], [-83.057796, 42.423924], [-83.055337, 42.424002], [-83.053199, 42.424014], [-83.051003, 42.424082], [-83.048317, 42.424154], [-83.047126, 42.424155], [-83.047056, 42.424173], [-83.047005, 42.424219], [-83.046965, 42.424281], [-83.046863, 42.42439], [-83.046796, 42.424444], [-83.046719, 42.424493], [-83.046626, 42.424539], [-83.046512, 42.424564], [-83.046085, 42.424606], [-83.045672, 42.42464], [-83.04513, 42.424677], [-83.043403, 42.424725], [-83.042973, 42.424738], [-83.043007, 42.42535], [-83.043059, 42.4263], [-83.042421, 42.426316]]]}, "properties": {"ZCTA5": "48212", "total_n_nonNAP": 729, "achieved_n": 500, "reconveyed_n": 98, "closed_n": 598, "reconveyance_rate_pct": 16.4, "in_progress_n": 131, "at_risk_n": 36, "at_risk_pct": 27.5, "tax_delinquent_pct": 45.8, "median_days_to_compliance": 605.5}}, {"type": "Feature", "geometry": {"type": "Polygon", "coordinates": [[[-83.285992, 42.356586], [-83.2868, 42.356567], [-83.2879, 42.35654], [-83.28894, 42.356514], [-83.289947, 42.356494], [-83.290116, 42.356491], [-83.290474, 42.356479], [-83.291006, 42.356462], [-83.291217, 42.356457], [-83.291519, 42.35645], [-83.292043, 42.356437], [-83.292364, 42.35643], [-83.293855, 42.356394], [-83.29427, 42.356377], [-83.294774, 42.356356], [-83.297234, 42.356217], [-83.299585, 42.356086], [-83.301282, 42.355992], [-83.303894, 42.355842], [-83.305474, 42.355725], [-83.306455, 42.355653], [-83.307894, 42.355545], [-83.308892, 42.35547], [-83.309836, 42.3554], [-83.310001, 42.355388], [-83.312825, 42.35518], [-83.312927, 42.357488], [-83.312969, 42.358431], [-83.312983, 42.358737], [-83.31299, 42.35892], [-83.313076, 42.360819], [-83.313132, 42.362114], [-83.313154, 42.362542], [-83.31317, 42.362973], [-83.313263, 42.364882], [-83.313371, 42.367295], [-83.31347, 42.369425], [-83.313492, 42.369892], [-83.313554, 42.371107], [-83.313559, 42.371612], [-83.313566, 42.371765], [-83.313588, 42.372291], [-83.313705, 42.37453], [-83.313787, 42.376142], [-83.313839, 42.377114], [-83.313843, 42.377192], [-83.313853, 42.377383], [-83.314082, 42.381643], [-83.314136, 42.382248], [-83.314145, 42.382833], [-83.31418, 42.383579], [-83.31419, 42.383655], [-83.314204, 42.383741], [-83.314216, 42.383938], [-83.314226, 42.384131], [-83.314252, 42.384428], [-83.314324, 42.385962], [-83.314405, 42.387544], [-83.314429, 42.388031], [-83.314532, 42.390062], [-83.314629, 42.391857], [-83.314688, 42.393048], [-83.314722, 42.393772], [-83.314843, 42.396191], [-83.314963, 42.398603], [-83.314972, 42.399401], [-83.31496, 42.39987], [-83.314966, 42.400314], [-83.3151, 42.403388], [-83.315108, 42.403569], [-83.315262, 42.405457], [-83.315306, 42.406434], [-83.315171, 42.406439], [-83.315105, 42.406434], [-83.315043, 42.406418], [-83.314974, 42.406383], [-83.314941, 42.406356], [-83.314576, 42.405912], [-83.313669, 42.405967], [-83.313291, 42.405985], [-83.313166, 42.40599], [-83.312009, 42.406053], [-83.311469, 42.406081], [-83.310775, 42.406117], [-83.309559, 42.406179], [-83.308336, 42.40624], [-83.305892, 42.40637], [-83.304678, 42.406423], [-83.303459, 42.406477], [-83.302251, 42.406533], [-83.301037, 42.40659], [-83.299826, 42.406644], [-83.298608, 42.406697], [-83.297399, 42.406752], [-83.297147, 42.406765], [-83.296998, 42.406755], [-83.29691, 42.406739], [-83.296825, 42.406717], [-83.296744, 42.406689], [-83.29664, 42.406645], [-83.296186, 42.406719], [-83.296208, 42.407297], [-83.29606, 42.407279], [-83.29591, 42.407235], [-83.29577, 42.407132], [-83.295643, 42.406968], [-83.295517, 42.406737], [-83.295164, 42.406757], [-83.294765, 42.406778], [-83.293496, 42.406825], [-83.292536, 42.406853], [-83.291334, 42.406881], [-83.290115, 42.406911], [-83.288907, 42.406943], [-83.288152, 42.406954], [-83.287629, 42.406966], [-83.287452, 42.40697], [-83.287375, 42.406971], [-83.286938, 42.40698], [-83.286463, 42.407], [-83.285608, 42.407026], [-83.284922, 42.407047], [-83.283492, 42.407103], [-83.282846, 42.407127], [-83.282239, 42.407151], [-83.282029, 42.407157], [-83.281952, 42.40716], [-83.281571, 42.407175], [-83.281417, 42.407181], [-83.280702, 42.407196], [-83.280013, 42.407211], [-83.279372, 42.407231], [-83.278699, 42.407251], [-83.278032, 42.407265], [-83.277131, 42.407278], [-83.276681, 42.407278], [-83.275941, 42.407281], [-83.275879, 42.405407], [-83.275814, 42.403708], [-83.275787, 42.401776], [-83.275725, 42.400096], [-83.275673, 42.398168], [-83.275558, 42.395191], [-83.275451, 42.392458], [-83.275432, 42.391985], [-83.275361, 42.39019], [-83.275302, 42.388698], [-83.275231, 42.385837], [-83.275208, 42.385468], [-83.275202, 42.385264], [-83.275186, 42.384869], [-83.275134, 42.383378], [-83.275056, 42.380928], [-83.275138, 42.380925], [-83.275449, 42.380906], [-83.27532, 42.379413], [-83.275312, 42.37851], [-83.275309, 42.378428], [-83.274999, 42.378433], [-83.268433, 42.378535], [-83.267071, 42.378587], [-83.266659, 42.378604], [-83.261104, 42.378822], [-83.255852, 42.378916], [-83.255864, 42.378852], [-83.255961, 42.37874], [-83.256089, 42.378508], [-83.25626, 42.378305], [-83.256323, 42.378126], [-83.256336, 42.377889], [-83.256001, 42.377541], [-83.255462, 42.377121], [-83.255063, 42.376709], [-83.254059, 42.375928], [-83.253387, 42.37559], [-83.252182, 42.375239], [-83.251371, 42.375183], [-83.250802, 42.375175], [-83.250406, 42.375104], [-83.249833, 42.375173], [-83.249115, 42.375428], [-83.248379, 42.375883], [-83.248112, 42.375957], [-83.247973, 42.375873], [-83.247626, 42.375295], [-83.247475, 42.374777], [-83.247718, 42.374109], [-83.248165, 42.373749], [-83.248884, 42.373449], [-83.250241, 42.373684], [-83.250898, 42.373808], [-83.251577, 42.373945], [-83.251965, 42.373964], [-83.252598, 42.373933], [-83.253325, 42.373821], [-83.254168, 42.373571], [-83.254596, 42.373315], [-83.25492, 42.373017], [-83.255428, 42.372393], [-83.255543, 42.372058], [-83.255488, 42.371693], [-83.250563, 42.371765], [-83.246228, 42.371829], [-83.246144, 42.369479], [-83.246052, 42.366971], [-83.245963, 42.364643], [-83.245947, 42.364559], [-83.24726, 42.36454], [-83.247169, 42.362682], [-83.247079, 42.3609], [-83.246987, 42.359119], [-83.24688, 42.357364], [-83.246968, 42.357363], [-83.250313, 42.357309], [-83.250296, 42.356809], [-83.250314, 42.356694], [-83.250347, 42.356605], [-83.250382, 42.356541], [-83.250426, 42.356478], [-83.251229, 42.355439], [-83.251333, 42.355294], [-83.25142, 42.355151], [-83.251492, 42.355003], [-83.25155, 42.354851], [-83.251594, 42.354697], [-83.251623, 42.354529], [-83.251635, 42.354328], [-83.251622, 42.354128], [-83.251594, 42.353969], [-83.251538, 42.353774], [-83.251458, 42.353582], [-83.251356, 42.353397], [-83.251252, 42.353253], [-83.25123, 42.353165], [-83.251225, 42.353075], [-83.251236, 42.352986], [-83.251264, 42.352898], [-83.251296, 42.352835], [-83.251351, 42.352755], [-83.251421, 42.352682], [-83.251504, 42.352617], [-83.251989, 42.352325], [-83.251827, 42.352182], [-83.251622, 42.351945], [-83.251651, 42.351736], [-83.251867, 42.351234], [-83.251818, 42.350992], [-83.251664, 42.350774], [-83.251406, 42.350584], [-83.250769, 42.350327], [-83.250393, 42.350279], [-83.250234, 42.350369], [-83.250085, 42.350591], [-83.25018, 42.350946], [-83.250167, 42.351071], [-83.249929, 42.35154], [-83.249289, 42.35147], [-83.248443, 42.35105], [-83.248225, 42.350686], [-83.247848, 42.35015], [-83.247825, 42.35011], [-83.247304, 42.349166], [-83.247393, 42.348404], [-83.247273, 42.347879], [-83.247043, 42.347324], [-83.246803, 42.347067], [-83.246551, 42.346723], [-83.246503, 42.346452], [-83.246723, 42.346186], [-83.247421, 42.345066], [-83.24789, 42.344595], [-83.248544, 42.344104], [-83.249478, 42.343932], [-83.249815, 42.343995], [-83.250019, 42.343924], [-83.250084, 42.343757], [-83.249928, 42.343473], [-83.249369, 42.343017], [-83.249148, 42.342707], [-83.248867, 42.342397], [-83.252167, 42.342034], [-83.252412, 42.342008], [-83.253623, 42.341893], [-83.253839, 42.341874], [-83.254857, 42.341832], [-83.256078, 42.341797], [-83.257288, 42.341763], [-83.258514, 42.341732], [-83.25977, 42.341705], [-83.260817, 42.341697], [-83.260986, 42.3417], [-83.262238, 42.341729], [-83.262466, 42.341733], [-83.263186, 42.341714], [-83.264449, 42.341038], [-83.264325, 42.341163], [-83.264157, 42.341417], [-83.264045, 42.341691], [-83.264022, 42.341749], [-83.263986, 42.342058], [-83.263987, 42.342152], [-83.264106, 42.342584], [-83.264107, 42.342585], [-83.26425, 42.342795], [-83.264353, 42.343089], [-83.26439, 42.343324], [-83.264342, 42.343572], [-83.264416, 42.344377], [-83.264612, 42.3463], [-83.264864, 42.34893], [-83.265144, 42.35173], [-83.265334, 42.353539], [-83.265493, 42.35507], [-83.265656, 42.357055], [-83.265987, 42.357046], [-83.266106, 42.357043], [-83.266468, 42.357044], [-83.267177, 42.357031], [-83.267658, 42.357026], [-83.268199, 42.35702], [-83.268877, 42.357002], [-83.269419, 42.356992], [-83.270115, 42.356978], [-83.270647, 42.356966], [-83.271352, 42.356951], [-83.271875, 42.35694], [-83.272569, 42.356929], [-83.273064, 42.35692], [-83.273789, 42.356907], [-83.274343, 42.356887], [-83.274827, 42.356873], [-83.275475, 42.356857], [-83.27619, 42.356843], [-83.276647, 42.356833], [-83.277406, 42.356816], [-83.277956, 42.356801], [-83.278626, 42.356783], [-83.279796, 42.356751], [-83.280418, 42.356734], [-83.280772, 42.356724], [-83.281403, 42.356707], [-83.282337, 42.356682], [-83.283024, 42.356663], [-83.284, 42.356637], [-83.284358, 42.356627], [-83.285001, 42.356611], [-83.285579, 42.356596], [-83.285992, 42.356586]]]}, "properties": {"ZCTA5": "48239", "total_n_nonNAP": 14, "achieved_n": 13, "reconveyed_n": 1, "closed_n": 14, "reconveyance_rate_pct": 7.1, "in_progress_n": 0, "at_risk_n": 0, "at_risk_pct": null, "tax_delinquent_pct": null, "median_days_to_compliance": 374}}, {"type": "Feature", "geometry": {"type": "Polygon", "coordinates": [[[-83.105906, 42.393101], [-83.105462, 42.392489], [-83.104891, 42.391693], [-83.104415, 42.39103], [-83.104337, 42.390932], [-83.103719, 42.390142], [-83.103553, 42.389931], [-83.103335, 42.389644], [-83.103164, 42.389393], [-83.103009, 42.389152], [-83.102943, 42.38905], [-83.102593, 42.388551], [-83.102524, 42.388452], [-83.102278, 42.388084], [-83.102085, 42.388276], [-83.100588, 42.388814], [-83.10051, 42.388699], [-83.100382, 42.388471], [-83.0999, 42.387717], [-83.099198, 42.386683], [-83.098667, 42.385898], [-83.098072, 42.385021], [-83.097565, 42.384275], [-83.097504, 42.384184], [-83.098247, 42.383916], [-83.098272, 42.383913], [-83.098295, 42.383919], [-83.098386, 42.383977], [-83.098701, 42.383864], [-83.098591, 42.383799], [-83.098501, 42.383755], [-83.097957, 42.383446], [-83.097539, 42.383261], [-83.097026, 42.383073], [-83.096593, 42.382935], [-83.096468, 42.382895], [-83.095007, 42.382506], [-83.094653, 42.382412], [-83.094892, 42.38232], [-83.095257, 42.382414], [-83.095249, 42.382205], [-83.095387, 42.382161], [-83.095479, 42.38213], [-83.095314, 42.382015], [-83.094157, 42.381546], [-83.095399, 42.381099], [-83.094806, 42.380235], [-83.094215, 42.379371], [-83.093619, 42.378499], [-83.093114, 42.377747], [-83.093103, 42.377712], [-83.093085, 42.377675], [-83.092834, 42.377306], [-83.092547, 42.3769], [-83.092377, 42.376654], [-83.091508, 42.375362], [-83.091078, 42.374725], [-83.09065, 42.37409], [-83.090219, 42.373454], [-83.090001, 42.373134], [-83.089765, 42.372776], [-83.08916, 42.371875], [-83.088898, 42.371307], [-83.090213, 42.370808], [-83.089855, 42.370249], [-83.087639, 42.371055], [-83.087621, 42.371007], [-83.087454, 42.370758], [-83.087294, 42.37052], [-83.086826, 42.369781], [-83.086443, 42.369403], [-83.086503, 42.369381], [-83.087608, 42.368968], [-83.088729, 42.368546], [-83.088218, 42.367785], [-83.086601, 42.36539], [-83.087687, 42.364981], [-83.08874, 42.364583], [-83.089802, 42.36418], [-83.090237, 42.363906], [-83.090607, 42.363907], [-83.090791, 42.363857], [-83.091122, 42.363732], [-83.091338, 42.364122], [-83.09137, 42.364222], [-83.091383, 42.364348], [-83.091398, 42.364578], [-83.091466, 42.364891], [-83.091528, 42.364991], [-83.09172, 42.364925], [-83.093574, 42.364236], [-83.092837, 42.363092], [-83.093329, 42.36292], [-83.093933, 42.36271], [-83.0946, 42.362447], [-83.097241, 42.361464], [-83.097557, 42.361957], [-83.099431, 42.36136], [-83.100422, 42.360977], [-83.101894, 42.360278], [-83.103061, 42.359621], [-83.103639, 42.359463], [-83.105865, 42.358744], [-83.107401, 42.358268], [-83.109068, 42.35747], [-83.109514, 42.358139], [-83.110522, 42.357762], [-83.110588, 42.357729], [-83.110649, 42.357691], [-83.110737, 42.357616], [-83.110926, 42.35741], [-83.112246, 42.357944], [-83.112395, 42.358005], [-83.1124, 42.358156], [-83.112807, 42.358769], [-83.113287, 42.359482], [-83.113771, 42.360196], [-83.114254, 42.36091], [-83.114736, 42.361623], [-83.11524, 42.362366], [-83.115732, 42.363094], [-83.116207, 42.363795], [-83.116683, 42.364497], [-83.117161, 42.365202], [-83.117639, 42.365908], [-83.118119, 42.366615], [-83.118574, 42.367284], [-83.119018, 42.367941], [-83.119464, 42.368598], [-83.119928, 42.369282], [-83.120254, 42.369158], [-83.121359, 42.370776], [-83.122364, 42.372258], [-83.123467, 42.37388], [-83.124883, 42.37597], [-83.125339, 42.376641], [-83.125792, 42.377313], [-83.126246, 42.377985], [-83.126698, 42.378656], [-83.127151, 42.379327], [-83.127606, 42.379999], [-83.12805, 42.380657], [-83.128497, 42.381314], [-83.128938, 42.38197], [-83.129334, 42.382562], [-83.129857, 42.383337], [-83.130146, 42.383767], [-83.130427, 42.384184], [-83.127838, 42.385234], [-83.127568, 42.384826], [-83.124154, 42.386119], [-83.121464, 42.387138], [-83.118757, 42.388164], [-83.115386, 42.389441], [-83.112215, 42.390642], [-83.110401, 42.391331], [-83.110375, 42.391894], [-83.1102, 42.39196], [-83.110127, 42.391854], [-83.107836, 42.392686], [-83.106613, 42.393127], [-83.106582, 42.393145], [-83.106565, 42.393166], [-83.106268, 42.393295], [-83.107384, 42.394826], [-83.107214, 42.394887], [-83.106881, 42.395007], [-83.106734, 42.39505], [-83.106286, 42.394122], [-83.106284, 42.39399], [-83.106201, 42.393751], [-83.106115, 42.393561], [-83.105906, 42.393101]]]}, "properties": {"ZCTA5": "48206", "total_n_nonNAP": 1107, "achieved_n": 628, "reconveyed_n": 260, "closed_n": 888, "reconveyance_rate_pct": 29.3, "in_progress_n": 219, "at_risk_n": 65, "at_risk_pct": 29.7, "tax_delinquent_pct": 56.2, "median_days_to_compliance": 719.5}}, {"type": "Feature", "geometry": {"type": "Polygon", "coordinates": [[[-83.131679, 42.410053], [-83.131315, 42.410062], [-83.130702, 42.410078], [-83.130082, 42.410089], [-83.129726, 42.410099], [-83.128924, 42.410123], [-83.128748, 42.410127], [-83.127807, 42.410154], [-83.127689, 42.410155], [-83.126654, 42.410174], [-83.126426, 42.41018], [-83.125419, 42.410203], [-83.125218, 42.410209], [-83.123987, 42.410236], [-83.122763, 42.410264], [-83.122085, 42.410279], [-83.121554, 42.410292], [-83.120456, 42.410316], [-83.119478, 42.410338], [-83.118529, 42.41036], [-83.117524, 42.410383], [-83.117146, 42.410391], [-83.11682, 42.409899], [-83.116486, 42.409394], [-83.116414, 42.408323], [-83.116396, 42.408041], [-83.115758, 42.408137], [-83.115744, 42.408183], [-83.11571, 42.408221], [-83.114011, 42.405795], [-83.115609, 42.405206], [-83.115544, 42.403935], [-83.11551, 42.403837], [-83.115455, 42.403748], [-83.114252, 42.404274], [-83.113309, 42.404673], [-83.113273, 42.404616], [-83.113233, 42.404554], [-83.113192, 42.404493], [-83.112156, 42.403121], [-83.112089, 42.403031], [-83.111572, 42.402288], [-83.111118, 42.401635], [-83.110671, 42.400971], [-83.11021, 42.400291], [-83.109836, 42.39974], [-83.108752, 42.400143], [-83.107685, 42.400532], [-83.107625, 42.400447], [-83.107158, 42.399789], [-83.108694, 42.398984], [-83.108921, 42.398919], [-83.109102, 42.398885], [-83.10925, 42.39888], [-83.109212, 42.398863], [-83.109119, 42.398749], [-83.109041, 42.398615], [-83.109048, 42.398585], [-83.108912, 42.398386], [-83.108886, 42.398348], [-83.108706, 42.398085], [-83.108563, 42.397876], [-83.108551, 42.397849], [-83.107962, 42.396969], [-83.107134, 42.39574], [-83.106734, 42.39505], [-83.106881, 42.395007], [-83.107214, 42.394887], [-83.107384, 42.394826], [-83.106268, 42.393295], [-83.106565, 42.393166], [-83.106582, 42.393145], [-83.106613, 42.393127], [-83.107836, 42.392686], [-83.110127, 42.391854], [-83.1102, 42.39196], [-83.110375, 42.391894], [-83.110401, 42.391331], [-83.112215, 42.390642], [-83.115386, 42.389441], [-83.118757, 42.388164], [-83.121464, 42.387138], [-83.124154, 42.386119], [-83.127568, 42.384826], [-83.127838, 42.385234], [-83.130427, 42.384184], [-83.130146, 42.383767], [-83.132006, 42.38304], [-83.135153, 42.381811], [-83.135566, 42.38224], [-83.136001, 42.382076], [-83.136312, 42.381555], [-83.139285, 42.380388], [-83.139303, 42.380821], [-83.139317, 42.381185], [-83.139842, 42.381169], [-83.140386, 42.381157], [-83.141477, 42.381136], [-83.142563, 42.381114], [-83.143694, 42.381092], [-83.14399, 42.381086], [-83.144206, 42.381081], [-83.145062, 42.381064], [-83.145177, 42.381062], [-83.146175, 42.381042], [-83.146452, 42.381036], [-83.146637, 42.381033], [-83.146963, 42.381026], [-83.147196, 42.381022], [-83.147428, 42.381017], [-83.148116, 42.381003], [-83.149049, 42.380983], [-83.149573, 42.380972], [-83.150595, 42.380946], [-83.15168, 42.38092], [-83.152816, 42.380892], [-83.153904, 42.380865], [-83.154872, 42.38084], [-83.155857, 42.380815], [-83.15684, 42.380791], [-83.157821, 42.380766], [-83.158834, 42.380739], [-83.159919, 42.380712], [-83.160331, 42.3807], [-83.160454, 42.380702], [-83.160988, 42.380683], [-83.162045, 42.380655], [-83.163098, 42.380628], [-83.164131, 42.380603], [-83.164227, 42.380601], [-83.16523, 42.380573], [-83.165458, 42.380567], [-83.166296, 42.380546], [-83.16736, 42.380518], [-83.167915, 42.380504], [-83.168073, 42.38341], [-83.167471, 42.383426], [-83.16752, 42.38473], [-83.168059, 42.384671], [-83.168578, 42.384616], [-83.168589, 42.384927], [-83.168596, 42.385107], [-83.168602, 42.385283], [-83.168609, 42.38547], [-83.168622, 42.385801], [-83.168382, 42.385823], [-83.16809, 42.385842], [-83.168068, 42.385842], [-83.168175, 42.388262], [-83.168721, 42.388248], [-83.168811, 42.390056], [-83.168875, 42.391417], [-83.167817, 42.391438], [-83.166753, 42.391465], [-83.165688, 42.391493], [-83.164622, 42.39152], [-83.163244, 42.391557], [-83.163319, 42.393474], [-83.163302, 42.393715], [-83.163295, 42.393816], [-83.163289, 42.393899], [-83.163556, 42.393823], [-83.163664, 42.393816], [-83.164306, 42.393774], [-83.165201, 42.393708], [-83.16844, 42.393554], [-83.168981, 42.393546], [-83.168987, 42.393675], [-83.169053, 42.395031], [-83.169185, 42.397744], [-83.169224, 42.398553], [-83.169295, 42.400036], [-83.169402, 42.402229], [-83.169492, 42.404041], [-83.169354, 42.404052], [-83.168891, 42.404061], [-83.16842, 42.404072], [-83.168514, 42.405882], [-83.168602, 42.407686], [-83.169078, 42.40769], [-83.169677, 42.407696], [-83.169752, 42.409144], [-83.169768, 42.409535], [-83.169165, 42.409544], [-83.168689, 42.409552], [-83.167637, 42.409572], [-83.166573, 42.409591], [-83.165522, 42.409609], [-83.165387, 42.409611], [-83.165174, 42.409616], [-83.164981, 42.40962], [-83.16477, 42.409625], [-83.164335, 42.409631], [-83.163252, 42.409651], [-83.162163, 42.409671], [-83.161075, 42.40969], [-83.160004, 42.409707], [-83.158931, 42.409718], [-83.157835, 42.409731], [-83.156741, 42.409741], [-83.15565, 42.409753], [-83.154592, 42.409764], [-83.15364, 42.409773], [-83.153354, 42.409776], [-83.152648, 42.409783], [-83.152152, 42.409787], [-83.150955, 42.409798], [-83.150799, 42.4098], [-83.149782, 42.40981], [-83.148837, 42.40982], [-83.148642, 42.409822], [-83.14786, 42.409831], [-83.1475, 42.409835], [-83.14688, 42.409842], [-83.146325, 42.409847], [-83.145904, 42.409851], [-83.144855, 42.409861], [-83.143781, 42.409871], [-83.142706, 42.409881], [-83.141631, 42.409891], [-83.140537, 42.409904], [-83.139496, 42.409923], [-83.138545, 42.40994], [-83.138366, 42.409943], [-83.137564, 42.409958], [-83.13727, 42.409963], [-83.136585, 42.409976], [-83.136174, 42.409984], [-83.135603, 42.409994], [-83.134977, 42.410005], [-83.134617, 42.410004], [-83.133755, 42.410015], [-83.133628, 42.410016], [-83.132653, 42.41003], [-83.132519, 42.410033], [-83.131679, 42.410053]]]}, "properties": {"ZCTA5": "48238", "total_n_nonNAP": 1338, "achieved_n": 786, "reconveyed_n": 271, "closed_n": 1057, "reconveyance_rate_pct": 25.6, "in_progress_n": 281, "at_risk_n": 88, "at_risk_pct": 31.3, "tax_delinquent_pct": 59.8, "median_days_to_compliance": 665}}, {"type": "Feature", "geometry": {"type": "Polygon", "coordinates": [[[-83.04757, 42.447664], [-83.046554, 42.447689], [-83.046472, 42.447691], [-83.04618, 42.447701], [-83.045485, 42.447724], [-83.045398, 42.447727], [-83.044282, 42.447765], [-83.044119, 42.447768], [-83.043961, 42.447772], [-83.043956, 42.447772], [-83.043946, 42.447772], [-83.043426, 42.447785], [-83.042895, 42.447798], [-83.042272, 42.447814], [-83.042193, 42.447816], [-83.04194, 42.447822], [-83.040188, 42.447861], [-83.039417, 42.447874], [-83.039364, 42.447875], [-83.037046, 42.447928], [-83.037044, 42.447928], [-83.036621, 42.447929], [-83.034713, 42.447935], [-83.034519, 42.447936], [-83.034516, 42.447936], [-83.033304, 42.447957], [-83.032739, 42.447972], [-83.032666, 42.447974], [-83.032096, 42.447988], [-83.030827, 42.448016], [-83.030618, 42.448021], [-83.029631, 42.448045], [-83.029558, 42.448047], [-83.028406, 42.448075], [-83.028392, 42.448075], [-83.027583, 42.448095], [-83.027542, 42.448096], [-83.027184, 42.448103], [-83.026775, 42.448113], [-83.025961, 42.448131], [-83.024745, 42.448159], [-83.023613, 42.448188], [-83.023599, 42.448188], [-83.022812, 42.44821], [-83.022555, 42.448217], [-83.022354, 42.448222], [-83.021938, 42.448233], [-83.021499, 42.448246], [-83.021478, 42.448247], [-83.019842, 42.448296], [-83.019719, 42.4483], [-83.017581, 42.448364], [-83.017424, 42.448369], [-83.016866, 42.448386], [-83.016239, 42.448402], [-83.016076, 42.448406], [-83.015318, 42.448426], [-83.014908, 42.448436], [-83.014374, 42.44845], [-83.014173, 42.448455], [-83.013115, 42.448481], [-83.012914, 42.448486], [-83.012489, 42.448496], [-83.012445, 42.448497], [-83.011011, 42.448532], [-83.010798, 42.448537], [-83.010732, 42.44854], [-83.01008, 42.448566], [-83.0093, 42.448607], [-83.00761, 42.448706], [-83.007372, 42.448719], [-83.007274, 42.448725], [-83.006945, 42.448742], [-83.006272, 42.448776], [-83.006073, 42.448784], [-83.005885, 42.448792], [-83.005497, 42.448807], [-83.005341, 42.448813], [-83.005266, 42.448816], [-83.007673, 42.445496], [-83.009535, 42.443097], [-83.010053, 42.442385], [-83.01065, 42.441658], [-83.009149, 42.441557], [-83.008081, 42.441584], [-83.007045, 42.441612], [-83.00601, 42.441639], [-83.00505, 42.441663], [-83.004963, 42.441681], [-83.004904, 42.440096], [-83.004849, 42.438676], [-83.005344, 42.438662], [-83.005262, 42.436453], [-83.005187, 42.434414], [-83.005777, 42.434401], [-83.005875, 42.434402], [-83.005797, 42.432604], [-83.005122, 42.432625], [-83.005129, 42.430822], [-83.004959, 42.429007], [-83.005629, 42.428991], [-83.005545, 42.427198], [-83.004791, 42.427216], [-83.004318, 42.427228], [-83.004242, 42.425407], [-83.004789, 42.425393], [-83.004824, 42.424156], [-83.004812, 42.423816], [-83.005379, 42.423803], [-83.005295, 42.422158], [-83.004755, 42.422173], [-83.004649, 42.419937], [-83.005203, 42.419938], [-83.006462, 42.419902], [-83.007688, 42.419865], [-83.00894, 42.419826], [-83.009376, 42.419813], [-83.010408, 42.419781], [-83.010378, 42.419408], [-83.010363, 42.419364], [-83.010334, 42.419316], [-83.009038, 42.418124], [-83.010138, 42.417727], [-83.011836, 42.419294], [-83.01186, 42.419361], [-83.011884, 42.419738], [-83.013318, 42.419693], [-83.013717, 42.419681], [-83.018031, 42.419589], [-83.019453, 42.419559], [-83.019344, 42.419535], [-83.019228, 42.419459], [-83.019153, 42.419391], [-83.018696, 42.418905], [-83.017895, 42.41806], [-83.017587, 42.417745], [-83.016754, 42.416889], [-83.015606, 42.415718], [-83.01501, 42.415105], [-83.014468, 42.414541], [-83.013875, 42.413916], [-83.01326, 42.413255], [-83.012958, 42.412928], [-83.012662, 42.412596], [-83.012073, 42.411934], [-83.011899, 42.411738], [-83.010647, 42.410421], [-83.010421, 42.410182], [-83.009542, 42.409312], [-83.008497, 42.408278], [-83.008446, 42.408202], [-83.008425, 42.408154], [-83.008416, 42.408116], [-83.008411, 42.408086], [-83.008424, 42.408028], [-83.008455, 42.407946], [-83.008513, 42.407849], [-83.008559, 42.407795], [-83.008612, 42.407745], [-83.008714, 42.40767], [-83.008832, 42.40761], [-83.015034, 42.405238], [-83.015147, 42.405211], [-83.015199, 42.405206], [-83.017208, 42.405153], [-83.018375, 42.405121], [-83.018287, 42.402754], [-83.018278, 42.402488], [-83.023056, 42.402332], [-83.023, 42.400953], [-83.023468, 42.400968], [-83.027827, 42.400893], [-83.027907, 42.400885], [-83.027953, 42.400874], [-83.027995, 42.400857], [-83.027989, 42.400542], [-83.027978, 42.400181], [-83.027956, 42.399449], [-83.027933, 42.398714], [-83.027899, 42.397674], [-83.028254, 42.397669], [-83.029241, 42.397654], [-83.030223, 42.397637], [-83.031209, 42.397623], [-83.032196, 42.397606], [-83.033223, 42.39759], [-83.034297, 42.397571], [-83.034365, 42.39757], [-83.034708, 42.39756], [-83.034852, 42.397554], [-83.035168, 42.404797], [-83.035473, 42.404788], [-83.037364, 42.404751], [-83.037647, 42.40474], [-83.037738, 42.404717], [-83.037812, 42.404686], [-83.037887, 42.404766], [-83.03788, 42.404937], [-83.037866, 42.405481], [-83.0378, 42.405546], [-83.03759, 42.405778], [-83.03705, 42.4064], [-83.035734, 42.407916], [-83.035346, 42.408395], [-83.035149, 42.40887], [-83.035009, 42.409059], [-83.030021, 42.415813], [-83.029109, 42.417058], [-83.027685, 42.418959], [-83.027302, 42.41943], [-83.026018, 42.421174], [-83.025664, 42.421677], [-83.025441, 42.421979], [-83.024935, 42.422665], [-83.024566, 42.423166], [-83.024284, 42.423595], [-83.023869, 42.423603], [-83.023886, 42.424056], [-83.023898, 42.424399], [-83.023927, 42.425168], [-83.023955, 42.425937], [-83.023984, 42.426735], [-83.027269, 42.426664], [-83.028157, 42.426647], [-83.028137, 42.426208], [-83.028121, 42.425845], [-83.030233, 42.425801], [-83.03025, 42.426179], [-83.03187, 42.426158], [-83.033718, 42.426116], [-83.033702, 42.425727], [-83.033669, 42.424958], [-83.033643, 42.424314], [-83.034273, 42.424303], [-83.035925, 42.424213], [-83.036002, 42.426468], [-83.037274, 42.426439], [-83.038639, 42.426403], [-83.04001, 42.426373], [-83.041342, 42.426342], [-83.042421, 42.426316], [-83.043059, 42.4263], [-83.043007, 42.42535], [-83.042973, 42.424738], [-83.043403, 42.424725], [-83.04513, 42.424677], [-83.045672, 42.42464], [-83.046085, 42.424606], [-83.046512, 42.424564], [-83.046626, 42.424539], [-83.046719, 42.424493], [-83.046796, 42.424444], [-83.046863, 42.42439], [-83.046965, 42.424281], [-83.047005, 42.424219], [-83.047056, 42.424173], [-83.047126, 42.424155], [-83.048317, 42.424154], [-83.051003, 42.424082], [-83.053199, 42.424014], [-83.055337, 42.424002], [-83.057796, 42.423924], [-83.058057, 42.423929], [-83.058167, 42.423953], [-83.058239, 42.42399], [-83.058605, 42.424242], [-83.058658, 42.424283], [-83.058723, 42.424311], [-83.05884, 42.424321], [-83.061365, 42.424293], [-83.061547, 42.424301], [-83.06167, 42.424324], [-83.061788, 42.424377], [-83.061913, 42.424473], [-83.062044, 42.424565], [-83.062172, 42.424615], [-83.062291, 42.424637], [-83.06267, 42.424646], [-83.062698, 42.425772], [-83.062706, 42.425901], [-83.063717, 42.425885], [-83.063882, 42.425882], [-83.064716, 42.425874], [-83.065078, 42.425868], [-83.065705, 42.425859], [-83.066312, 42.425851], [-83.066699, 42.425846], [-83.066682, 42.425096], [-83.067665, 42.42508], [-83.067718, 42.425072], [-83.067993, 42.424967], [-83.068614, 42.425834], [-83.069095, 42.425832], [-83.070078, 42.425821], [-83.070643, 42.425809], [-83.070814, 42.425809], [-83.071058, 42.425808], [-83.071656, 42.425799], [-83.072041, 42.425795], [-83.072803, 42.425786], [-83.073713, 42.425775], [-83.074425, 42.425768], [-83.074718, 42.425764], [-83.075483, 42.425752], [-83.07574, 42.425748], [-83.076465, 42.425737], [-83.076901, 42.425731], [-83.077435, 42.425724], [-83.077978, 42.425719], [-83.078445, 42.425715], [-83.079079, 42.42571], [-83.07951, 42.425708], [-83.08, 42.425703], [-83.080146, 42.425683], [-83.080542, 42.425625], [-83.081507, 42.425487], [-83.082544, 42.42534], [-83.083215, 42.425244], [-83.083334, 42.428259], [-83.08338, 42.430465], [-83.083492, 42.432888], [-83.083445, 42.435351], [-83.083557, 42.437708], [-83.083671, 42.440081], [-83.083786, 42.442486], [-83.083902, 42.444926], [-83.083309, 42.444937], [-83.083361, 42.445974], [-83.083339, 42.446656], [-83.083386, 42.44702], [-83.083393, 42.447153], [-83.081287, 42.447065], [-83.081037, 42.447055], [-83.080163, 42.447066], [-83.079798, 42.44707], [-83.079089, 42.447078], [-83.078733, 42.447082], [-83.077861, 42.447093], [-83.077754, 42.447094], [-83.07691, 42.447104], [-83.07664, 42.447107], [-83.075413, 42.447119], [-83.075073, 42.447123], [-83.074182, 42.447133], [-83.074076, 42.447135], [-83.073609, 42.447142], [-83.073525, 42.447143], [-83.073023, 42.44715], [-83.07284, 42.447152], [-83.072496, 42.447156], [-83.072336, 42.447158], [-83.072037, 42.447162], [-83.07187, 42.447164], [-83.071469, 42.447169], [-83.071431, 42.44717], [-83.071046, 42.447175], [-83.070825, 42.447178], [-83.070582, 42.447181], [-83.070362, 42.447183], [-83.070034, 42.447187], [-83.069942, 42.447188], [-83.06947, 42.447193], [-83.069281, 42.447195], [-83.069025, 42.447197], [-83.068797, 42.4472], [-83.068197, 42.447208], [-83.067992, 42.447211], [-83.067497, 42.447217], [-83.067125, 42.447222], [-83.066941, 42.447224], [-83.066603, 42.447227], [-83.066062, 42.447233], [-83.065926, 42.447234], [-83.065722, 42.447236], [-83.064991, 42.447246], [-83.064936, 42.447247], [-83.063889, 42.447258], [-83.063877, 42.447258], [-83.062839, 42.447288], [-83.062786, 42.447289], [-83.062049, 42.447309], [-83.061678, 42.447318], [-83.061302, 42.447328], [-83.060936, 42.447338], [-83.06039, 42.447352], [-83.059862, 42.447366], [-83.0594, 42.447379], [-83.059312, 42.447381], [-83.058653, 42.447396], [-83.058431, 42.447401], [-83.057455, 42.447425], [-83.057333, 42.447428], [-83.056224, 42.447455], [-83.055926, 42.447462], [-83.054642, 42.447493], [-83.054634, 42.447493], [-83.054057, 42.447507], [-83.053894, 42.447511], [-83.053495, 42.447521], [-83.053474, 42.447521], [-83.052984, 42.447533], [-83.052532, 42.447544], [-83.052417, 42.447547], [-83.052263, 42.447551], [-83.051872, 42.447561], [-83.051496, 42.447571], [-83.051279, 42.447576], [-83.051061, 42.447581], [-83.050728, 42.447589], [-83.050398, 42.447596], [-83.049831, 42.447608], [-83.049726, 42.44761], [-83.048693, 42.44764], [-83.048669, 42.447641], [-83.047616, 42.447663], [-83.04757, 42.447664]]]}, "properties": {"ZCTA5": "48234", "total_n_nonNAP": 1083, "achieved_n": 701, "reconveyed_n": 190, "closed_n": 891, "reconveyance_rate_pct": 21.3, "in_progress_n": 192, "at_risk_n": 59, "at_risk_pct": 30.7, "tax_delinquent_pct": 47.4, "median_days_to_compliance": 622}}, {"type": "Feature", "geometry": {"type": "Polygon", "coordinates": [[[-83.116212, 42.35425], [-83.115973, 42.354339], [-83.11481, 42.354774], [-83.113635, 42.355212], [-83.112482, 42.355685], [-83.111649, 42.355732], [-83.111405, 42.355531], [-83.111613, 42.355605], [-83.111631, 42.355608], [-83.111615, 42.35391], [-83.111468, 42.351937], [-83.111571, 42.349955], [-83.111431, 42.347984], [-83.110475, 42.348001], [-83.110399, 42.347884], [-83.111184, 42.347314], [-83.111229, 42.347289], [-83.110802, 42.346706], [-83.11061, 42.346514], [-83.110005, 42.346768], [-83.109655, 42.346899], [-83.109573, 42.346795], [-83.109434, 42.346607], [-83.110033, 42.346338], [-83.110359, 42.346181], [-83.110605, 42.346062], [-83.111164, 42.345771], [-83.111622, 42.345513], [-83.11106, 42.344737], [-83.109394, 42.344768], [-83.108627, 42.343703], [-83.107773, 42.342525], [-83.10695, 42.341389], [-83.104913, 42.338583], [-83.104864, 42.338529], [-83.104126, 42.338818], [-83.103753, 42.338977], [-83.102533, 42.337264], [-83.103396, 42.336922], [-83.103632, 42.336832], [-83.103213, 42.336249], [-83.102312, 42.334999], [-83.101193, 42.335426], [-83.100564, 42.334557], [-83.100272, 42.334156], [-83.09996, 42.333727], [-83.099763, 42.333433], [-83.099585, 42.333174], [-83.098583, 42.331777], [-83.098448, 42.331547], [-83.098481, 42.331411], [-83.098536, 42.331264], [-83.096796, 42.331271], [-83.096529, 42.330893], [-83.094632, 42.328257], [-83.09396, 42.327272], [-83.093937, 42.32723], [-83.09423, 42.327169], [-83.095616, 42.326995], [-83.097763, 42.326726], [-83.098054, 42.326684], [-83.10019, 42.326356], [-83.100145, 42.326292], [-83.102067, 42.325924], [-83.10453, 42.32549], [-83.105156, 42.325356], [-83.105623, 42.325201], [-83.105927, 42.32509], [-83.106222, 42.324939], [-83.10641, 42.324809], [-83.106575, 42.324703], [-83.10669, 42.324556], [-83.106747, 42.324635], [-83.107012, 42.325025], [-83.107145, 42.325227], [-83.107218, 42.325225], [-83.1123, 42.324429], [-83.112712, 42.324364], [-83.11382, 42.32422], [-83.11518, 42.324014], [-83.115664, 42.323909], [-83.116227, 42.32346], [-83.11727, 42.323298], [-83.121617, 42.322624], [-83.126366, 42.32203], [-83.126436, 42.322024], [-83.130668, 42.321412], [-83.130982, 42.321841], [-83.131368, 42.322383], [-83.132553, 42.322019], [-83.133078, 42.321822], [-83.133216, 42.321765], [-83.133935, 42.321528], [-83.134944, 42.321289], [-83.135011, 42.321279], [-83.135761, 42.321145], [-83.136263, 42.321089], [-83.136839, 42.321126], [-83.137602, 42.321], [-83.138631, 42.320842], [-83.14354, 42.320103], [-83.143959, 42.320046], [-83.144648, 42.319962], [-83.146264, 42.319728], [-83.146488, 42.319705], [-83.147038, 42.31963], [-83.147135, 42.319753], [-83.149431, 42.322897], [-83.152942, 42.327736], [-83.153209, 42.328087], [-83.155005, 42.327654], [-83.155354, 42.328138], [-83.1561, 42.327934], [-83.156594, 42.327798], [-83.156631, 42.327952], [-83.156646, 42.328163], [-83.156674, 42.32856], [-83.15668, 42.328731], [-83.156687, 42.328909], [-83.156716, 42.329522], [-83.156737, 42.329925], [-83.156854, 42.333943], [-83.156981, 42.336961], [-83.156486, 42.336949], [-83.155822, 42.336983], [-83.155109, 42.337055], [-83.154521, 42.33715], [-83.153713, 42.337333], [-83.152967, 42.337566], [-83.152425, 42.337796], [-83.151926, 42.338052], [-83.151295, 42.338412], [-83.150814, 42.338784], [-83.150124, 42.339601], [-83.149743, 42.340019], [-83.149411, 42.34059], [-83.149197, 42.341072], [-83.14908, 42.341535], [-83.148927, 42.342299], [-83.148771, 42.343073], [-83.148764, 42.343109], [-83.148607, 42.343853], [-83.148431, 42.344688], [-83.147956, 42.347404], [-83.147713, 42.349141], [-83.147545, 42.349918], [-83.147592, 42.350753], [-83.147654, 42.351194], [-83.147667, 42.351275], [-83.147684, 42.35156], [-83.147736, 42.351916], [-83.147079, 42.351929], [-83.146249, 42.351946], [-83.146021, 42.35195], [-83.145242, 42.351965], [-83.144963, 42.35197], [-83.14425, 42.351985], [-83.143905, 42.351992], [-83.143188, 42.352006], [-83.142798, 42.352014], [-83.142125, 42.352028], [-83.141739, 42.352035], [-83.14106, 42.352049], [-83.140728, 42.352056], [-83.139997, 42.35207], [-83.139715, 42.352076], [-83.138246, 42.352101], [-83.137143, 42.352092], [-83.135703, 42.352072], [-83.134582, 42.352052], [-83.133506, 42.352031], [-83.13219, 42.352006], [-83.13208, 42.352004], [-83.12976, 42.35196], [-83.128247, 42.351928], [-83.127029, 42.351906], [-83.125659, 42.351882], [-83.124381, 42.35186], [-83.123124, 42.351838], [-83.122713, 42.351825], [-83.122661, 42.35183], [-83.122573, 42.351859], [-83.121433, 42.352294], [-83.121315, 42.352338], [-83.120444, 42.352665], [-83.119351, 42.353074], [-83.118394, 42.353432], [-83.117301, 42.35384], [-83.116212, 42.35425]]]}, "properties": {"ZCTA5": "48210", "total_n_nonNAP": 699, "achieved_n": 563, "reconveyed_n": 58, "closed_n": 621, "reconveyance_rate_pct": 9.3, "in_progress_n": 78, "at_risk_n": 15, "at_risk_pct": 19.2, "tax_delinquent_pct": 47.4, "median_days_to_compliance": 699}}, {"type": "Feature", "geometry": {"type": "Polygon", "coordinates": [[[-83.081276, 42.35892], [-83.082068, 42.360299], [-83.082208, 42.360543], [-83.082375, 42.360836], [-83.082574, 42.361191], [-83.083057, 42.362052], [-83.083111, 42.362127], [-83.083161, 42.362168], [-83.083198, 42.362173], [-83.083212, 42.362176], [-83.083259, 42.362174], [-83.083601, 42.36207], [-83.083396, 42.363001], [-83.083487, 42.363012], [-83.084606, 42.363149], [-83.085115, 42.363211], [-83.085699, 42.363283], [-83.086511, 42.363383], [-83.087483, 42.363503], [-83.088062, 42.363574], [-83.087988, 42.363628], [-83.086059, 42.364353], [-83.085408, 42.364598], [-83.085228, 42.365418], [-83.085227, 42.365454], [-83.085234, 42.36549], [-83.085249, 42.365524], [-83.085346, 42.365644], [-83.085483, 42.36581], [-83.086601, 42.36539], [-83.088218, 42.367785], [-83.088729, 42.368546], [-83.087608, 42.368968], [-83.086503, 42.369381], [-83.086443, 42.369403], [-83.086826, 42.369781], [-83.087294, 42.37052], [-83.087454, 42.370758], [-83.087621, 42.371007], [-83.087639, 42.371055], [-83.089855, 42.370249], [-83.090213, 42.370808], [-83.088898, 42.371307], [-83.08916, 42.371875], [-83.089765, 42.372776], [-83.090001, 42.373134], [-83.090219, 42.373454], [-83.09065, 42.37409], [-83.091078, 42.374725], [-83.091508, 42.375362], [-83.092377, 42.376654], [-83.092547, 42.3769], [-83.092834, 42.377306], [-83.093085, 42.377675], [-83.093103, 42.377712], [-83.093114, 42.377747], [-83.093619, 42.378499], [-83.094215, 42.379371], [-83.094806, 42.380235], [-83.095399, 42.381099], [-83.094157, 42.381546], [-83.095314, 42.382015], [-83.095479, 42.38213], [-83.095387, 42.382161], [-83.095249, 42.382205], [-83.095257, 42.382414], [-83.094892, 42.38232], [-83.094653, 42.382412], [-83.095007, 42.382506], [-83.096468, 42.382895], [-83.096593, 42.382935], [-83.097026, 42.383073], [-83.097539, 42.383261], [-83.097957, 42.383446], [-83.098501, 42.383755], [-83.098591, 42.383799], [-83.098701, 42.383864], [-83.098386, 42.383977], [-83.098295, 42.383919], [-83.098272, 42.383913], [-83.098247, 42.383916], [-83.097504, 42.384184], [-83.097565, 42.384275], [-83.098072, 42.385021], [-83.098667, 42.385898], [-83.099198, 42.386683], [-83.0999, 42.387717], [-83.100382, 42.388471], [-83.10051, 42.388699], [-83.100588, 42.388814], [-83.097727, 42.389843], [-83.094678, 42.39094], [-83.091773, 42.391985], [-83.088665, 42.393102], [-83.085657, 42.394228], [-83.082691, 42.395356], [-83.07997, 42.39639], [-83.079728, 42.396482], [-83.079474, 42.396025], [-83.079348, 42.395819], [-83.078967, 42.395236], [-83.078547, 42.394606], [-83.07843, 42.394431], [-83.077964, 42.39375], [-83.077879, 42.393652], [-83.077642, 42.393399], [-83.07748, 42.393211], [-83.077438, 42.393141], [-83.077407, 42.393026], [-83.077274, 42.392871], [-83.077216, 42.392777], [-83.077161, 42.392685], [-83.076688, 42.391979], [-83.076369, 42.391498], [-83.076002, 42.390959], [-83.075906, 42.390821], [-83.075465, 42.390191], [-83.075186, 42.389727], [-83.075093, 42.389585], [-83.074461, 42.388644], [-83.074187, 42.388233], [-83.073807, 42.387664], [-83.073248, 42.386826], [-83.072749, 42.386079], [-83.072239, 42.385312], [-83.071646, 42.384427], [-83.07116, 42.383704], [-83.070644, 42.382941], [-83.07009, 42.382122], [-83.069545, 42.381313], [-83.069002, 42.38051], [-83.068478, 42.379734], [-83.067974, 42.378986], [-83.06745, 42.37821], [-83.066893, 42.377385], [-83.066573, 42.376913], [-83.066274, 42.376467], [-83.065742, 42.375683], [-83.065497, 42.375334], [-83.065418, 42.375209], [-83.065152, 42.374808], [-83.064873, 42.374399], [-83.064386, 42.373671], [-83.064275, 42.373517], [-83.064721, 42.373351], [-83.064002, 42.372265], [-83.062933, 42.372642], [-83.062889, 42.37258], [-83.062758, 42.372388], [-83.062164, 42.371489], [-83.062108, 42.371404], [-83.061131, 42.369937], [-83.063238, 42.369167], [-83.062921, 42.36869], [-83.062841, 42.368585], [-83.062519, 42.368102], [-83.060423, 42.368865], [-83.059188, 42.369309], [-83.059156, 42.369331], [-83.059137, 42.369357], [-83.059129, 42.369391], [-83.059139, 42.369422], [-83.059462, 42.369896], [-83.059807, 42.370418], [-83.059487, 42.370535], [-83.059352, 42.370584], [-83.059194, 42.370641], [-83.058956, 42.370728], [-83.058806, 42.370411], [-83.058549, 42.36986], [-83.058346, 42.369427], [-83.058102, 42.368903], [-83.058023, 42.36873], [-83.057947, 42.36856], [-83.057919, 42.368497], [-83.05768, 42.367999], [-83.057339, 42.367273], [-83.056373, 42.365209], [-83.056244, 42.364937], [-83.055898, 42.363976], [-83.055229, 42.362667], [-83.054655, 42.361516], [-83.054412, 42.361087], [-83.054365, 42.361004], [-83.054241, 42.360835], [-83.054471, 42.360744], [-83.054891, 42.360592], [-83.057067, 42.359802], [-83.057244, 42.359739], [-83.058599, 42.359241], [-83.058689, 42.359204], [-83.059041, 42.35905], [-83.059176, 42.358991], [-83.059841, 42.358661], [-83.061437, 42.35788], [-83.061931, 42.357656], [-83.062088, 42.357591], [-83.062294, 42.357505], [-83.06263, 42.357374], [-83.062974, 42.357225], [-83.063267, 42.357114], [-83.064023, 42.356852], [-83.064287, 42.356785], [-83.064656, 42.35669], [-83.065082, 42.356548], [-83.065279, 42.356455], [-83.066381, 42.356], [-83.066616, 42.355914], [-83.066857, 42.355826], [-83.068869, 42.355188], [-83.071077, 42.354497], [-83.071311, 42.354423], [-83.071407, 42.354592], [-83.071965, 42.355577], [-83.072504, 42.356527], [-83.073269, 42.357873], [-83.073359, 42.358031], [-83.073561, 42.358395], [-83.073623, 42.358524], [-83.073678, 42.358656], [-83.07375, 42.358879], [-83.073828, 42.359219], [-83.073891, 42.359421], [-83.074076, 42.35978], [-83.074205, 42.360005], [-83.074295, 42.360163], [-83.075033, 42.359684], [-83.075321, 42.359504], [-83.076031, 42.35906], [-83.076514, 42.358757], [-83.07729, 42.358271], [-83.078246, 42.35767], [-83.078779, 42.357334], [-83.078916, 42.357255], [-83.079395, 42.356951], [-83.080993, 42.356037], [-83.081117, 42.35625], [-83.080666, 42.35654], [-83.079741, 42.357187], [-83.078998, 42.357708], [-83.080835, 42.358604], [-83.081068, 42.358474], [-83.081308, 42.358498], [-83.081456, 42.35865], [-83.081276, 42.35892]]]}, "properties": {"ZCTA5": "48202", "total_n_nonNAP": 198, "achieved_n": 155, "reconveyed_n": 32, "closed_n": 187, "reconveyance_rate_pct": 17.1, "in_progress_n": 11, "at_risk_n": 3, "at_risk_pct": 27.3, "tax_delinquent_pct": 45.5, "median_days_to_compliance": 704.0}}, {"type": "Feature", "geometry": {"type": "Polygon", "coordinates": [[[-83.170511, 42.440727], [-83.170415, 42.438438], [-83.170992, 42.438433], [-83.170922, 42.436619], [-83.170184, 42.436642], [-83.170233, 42.435447], [-83.170857, 42.434998], [-83.170854, 42.434913], [-83.170846, 42.43471], [-83.170086, 42.434722], [-83.169906, 42.434735], [-83.169759, 42.434827], [-83.169705, 42.433036], [-83.169642, 42.431255], [-83.170294, 42.431251], [-83.170698, 42.431249], [-83.170661, 42.430267], [-83.170646, 42.429855], [-83.170632, 42.429442], [-83.170569, 42.427623], [-83.170095, 42.427634], [-83.169544, 42.427648], [-83.169463, 42.425833], [-83.169978, 42.425824], [-83.169995, 42.425824], [-83.170502, 42.425825], [-83.170438, 42.423993], [-83.170362, 42.422172], [-83.170291, 42.420299], [-83.170204, 42.418493], [-83.170155, 42.417405], [-83.170129, 42.416656], [-83.17011, 42.416566], [-83.170016, 42.414665], [-83.169602, 42.414253], [-83.169383, 42.414035], [-83.169096, 42.413763], [-83.168966, 42.413627], [-83.168837, 42.41349], [-83.168437, 42.413154], [-83.168158, 42.412889], [-83.167195, 42.41198], [-83.165872, 42.410727], [-83.166002, 42.410647], [-83.166635, 42.411195], [-83.167701, 42.412143], [-83.168335, 42.412737], [-83.168342, 42.412744], [-83.169489, 42.413986], [-83.169493, 42.41399], [-83.170004, 42.414418], [-83.169987, 42.414184], [-83.169986, 42.414166], [-83.169982, 42.413954], [-83.169882, 42.411971], [-83.169783, 42.409943], [-83.169768, 42.409535], [-83.170823, 42.409516], [-83.171865, 42.409498], [-83.172902, 42.409474], [-83.174084, 42.409452], [-83.17514, 42.409436], [-83.176221, 42.409418], [-83.177301, 42.409399], [-83.178383, 42.409381], [-83.179466, 42.409361], [-83.180517, 42.409329], [-83.181571, 42.409296], [-83.182624, 42.409264], [-83.183748, 42.40923], [-83.184846, 42.409195], [-83.185846, 42.409163], [-83.18693, 42.40913], [-83.188093, 42.409092], [-83.189233, 42.409055], [-83.190401, 42.409018], [-83.191713, 42.408975], [-83.192949, 42.408937], [-83.194184, 42.408897], [-83.195306, 42.408864], [-83.196563, 42.408826], [-83.197821, 42.408787], [-83.199017, 42.408753], [-83.199055, 42.409652], [-83.200249, 42.409622], [-83.20049, 42.409619], [-83.200453, 42.408719], [-83.201835, 42.408688], [-83.203218, 42.408662], [-83.203226, 42.408869], [-83.203256, 42.409561], [-83.204459, 42.409536], [-83.204423, 42.408655], [-83.205504, 42.40863], [-83.206564, 42.408605], [-83.207665, 42.40858], [-83.20875, 42.408542], [-83.209725, 42.408515], [-83.210699, 42.408495], [-83.211789, 42.408472], [-83.213009, 42.408446], [-83.214202, 42.408427], [-83.214554, 42.408419], [-83.215297, 42.408401], [-83.21639, 42.40838], [-83.216549, 42.408377], [-83.21745, 42.40836], [-83.217895, 42.408353], [-83.218227, 42.408342], [-83.218532, 42.408332], [-83.218713, 42.408328], [-83.218775, 42.40928], [-83.218822, 42.410117], [-83.218862, 42.410846], [-83.218865, 42.411913], [-83.218864, 42.412931], [-83.218872, 42.413755], [-83.218897, 42.415402], [-83.218895, 42.415548], [-83.218712, 42.415553], [-83.218717, 42.416104], [-83.21875, 42.417433], [-83.21882, 42.419073], [-83.218827, 42.419267], [-83.218958, 42.422785], [-83.219071, 42.426381], [-83.219138, 42.427701], [-83.219146, 42.42785], [-83.219154, 42.428317], [-83.219233, 42.43002], [-83.219311, 42.432052], [-83.219332, 42.432604], [-83.219369, 42.433632], [-83.219523, 42.433627], [-83.219729, 42.437234], [-83.21991, 42.437231], [-83.220436, 42.437226], [-83.220543, 42.438953], [-83.220604, 42.440762], [-83.220666, 42.442584], [-83.221243, 42.442582], [-83.221293, 42.443923], [-83.221302, 42.444142], [-83.22015, 42.444166], [-83.219803, 42.444173], [-83.219806, 42.444346], [-83.219721, 42.444348], [-83.219631, 42.444349], [-83.219301, 42.444358], [-83.219293, 42.444358], [-83.21755, 42.444396], [-83.217441, 42.444398], [-83.217091, 42.444407], [-83.216746, 42.444414], [-83.216663, 42.444416], [-83.21614, 42.444429], [-83.215973, 42.444434], [-83.214974, 42.44446], [-83.214442, 42.444475], [-83.214332, 42.444477], [-83.213765, 42.444493], [-83.213609, 42.444495], [-83.212591, 42.444516], [-83.211472, 42.444538], [-83.211368, 42.444539], [-83.210934, 42.444552], [-83.210759, 42.444556], [-83.210637, 42.444558], [-83.210254, 42.444568], [-83.209522, 42.444591], [-83.209113, 42.444601], [-83.207968, 42.444633], [-83.207909, 42.444635], [-83.207845, 42.444636], [-83.206913, 42.444662], [-83.206792, 42.444665], [-83.205897, 42.444689], [-83.205228, 42.444707], [-83.204896, 42.444716], [-83.204666, 42.444722], [-83.204595, 42.444723], [-83.204421, 42.444727], [-83.204164, 42.444735], [-83.204053, 42.444737], [-83.204009, 42.444737], [-83.20381, 42.444741], [-83.203693, 42.444745], [-83.203632, 42.444746], [-83.203558, 42.444748], [-83.203457, 42.44475], [-83.203382, 42.444751], [-83.203345, 42.444752], [-83.203298, 42.444754], [-83.203204, 42.444757], [-83.203182, 42.444756], [-83.203061, 42.444759], [-83.202895, 42.444763], [-83.202853, 42.444764], [-83.20284, 42.444764], [-83.202788, 42.444765], [-83.202681, 42.444768], [-83.20265, 42.444769], [-83.202526, 42.444772], [-83.202268, 42.444777], [-83.201336, 42.444798], [-83.201034, 42.444806], [-83.200972, 42.444809], [-83.200894, 42.444812], [-83.200755, 42.444822], [-83.200567, 42.444836], [-83.200522, 42.444839], [-83.200126, 42.444873], [-83.200068, 42.444878], [-83.200025, 42.444881], [-83.199974, 42.444885], [-83.19993, 42.444889], [-83.199896, 42.444891], [-83.199821, 42.444895], [-83.19978, 42.444898], [-83.199725, 42.444901], [-83.199669, 42.444904], [-83.199623, 42.444907], [-83.199577, 42.444909], [-83.199535, 42.444911], [-83.199478, 42.444914], [-83.19943, 42.444917], [-83.199374, 42.44492], [-83.19929, 42.444925], [-83.19916, 42.44493], [-83.198577, 42.444964], [-83.19839, 42.444975], [-83.198319, 42.444979], [-83.198266, 42.444981], [-83.19811, 42.444988], [-83.197382, 42.445015], [-83.197022, 42.44503], [-83.196833, 42.445038], [-83.196742, 42.445041], [-83.196706, 42.445042], [-83.196656, 42.445044], [-83.196587, 42.445046], [-83.19655, 42.445046], [-83.196496, 42.445046], [-83.196463, 42.445047], [-83.196394, 42.445048], [-83.19632, 42.445049], [-83.196271, 42.44505], [-83.196227, 42.44505], [-83.196173, 42.445051], [-83.196137, 42.445052], [-83.196085, 42.445053], [-83.196022, 42.445054], [-83.195965, 42.445055], [-83.195898, 42.445056], [-83.195851, 42.445057], [-83.195819, 42.445057], [-83.195774, 42.445058], [-83.195713, 42.445059], [-83.195591, 42.44506], [-83.194489, 42.445078], [-83.194373, 42.445079], [-83.193172, 42.445096], [-83.193094, 42.4451], [-83.191931, 42.445123], [-83.190822, 42.445146], [-83.190798, 42.445147], [-83.190751, 42.445148], [-83.189621, 42.44517], [-83.189505, 42.445172], [-83.188295, 42.445195], [-83.188094, 42.4452], [-83.187216, 42.445217], [-83.187057, 42.44522], [-83.185944, 42.445243], [-83.185879, 42.445244], [-83.18474, 42.445271], [-83.184633, 42.445273], [-83.183549, 42.445298], [-83.183431, 42.4453], [-83.183146, 42.445306], [-83.1823, 42.445322], [-83.182222, 42.445323], [-83.181019, 42.445342], [-83.181009, 42.445343], [-83.181005, 42.445343], [-83.178683, 42.44539], [-83.178678, 42.44539], [-83.176735, 42.44543], [-83.176092, 42.445445], [-83.175605, 42.445453], [-83.175536, 42.445455], [-83.174531, 42.445477], [-83.174333, 42.44548], [-83.173543, 42.445496], [-83.173497, 42.445497], [-83.173434, 42.445499], [-83.172617, 42.445515], [-83.17235, 42.445522], [-83.171265, 42.445545], [-83.171258, 42.445399], [-83.170707, 42.445409], [-83.170608, 42.44307], [-83.170511, 42.440727]]]}, "properties": {"ZCTA5": "48235", "total_n_nonNAP": 469, "achieved_n": 373, "reconveyed_n": 46, "closed_n": 419, "reconveyance_rate_pct": 11.0, "in_progress_n": 50, "at_risk_n": 16, "at_risk_pct": 32.0, "tax_delinquent_pct": 56.0, "median_days_to_compliance": 487.0}}]}